451,0,10412
452,0,10412
453,0,10412
454,0,10412
455,0,10412
10394,2,10412
10412,1,5940
10412,1,5941
10412,1,5942
10412,1,5943
10412,1,5944
10412,1,5945
457,0,10413
458,0,10413
459,0,10413
460,0,10413
10394,2,10413
10413,1,5957
10413,1,5958
10413,1,5959
10413,1,5960
10413,1,5961
358,0,10414
364,0,10414
469,0,10414
470,0,10414
471,0,10414
472,0,10414
473,0,10414
10394,2,10414
10414,1,5950
10414,1,6015
10414,1,6016
475,0,10415
480,0,10415
481,0,10415
10394,2,10415
10415,1,6030
10415,1,6031
10415,1,6032
10415,1,6033
496,0,10416
498,0,10416
499,0,10416
500,0,10416
501,0,10416
10394,2,10416
10416,1,6100
10416,1,6101
10416,1,6102
10416,1,6103
10416,1,6104
10416,1,6105
10416,1,6106
514,0,10417
515,0,10417
10394,2,10417
10417,1,5970
10417,1,6070
10417,1,6175
10417,1,6176
10417,1,6177
10417,1,6178
10417,1,6179
10417,1,6180
10417,1,6181
518,0,10418
519,0,10418
10394,2,10418
10418,1,5921
10418,1,5970
10418,1,5991
10418,1,5994
10418,1,6170
10418,1,6192
10418,1,6193
10418,1,6194
10418,1,6195
10418,1,6196
10418,1,6197
10418,3,12254
522,0,10419
523,0,10419
10394,2,10419
10419,1,6192
10419,1,6214
10419,1,6215
10419,1,6216
528,0,10420
529,0,10420
10394,2,10420
10420,1,6201
10420,1,6217
10420,1,6218
535,0,10421
536,0,10421
537,0,10421
10394,2,10421
10421,1,6153
10421,1,6220
10421,1,6227
10421,1,6228
10421,1,6229
538,0,10422
539,0,10422
540,0,10422
541,0,10422
542,0,10422
543,0,10422
544,0,10422
545,0,10422
546,0,10422
547,0,10422
548,0,10422
549,0,10422
550,0,10422
551,0,10422
552,0,10422
553,0,10422
554,0,10422
555,0,10422
556,0,10422
557,0,10422
10394,2,10422
10422,1,6025
10422,1,6230
10422,1,6231
10422,1,6232
10422,1,6233
10422,1,6234
10422,1,6235
10422,1,6236
538,0,10423
539,0,10423
540,0,10423
541,0,10423
544,0,10423
545,0,10423
547,0,10423
548,0,10423
549,0,10423
550,0,10423
552,0,10423
553,0,10423
555,0,10423
558,0,10423
559,0,10423
560,0,10423
561,0,10423
562,0,10423
10394,2,10423
10423,1,6013
10423,1,6053
10423,1,6234
10423,1,6236
10423,1,6490
10423,1,6505
10423,1,6659
10423,1,6813
565,0,10424
10394,2,10424
10424,1,5937
10424,1,6056
10424,1,6079
10424,1,6529
10424,1,6814
10424,1,6815
10424,3,12097
10424,3,12823
10424,3,12112
10424,3,12216
10424,3,12347
579,0,10425
580,0,10425
10394,2,10425
10425,1,5987
10425,1,6121
10425,1,6364
10425,1,6539
10425,1,6837
10425,1,6838
209,0,10426
588,0,10426
10394,2,10426
10426,1,6191
10426,1,6242
10426,1,6842
10426,1,6843
10426,1,6844
592,0,10427
593,0,10427
10394,2,10427
10427,1,6205
10427,1,6239
10427,1,6858
10427,1,6859
594,0,10428
10394,2,10428
10428,1,6084
10428,1,6383
10428,1,6860
559,0,10429
594,0,10429
10394,2,10429
10429,1,6097
10429,1,6118
10429,1,6861
10429,1,6862
10429,1,6863
10429,1,6864
596,0,10430
597,0,10430
10394,2,10430
10430,1,5921
10430,1,5969
10430,1,6142
10430,1,6194
10430,1,6205
10430,1,6868
10430,3,12133
10430,3,12190
596,0,10431
597,0,10431
10394,2,10431
10431,1,5921
10431,1,6337
10431,1,6869
10431,1,6870
10431,3,12133
10431,3,12190
600,0,10432
603,0,10432
604,0,10432
10394,2,10432
10432,1,5970
10432,1,6041
10432,1,6104
10432,1,6116
10432,1,6117
10432,1,6131
10432,1,6153
10432,1,6171
10432,1,6220
10432,1,6488
10432,1,6824
10432,1,6880
600,0,10433
606,0,10433
10394,2,10433
10433,1,6040
10433,1,6845
10433,1,6883
609,0,10434
610,0,10434
10394,2,10434
10434,1,5975
10434,1,6171
10434,1,6282
10434,1,6424
10434,1,6663
10434,1,6885
552,0,10435
611,0,10435
10394,2,10435
10435,1,5970
10435,1,6222
10435,1,6449
10435,1,6743
10435,1,6892
10435,1,6893
10435,1,6894
10435,1,6895
629,0,10436
630,0,10436
631,0,10436
10394,2,10436
10436,1,6106
10436,1,6663
10436,1,6807
10436,1,6876
10436,1,6939
10436,1,6940
624,0,10437
632,0,10437
633,0,10437
634,0,10437
10394,2,10437
10437,1,6663
10437,1,6940
10437,1,6941
502,0,10438
643,0,10438
10394,2,10438
10438,1,5947
10438,1,5950
10438,1,5992
10438,1,6040
10438,1,6265
10438,1,6963
10438,1,6964
459,0,10440
651,0,10440
10394,2,10440
10440,1,6003
10440,1,6833
10440,1,6930
10440,1,6931
10440,1,6970
10440,1,6971
10440,1,6972
94,0,10441
569,0,10441
654,0,10441
10394,2,10441
10441,1,6010
10441,1,6488
10441,1,6974
10441,1,6975
10441,1,6976
10441,1,6977
10441,1,6978
10441,1,6979
46,0,10442
657,0,10442
10394,2,10442
10442,1,5978
10442,1,6100
10442,1,6483
10442,1,6529
10442,1,6814
10442,1,6989
10442,1,6990
10442,3,12220
179,0,10443
628,0,10443
658,0,10443
10394,2,10443
10443,1,5953
10443,1,5970
10443,1,6352
10443,1,6489
10443,1,6517
10443,1,6663
10443,1,6783
10443,1,6972
10443,1,6991
10443,1,6992
10443,1,6993
659,0,10444
660,0,10444
10394,2,10444
10444,1,6054
10444,1,6996
10444,1,6997
10444,1,6998
468,0,10445
645,0,10445
10394,2,10445
10445,1,5921
10445,1,6043
10445,1,6337
10445,1,6612
10445,1,6822
10445,1,6851
10445,1,7015
10445,1,7016
10445,3,12133
663,0,10446
664,0,10446
674,0,10446
675,0,10446
676,0,10446
677,0,10446
678,0,10446
679,0,10446
680,0,10446
681,0,10446
682,0,10446
10394,2,10446
10446,1,5921
10446,1,5996
10446,1,6040
10446,1,6456
663,0,10447
664,0,10447
676,0,10447
10394,2,10447
10447,1,5937
10447,1,6035
10447,1,6097
10447,1,6109
10447,1,6219
10447,1,6400
10447,1,7026
569,0,10448
692,0,10448
10394,2,10448
10448,1,5975
10448,1,6247
10448,1,6607
10448,1,7034
10448,1,7035
10448,3,10461
148,0,10449
693,0,10449
694,0,10449
10394,2,10449
10449,1,6013
10449,1,6796
10449,1,7044
695,0,10450
696,0,10450
697,0,10450
698,0,10450
10394,2,10450
10450,1,5967
10450,1,6041
10450,1,6428
10450,1,6576
10450,1,6934
10450,1,7046
705,0,10451
706,0,10451
707,0,10451
10394,2,10451
10451,1,5921
10451,1,5927
10451,1,6131
10451,1,6203
10451,1,6235
10451,1,6697
10451,1,6737
10451,1,6880
10451,1,7061
10451,3,13087
671,0,10452
708,0,10452
709,0,10452
10394,2,10452
10452,1,5916
10452,1,5925
10452,1,6094
10452,1,6215
10452,1,7062
10452,1,7063
10452,1,7064
602,0,10453
710,0,10453
711,0,10453
712,0,10453
10394,2,10453
10453,1,5998
10453,1,6041
10453,1,6829
10453,1,7065
10453,1,7066
10453,1,7067
483,0,10454
485,0,10454
715,0,10454
716,0,10454
717,0,10454
10394,2,10454
10454,1,7076
10454,1,7077
718,0,10455
719,0,10455
720,0,10455
10394,2,10455
10455,1,5921
10455,1,5927
10455,1,5978
10455,1,6193
10455,1,6305
10455,1,6334
10455,1,6719
10455,1,6948
358,0,10456
364,0,10456
470,0,10456
471,0,10456
472,0,10456
10394,2,10456
10456,1,5941
10456,1,5942
10456,1,5950
10456,1,6187
10456,1,6546
10456,1,7097
10456,3,14386
729,0,10457
10394,2,10457
10457,1,5996
10457,1,6013
10457,1,6889
10457,1,6951
10457,1,7070
10457,1,7099
10457,1,7100
10457,1,7101
10457,1,7102
10457,1,7103
585,0,10458
734,0,10458
10394,2,10458
10458,1,5923
10458,1,5937
10458,1,6090
10458,1,6181
10458,3,12222
736,0,10459
737,0,10459
10394,2,10459
10459,1,6005
10459,1,6087
10459,1,6627
10459,1,7113
10459,1,7114
10459,1,7115
738,0,10460
10394,2,10460
10460,1,5921
10460,1,5992
10460,1,6046
10460,1,6938
10460,1,7116
573,0,10462
747,0,10462
10394,2,10462
10462,1,5923
10462,1,6064
10462,1,6169
10462,1,6222
10462,1,6314
10462,1,7123
756,0,10463
10394,2,10463
10463,1,6055
10463,1,6306
10463,1,6876
10463,1,6934
10463,1,7141
758,0,10464
759,0,10464
760,0,10464
10394,2,10464
10464,1,5951
10464,1,6090
10464,1,6163
10464,1,6207
10464,1,6216
10464,1,6519
10464,1,7149
10464,1,7150
93,0,10465
10394,2,10465
10465,1,6220
10465,1,6227
10465,1,7154
10465,1,7195
93,0,10466
94,0,10466
784,0,10466
10394,2,10466
10466,1,6010
10466,1,6096
10466,1,6676
10466,1,6979
10466,1,7200
93,0,10467
94,0,10467
10394,2,10467
10467,1,6052
10467,1,6138
10467,1,6153
10467,1,6229
10467,1,6509
10467,1,6599
10467,1,7201
10467,1,7202
10467,1,7203
10467,1,7204
10467,1,7205
10467,1,7206
10467,1,7207
10467,3,10683
93,0,10468
94,0,10468
10394,2,10468
10468,1,7208
10468,1,7209
10468,1,7210
10468,1,7211
93,0,10469
94,0,10469
10394,2,10469
10469,1,5918
10469,1,6267
10469,1,6291
10469,1,6510
10469,1,7154
10469,1,7212
10469,1,7213
178,0,10470
786,0,10470
787,0,10470
10394,2,10470
10470,1,5990
10470,1,6012
10470,1,6189
10470,1,6301
10470,1,6354
10470,1,6475
10470,1,6877
10470,1,7218
587,0,10471
789,0,10471
790,0,10471
791,0,10471
10394,2,10471
10471,1,5937
10471,1,5968
10471,1,6188
10471,1,6189
10471,1,6876
10471,1,7226
10471,1,7227
587,0,10472
789,0,10472
792,0,10472
793,0,10472
794,0,10472
10394,2,10472
10472,1,6013
10472,1,6123
10472,1,7228
803,0,10473
804,0,10473
805,0,10473
806,0,10473
10394,2,10473
10473,1,5929
10473,1,6090
10473,1,6161
10473,1,6171
10473,1,7123
10473,1,7232
10473,1,7233
10473,3,12201
657,0,10474
810,0,10474
10394,2,10474
10474,1,6096
10474,1,6619
10474,1,6873
10474,1,6887
10474,1,7142
10474,1,7235
10474,3,12336
10474,3,12220
352,0,10475
586,0,10475
10394,2,10475
10475,1,6089
10475,1,6109
10475,1,6364
10475,1,6765
10475,1,7154
10475,1,7199
821,0,10476
10394,2,10476
10476,1,6205
10476,1,6635
10476,1,7012
10476,1,7198
10476,1,7256
10476,1,7257
826,0,10477
827,0,10477
10394,2,10477
10477,1,5953
10477,1,6474
10477,1,7297
10477,1,7298
10477,1,7299
10477,1,7318
10477,1,8868
10477,3,12519
117,0,10478
10394,2,10478
10478,1,5947
10478,1,5992
10478,1,6250
10478,1,6350
10478,1,6858
10478,3,15551
10478,3,10738
108,0,10479
117,0,10479
10394,2,10479
10479,1,5947
10479,1,5970
10479,1,5992
10479,1,6250
10479,1,6350
10479,1,6622
10479,1,6858
10479,3,15551
10479,3,15600
10479,3,10738
815,0,10480
830,0,10480
831,0,10480
832,0,10480
833,0,10480
10394,2,10480
10480,1,5958
10480,1,6492
10480,1,6510
10480,1,6563
368,0,10481
839,0,10481
10394,2,10481
10481,1,5936
10481,1,6087
10481,1,6118
10481,1,6526
10481,1,6747
10481,1,7324
10481,1,7325
847,0,10482
848,0,10482
849,0,10482
10394,2,10482
10482,1,5924
10482,1,6247
10482,1,6836
10482,1,7050
603,0,10483
851,0,10483
852,0,10483
854,0,10483
10394,2,10483
10483,1,5945
10483,1,6014
10483,1,6117
10483,1,6391
10483,1,6488
10483,1,6787
10483,1,6940
10483,1,7160
10483,1,7301
10483,1,7352
10483,1,7353
10483,1,7354
10483,3,13626
860,0,10485
861,0,10485
862,0,10485
10394,2,10485
10485,1,5936
10485,1,5954
10485,1,5992
10485,1,7381
10485,1,7382
521,0,10487
868,0,10487
870,0,10487
871,0,10487
872,0,10487
873,0,10487
874,0,10487
875,0,10487
10394,2,10487
10487,1,5918
10487,1,5992
10487,1,6086
10487,1,6097
10487,1,6203
10487,1,6237
10487,1,6499
10487,1,6754
10487,3,15553
482,0,10488
881,0,10488
10394,2,10488
10488,1,6634
10488,1,6910
10488,1,7392
10488,1,7393
465,0,10489
893,0,10489
894,0,10489
895,0,10489
10394,2,10489
10489,1,5949
10489,1,6575
10489,1,7819
108,0,10490
109,0,10490
117,0,10490
119,0,10490
899,0,10490
900,0,10490
901,0,10490
10394,2,10490
10490,1,5937
10490,1,5947
10490,1,5992
10490,1,6124
10490,1,6622
10490,3,10738
363,0,10491
904,0,10491
905,0,10491
10394,2,10491
10491,1,5927
10491,1,6090
10491,1,6397
10491,1,6484
10491,1,6841
10491,1,6857
10491,1,7089
10491,1,7479
783,0,10492
907,0,10492
908,0,10492
10394,2,10492
10492,1,5921
10492,1,5979
10492,1,6537
10492,1,7834
915,0,10493
916,0,10493
917,0,10493
10394,2,10493
10493,1,6118
10493,1,6220
10493,1,6529
10493,1,6814
10493,1,6881
10493,1,7438
910,0,10494
919,0,10494
920,0,10494
921,0,10494
10394,2,10494
10494,1,5921
10494,1,6851
10494,1,6906
10494,1,6978
924,0,10495
925,0,10495
10394,2,10495
10495,1,6352
10495,1,6573
10495,1,7857
932,0,10496
10394,2,10496
10496,1,5993
10496,1,6222
10496,1,6940
10496,1,7861
10496,3,10486
653,0,10497
937,0,10497
938,0,10497
10394,2,10497
10497,1,5936
10497,1,6056
10497,1,7304
10497,1,7546
10497,1,7871
10497,1,7872
10497,1,7873
94,0,10499
944,0,10499
10394,2,10499
10499,1,6612
10499,1,7022
10499,1,7875
10499,1,7876
10499,1,7877
10499,1,7878
742,0,10500
865,0,10500
945,0,10500
946,0,10500
947,0,10500
10394,2,10500
10500,1,5936
10500,1,5990
10500,1,6007
10500,1,6053
10500,1,6065
10500,1,6979
10500,1,7881
10500,1,7882
898,0,10501
931,0,10501
948,0,10501
10394,2,10501
10501,1,5936
10501,1,6104
10501,1,6117
10501,1,6391
10501,1,7160
951,0,10502
952,0,10502
953,0,10502
10394,2,10502
10502,1,5929
10502,1,6118
10502,1,6485
10502,1,6899
10502,1,7033
10502,1,7071
969,0,10503
981,0,10503
10394,2,10503
10503,1,6003
10503,1,6301
10503,1,6444
10503,1,6574
10503,1,6650
10503,1,7846
10503,3,12102
982,0,10504
983,0,10504
984,0,10504
10394,2,10504
10504,1,5921
10504,1,5972
10504,1,6276
10504,1,6625
10504,1,7899
10504,3,13906
982,0,10505
983,0,10505
984,0,10505
10394,2,10505
10505,1,5950
10505,1,6409
10505,1,7900
10505,1,7901
985,0,10506
986,0,10506
10394,2,10506
10506,1,5938
10506,1,6053
10506,1,6075
10506,1,6314
10506,1,7474
10506,1,7903
987,0,10507
10394,2,10507
10507,1,5991
10507,1,6052
10507,1,6130
10507,1,6250
10507,1,6410
10507,1,7558
10507,3,11926
985,0,10508
986,0,10508
988,0,10508
10394,2,10508
10508,1,5938
10508,1,5996
10508,1,6193
10508,1,7474
10508,1,7903
10508,1,7904
783,0,10510
990,0,10510
10394,2,10510
10510,1,6191
10510,1,7698
10510,1,7908
10510,1,7909
10510,1,7910
533,0,10511
992,0,10511
10394,2,10511
10511,1,6068
10511,1,6213
10511,1,6215
10511,1,6222
10511,1,6686
10511,1,6938
10511,1,7388
10511,1,7698
999,0,10512
1000,0,10512
1001,0,10512
10394,2,10512
10512,1,5937
10512,1,5938
10512,1,6410
10512,1,6846
10512,1,7851
10512,3,11991
10512,3,13026
628,0,10513
632,0,10513
633,0,10513
634,0,10513
10394,2,10513
10513,1,6055
10513,1,6117
10513,1,6367
10513,1,6784
10513,1,7484
10513,1,7747
895,0,10514
1018,0,10514
1019,0,10514
1020,0,10514
10394,2,10514
10514,1,6428
10514,1,6479
10514,1,7878
10514,1,7928
10514,1,7929
10514,1,7930
10514,1,7931
773,0,10515
1021,0,10515
10394,2,10515
10515,1,6052
10515,1,6073
10515,1,6160
10515,1,6354
10515,1,7084
10515,1,7934
10515,1,7935
628,0,10516
1022,0,10516
10394,2,10516
10516,1,6055
10516,1,6617
10516,1,6945
10516,1,7484
10516,1,7937
750,0,10517
1028,0,10517
10394,2,10517
10517,1,5952
10517,1,5978
10517,1,6645
10517,1,7866
10517,1,7942
1030,0,10518
1031,0,10518
1032,0,10518
10394,2,10518
10518,1,6079
10518,1,6329
10518,1,6718
10518,1,7293
10518,1,7945
124,0,10520
1036,0,10520
1037,0,10520
1038,0,10520
1039,0,10520
10394,2,10520
10520,1,6851
10520,1,6879
10520,1,7005
10520,1,7056
10520,1,7476
10520,1,7951
1041,0,10521
1042,0,10521
1043,0,10521
1044,0,10521
10394,2,10521
10521,1,5917
10521,1,6267
10521,1,6269
10521,1,6335
10521,1,6979
10521,1,7001
10521,1,7251
10521,1,7384
10521,1,7518
10521,1,7955
10521,1,7956
1040,0,10522
1047,0,10522
10394,2,10522
10522,1,5927
10522,1,5978
10522,1,6041
10522,1,6139
10522,1,6451
10522,1,7805
10522,1,7959
5,0,10523
95,0,10523
1049,0,10523
1050,0,10523
10394,2,10523
10523,1,5921
10523,1,6004
10523,1,6488
10523,1,6851
10523,1,7365
10523,1,7963
10523,1,7964
10523,1,7965
480,0,10524
481,0,10524
1053,0,10524
10394,2,10524
10524,1,6030
10524,1,6146
10524,1,6441
10524,1,6877
10524,1,7484
10524,1,7966
10524,1,7967
1055,0,10525
1056,0,10525
10394,2,10525
10525,1,5921
10525,1,6003
10525,1,6181
10525,1,6334
10525,1,6874
10525,1,6948
10525,1,7104
10525,3,11063
774,0,10526
1057,0,10526
10394,2,10526
10526,1,5953
10526,1,5956
10526,1,6235
10526,1,6474
10526,1,7129
529,0,10527
1058,0,10527
10394,2,10527
10527,1,5925
10527,1,5927
10527,1,6052
10527,1,6054
10527,1,6887
10527,1,7125
10527,1,7971
10527,3,10461
867,0,10528
1061,0,10528
1062,0,10528
10394,2,10528
10528,1,6013
10528,1,6097
10528,1,6258
10528,1,6369
10528,1,6754
10528,1,6846
10528,1,7913
10528,1,7974
10528,1,7975
1063,0,10529
10394,2,10529
10529,1,5919
10529,1,6923
10529,1,6946
10529,1,6966
10529,1,7976
10529,1,7977
490,0,10530
1066,0,10530
10394,2,10530
10530,1,5936
10530,1,5952
10530,1,6003
10530,1,6054
10530,1,6983
574,0,10531
1070,0,10531
1071,0,10531
10394,2,10531
10531,1,5920
10531,1,5921
10531,1,5939
10531,1,6137
10531,1,7632
459,0,10532
634,0,10532
1075,0,10532
1076,0,10532
10394,2,10532
10532,1,7230
10532,1,8001
10532,1,8002
730,0,10533
1079,0,10533
1080,0,10533
1081,0,10533
1082,0,10533
1083,0,10533
1084,0,10533
10394,2,10533
10533,1,6073
10533,1,6449
10533,1,6710
10533,1,8003
783,0,10534
908,0,10534
1087,0,10534
1088,0,10534
1089,0,10534
10394,2,10534
10534,1,5919
10534,1,5954
10534,1,5970
10534,1,6040
10534,1,6465
10534,1,6950
10534,1,7834
10534,1,8009
10534,3,10609
72,0,10535
103,0,10535
1096,0,10535
10394,2,10535
10535,1,5987
10535,1,6054
10535,1,6157
10535,1,6656
10535,1,6663
10535,1,7285
100,0,10536
1097,0,10536
10394,2,10536
10536,1,5921
10536,1,6164
10536,1,7005
10536,1,7367
10536,1,8011
10536,3,12109
10536,3,12261
657,0,10537
810,0,10537
1103,0,10537
1104,0,10537
10394,2,10537
10537,1,6023
10537,1,6086
10537,1,6237
10537,1,6526
10537,1,6946
10537,1,6961
10537,1,7733
10537,3,12220
1111,0,10538
10394,2,10538
10538,1,5919
10538,1,5966
10538,1,6097
10538,1,6171
10538,1,6181
10538,1,6656
10538,1,6765
10538,1,6879
10538,1,6880
10538,1,8023
10538,1,8024
667,0,10539
726,0,10539
10394,2,10539
10539,1,6040
10539,1,6918
10539,1,7865
10539,1,7905
575,0,10540
846,0,10540
1115,0,10540
10394,2,10540
10540,1,6001
10540,1,6488
10540,1,6586
10540,1,6957
10540,1,7350
10540,1,8030
10540,1,8031
10540,1,8032
94,0,10541
1119,0,10541
10394,2,10541
10541,1,5970
10541,1,6024
10541,1,6090
10541,1,6205
10541,1,6368
10541,1,6865
10541,1,7412
684,0,10542
930,0,10542
10394,2,10542
10542,1,6877
10542,1,7091
10542,1,7816
10542,3,10501
10542,3,12580
1123,0,10544
1124,0,10544
1125,0,10544
10394,2,10544
10544,1,5921
10544,1,5947
10544,1,5996
10544,1,6093
10544,1,6321
10544,1,6344
10544,1,7535
10544,1,7661
10544,1,8047
725,0,10545
1126,0,10545
1127,0,10545
10394,2,10545
10545,1,6234
10545,1,6354
10545,1,6475
10545,1,6995
10545,1,7887
10545,1,8042
721,0,10546
1129,0,10546
10394,2,10546
10546,1,5921
10546,1,6164
10546,1,6206
10546,1,6277
10546,1,6285
1064,0,10547
10394,2,10547
10547,1,7757
10547,1,8053
1064,0,10548
1132,0,10548
10394,2,10548
10548,1,6181
10548,1,6306
10548,1,6511
10548,1,6663
10548,1,6933
10548,1,7005
10548,1,8054
477,0,10549
725,0,10549
1139,0,10549
10394,2,10549
10549,1,5921
10549,1,6460
10549,1,7533
10549,1,8057
94,0,10550
1143,0,10550
10394,2,10550
10550,1,5918
10550,1,6010
10550,1,6858
10550,1,6979
10550,1,8065
94,0,10551
1143,0,10551
10394,2,10551
10551,1,6010
10551,1,6747
10551,1,6979
10551,1,7337
10551,1,8065
16,0,10552
1144,0,10552
10394,2,10552
10552,1,6185
10552,1,6321
10552,1,6431
10552,1,6478
10552,1,7613
10552,3,14035
10552,3,13922
10552,3,11801
10552,3,13792
10552,3,13921
111,0,10553
667,0,10553
10394,2,10553
10553,1,5937
10553,1,6035
10553,1,6040
10553,1,6086
10553,1,6187
10553,1,6802
10553,1,6833
209,0,10554
880,0,10554
1146,0,10554
1149,0,10554
10394,2,10554
10554,1,5929
10554,1,6386
10554,1,6619
10554,1,7229
10554,3,12251
10554,3,13153
10554,3,12097
10554,3,12121
10554,3,12169
10554,3,14048
10554,3,12244
10554,3,12347
148,0,10555
1151,0,10555
10394,2,10555
10555,1,6617
10555,1,6663
10555,1,6807
10555,1,7675
10555,1,8027
323,0,10556
1154,0,10556
1155,0,10556
10394,2,10556
10556,1,5921
10556,1,5936
10556,1,6086
10556,1,6118
10556,1,6212
10556,1,6255
10556,1,6479
10556,3,14125
10556,3,14284
10556,3,14212
1161,0,10557
1162,0,10557
1163,0,10557
1164,0,10557
10394,2,10557
10557,1,6121
10557,1,6290
10557,1,6363
10557,1,6749
10557,1,6846
10557,1,7264
10557,1,8073
10557,1,8074
10557,3,13810
148,0,10558
1166,0,10558
10394,2,10558
10558,1,6055
10558,1,6116
10558,1,6617
10558,1,6874
10558,1,8076
1167,0,10559
10394,2,10559
10559,1,5921
10559,1,6071
10559,1,6153
10559,1,6235
10559,1,6252
10559,1,6697
10559,1,6926
10559,1,7054
1168,0,10560
1169,0,10560
1170,0,10560
10394,2,10560
10560,1,6163
10560,1,6207
10560,1,6235
10560,1,6303
10560,1,6335
10560,1,6768
10560,1,6846
10560,1,6919
10560,1,7996
10560,1,8079
982,0,10561
983,0,10561
984,0,10561
10394,2,10561
10561,1,6063
10561,1,6389
10561,1,6478
10561,1,7323
10561,1,7433
10561,1,7593
10561,3,14058
1174,0,10562
1175,0,10562
10394,2,10562
10562,1,6089
10562,1,6325
10562,1,6499
10562,1,6607
10562,1,6652
10562,1,7396
10562,1,7506
10562,1,7823
10562,1,8086
10562,1,8087
10562,1,8088
801,0,10563
1178,0,10563
1179,0,10563
10394,2,10563
10563,1,5936
10563,1,5991
10563,1,6014
10563,1,6040
10563,1,6455
10563,1,6940
10563,3,13354
1180,0,10564
1181,0,10564
10394,2,10564
10564,1,6014
10564,1,6104
10564,1,6247
10564,1,7053
10564,1,7168
10564,1,8090
10564,1,8091
1060,0,10565
1182,0,10565
1183,0,10565
1184,0,10565
1185,0,10565
10394,2,10565
10565,1,5936
10565,1,5937
10565,1,6194
10565,1,6572
10565,1,6845
10565,1,6966
10565,1,7068
10565,1,7257
10565,1,7311
10565,1,8093
10565,3,12315
39,0,10566
1042,0,10566
1192,0,10566
10394,2,10566
10566,1,5918
10566,1,5921
10566,1,5936
10566,1,6065
10566,1,6121
10566,1,6565
10566,1,7004
10566,1,7357
10566,1,8095
39,0,10567
1042,0,10567
1192,0,10567
10394,2,10567
10567,1,5921
10567,1,5936
10567,1,6065
10567,1,6121
10567,1,6197
10567,1,6208
10567,1,7004
10567,1,8095
1033,0,10568
1200,0,10568
1201,0,10568
1202,0,10568
1203,0,10568
10394,2,10568
10568,1,6025
10568,1,6526
10568,1,6851
10568,1,7236
10568,1,8097
1056,0,10569
10394,2,10569
10569,1,5927
10569,1,5956
10569,1,5959
10569,1,5970
10569,1,5996
10569,1,6047
10569,1,6229
10569,1,6741
10569,1,6786
10569,1,6941
10569,1,8100
10569,1,8101
795,0,10570
1206,0,10570
1207,0,10570
1208,0,10570
10394,2,10570
10570,1,6001
10570,1,6005
10570,1,6084
10570,1,6089
10570,1,6354
10570,1,6475
10570,1,7144
124,0,10571
1037,0,10571
10394,2,10571
10571,1,5970
10571,1,6820
10571,1,7072
10571,1,7374
10571,1,8106
153,0,10572
1210,0,10572
10394,2,10572
10572,1,5975
10572,1,6027
10572,1,6131
10572,1,6176
10572,1,6206
10572,1,6352
10572,1,7334
526,0,10573
671,0,10573
744,0,10573
1090,0,10573
10394,2,10573
10573,1,6053
10573,1,6136
10573,1,6262
10573,1,7416
10573,1,8116
10573,1,8117
858,0,10574
1215,0,10574
1216,0,10574
10394,2,10574
10574,1,5919
10574,1,6097
10574,1,6656
10574,1,6663
10574,1,6802
10574,1,6957
10574,1,7246
507,0,10575
1217,0,10575
10394,2,10575
10575,1,6226
10575,1,6236
10575,1,8119
10575,1,8120
86,0,10576
796,0,10576
1220,0,10576
1221,0,10576
10394,2,10576
10576,1,6415
10576,1,6464
10576,1,6996
10576,1,7072
10576,1,7209
10576,1,8123
1220,0,10577
1222,0,10577
1223,0,10577
10394,2,10577
10577,1,5937
10577,1,5941
10577,1,5942
10577,1,6000
665,0,10578
1230,0,10578
1231,0,10578
10394,2,10578
10578,1,5936
10578,1,5952
10578,1,6003
10578,1,6013
10578,1,6026
10578,1,6043
10578,1,6296
10578,1,6397
1239,0,10581
10394,2,10581
10581,1,5915
10581,1,6344
10581,1,6386
10581,1,6448
10581,1,6744
10581,1,6827
10581,1,7315
10581,1,8146
10581,1,8147
1239,0,10582
10394,2,10582
10582,1,6052
10582,1,6344
10582,1,6744
10582,1,7176
10582,1,8148
1091,0,10583
1242,0,10583
10394,2,10583
10583,1,5991
10583,1,6185
10583,1,6282
10583,1,6444
10583,1,6697
10583,1,6856
10583,1,7751
10583,3,13022
421,0,10584
1041,0,10584
1245,0,10584
1246,0,10584
10394,2,10584
10584,1,6055
10584,1,6303
10584,1,6424
10584,1,6808
10584,1,7286
10584,1,7325
29,0,10585
781,0,10585
1250,0,10585
1251,0,10585
10394,2,10585
10585,1,5921
10585,1,6001
10585,1,6013
10585,1,6250
10585,1,6331
10585,1,6615
10585,1,6854
10585,1,8159
10585,1,8160
119,0,10586
163,0,10586
573,0,10586
1259,0,10586
10394,2,10586
10586,1,6014
10586,1,6242
10586,1,6331
10586,1,6567
10586,1,7006
580,0,10587
1264,0,10587
10394,2,10587
10587,1,5922
10587,1,6071
10587,1,6131
10587,1,6242
10587,1,8174
10587,3,13060
98,0,10588
1266,0,10588
10394,2,10588
10588,1,5936
10588,1,6382
10588,1,6959
10588,1,8176
10588,1,8177
569,0,10589
816,0,10589
995,0,10589
1271,0,10589
1272,0,10589
1273,0,10589
10394,2,10589
10589,1,6269
10589,1,6424
10589,1,6509
10589,1,6576
10589,1,7036
10589,1,7038
10589,1,8181
119,0,10590
901,0,10590
10394,2,10590
10590,1,6235
10590,1,6420
10590,1,6697
10590,1,6702
1276,0,10591
1277,0,10591
10394,2,10591
10591,1,6079
10591,1,6250
10591,1,6593
10591,1,6925
10591,1,6989
787,0,10592
1281,0,10592
10394,2,10592
10592,1,6303
10592,1,6424
10592,1,6979
10592,1,7845
10592,1,8190
10592,1,8191
544,0,10593
546,0,10593
550,0,10593
552,0,10593
10394,2,10593
10593,1,6053
10593,1,6118
10593,1,6136
10593,1,8029
10593,1,8193
751,0,10594
1146,0,10594
1282,0,10594
10394,2,10594
10594,1,5921
10594,1,6063
10594,1,6389
10594,1,6478
10594,1,6529
10594,1,6814
10594,3,12119
458,0,10595
460,0,10595
1283,0,10595
1284,0,10595
10394,2,10595
10595,1,5936
10595,1,6055
10595,1,6104
10595,1,6106
10595,1,6110
10595,1,6212
10595,1,7230
743,0,10596
744,0,10596
1286,0,10596
1287,0,10596
10394,2,10596
10596,1,6421
10596,1,6435
10596,1,6656
10596,1,6766
10596,1,7151
10596,1,7221
10596,1,8195
507,0,10597
1237,0,10597
1288,0,10597
1289,0,10597
10394,2,10597
10597,1,5921
10597,1,5937
10597,1,5970
10597,1,6025
10597,1,6057
10597,1,6068
10597,1,6097
10597,1,6206
10597,1,6820
10597,1,8197
124,0,10598
1038,0,10598
1290,0,10598
10394,2,10598
10598,1,5918
10598,1,6247
10598,1,6367
10598,1,6879
10598,1,7015
10598,1,8199
648,0,10599
969,0,10599
1212,0,10599
1291,0,10599
1292,0,10599
1293,0,10599
1294,0,10599
1295,0,10599
1296,0,10599
10394,2,10599
10599,1,6550
10599,1,6741
10599,1,6873
10599,1,7372
10599,1,8200
10599,1,8201
10599,1,8202
634,0,10600
1297,0,10600
1298,0,10600
1299,0,10600
10394,2,10600
10600,1,5936
10600,1,6055
10600,1,6424
10600,1,8204
1300,0,10601
1301,0,10601
10394,2,10601
10601,1,6084
10601,1,6122
10601,1,6583
10601,1,6612
10601,1,6788
10601,1,6978
10601,1,8205
341,0,10602
1305,0,10602
1306,0,10602
1307,0,10602
1308,0,10602
1309,0,10602
10394,2,10602
10602,1,5936
10602,1,5940
10602,1,5947
10602,1,5992
10602,1,6420
10602,1,6509
10602,1,7177
10602,1,7821
10602,1,8209
10602,1,8210
10602,1,8211
1116,0,10603
1117,0,10603
1316,0,10603
10394,2,10603
10603,1,5917
10603,1,5921
10603,1,5975
10603,1,6116
10603,1,6617
10603,1,8220
823,0,10604
1317,0,10604
1318,0,10604
10394,2,10604
10604,1,5921
10604,1,5951
10604,1,6040
10604,1,6854
10604,1,7071
10604,1,8103
1319,0,10605
1320,0,10605
1321,0,10605
10394,2,10605
10605,1,5940
10605,1,6332
10605,1,6420
10605,1,7885
10605,1,7907
10605,3,13897
10605,3,15552
10605,3,12253
10605,3,12224
10605,3,14297
10605,3,12346
10605,3,13065
1323,0,10606
10394,2,10606
10606,1,6005
10606,1,6217
10606,1,6218
1325,0,10607
1326,0,10607
10394,2,10607
10607,1,5970
10607,1,6007
10607,1,6024
10607,1,6507
10607,1,6961
10607,1,7370
10607,3,12285
464,0,10608
892,0,10608
926,0,10608
1148,0,10608
1328,0,10608
1329,0,10608
10394,2,10608
10608,1,6400
10608,1,6420
10608,1,6627
10608,1,6846
10608,1,7821
10608,1,8198
10608,1,8230
671,0,10610
1330,0,10610
10394,2,10610
10610,1,5921
10610,1,6007
10610,1,6042
10610,1,6081
10610,1,6172
10610,1,6874
10610,1,6948
10610,1,7311
10610,1,7312
1332,0,10611
10394,2,10611
10611,1,5956
10611,1,6041
10611,1,6650
10611,1,6924
10611,1,7385
10611,1,8232
509,0,10612
1334,0,10612
10394,2,10612
10612,1,6040
10612,1,6940
10612,1,7086
1005,0,10614
1336,0,10614
10394,2,10614
10614,1,6118
10614,1,6123
10614,1,6574
10614,1,8034
741,0,10615
1339,0,10615
10394,2,10615
10615,1,5921
10615,1,5977
10615,1,6200
10615,1,6466
10615,1,6484
634,0,10616
1298,0,10616
1299,0,10616
10394,2,10616
10616,1,6040
10616,1,6125
10616,1,6216
10616,1,6314
10616,1,6507
10616,1,6978
10616,1,8237
93,0,10617
94,0,10617
944,0,10617
10394,2,10617
10617,1,5918
10617,1,6117
10617,1,6367
10617,1,6691
10617,1,6861
10617,1,7346
10617,1,8199
477,0,10618
1341,0,10618
1342,0,10618
10394,2,10618
10618,1,6003
10618,1,6697
10618,1,6854
10618,1,6945
10618,1,7734
10618,1,7788
491,0,10619
1150,0,10619
10394,2,10619
10619,1,6692
10619,1,7000
10619,1,7169
10619,1,8245
491,0,10620
1150,0,10620
10394,2,10620
10620,1,5936
10620,1,5953
10620,1,5954
10620,1,6156
10620,1,6335
10620,1,6846
10620,1,7384
10620,1,7955
1219,0,10621
1345,0,10621
10394,2,10621
10621,1,6001
10621,1,6235
10621,1,6697
10621,1,6891
10621,1,7970
671,0,10622
708,0,10622
902,0,10622
1346,0,10622
1347,0,10622
1348,0,10622
10394,2,10622
10622,1,5920
10622,1,6061
10622,1,6100
10622,1,6184
10622,1,6569
10622,1,8013
10622,1,8247
10622,3,11066
1353,0,10623
10394,2,10623
10623,1,6014
10623,1,6089
10623,1,6216
10623,1,7220
10623,1,7331
10623,1,7893
10623,1,8004
10623,1,8251
424,0,10624
1353,0,10624
1354,0,10624
10394,2,10624
10624,1,5958
10624,1,6003
10624,1,6569
10624,1,7233
10624,1,7242
463,0,10625
1350,0,10625
1351,0,10625
1352,0,10625
1353,0,10625
1355,0,10625
1356,0,10625
10394,2,10625
10625,1,5925
10625,1,6073
10625,1,6211
10625,1,6341
10625,1,6569
10625,1,7853
971,0,10626
1196,0,10626
1197,0,10626
1358,0,10626
1359,0,10626
1360,0,10626
1361,0,10626
1362,0,10626
1363,0,10626
1364,0,10626
1365,0,10626
1366,0,10626
10394,2,10626
10626,1,5936
10626,1,5937
10626,1,6097
10626,1,6118
10626,1,6235
10626,1,6291
10626,1,6517
10626,1,6837
10626,1,7640
10626,1,7896
100,0,10627
1367,0,10627
10394,2,10627
10627,1,5937
10627,1,5943
10627,1,6301
10627,1,6432
10627,1,6936
10627,1,7318
10627,1,8094
10627,3,12315
421,0,10628
1371,0,10628
1372,0,10628
1373,0,10628
1374,0,10628
10394,2,10628
10628,1,6214
10628,1,7486
10628,1,8257
10628,1,8258
10628,1,8259
824,0,10629
1375,0,10629
10394,2,10629
10629,1,5936
10629,1,6104
10629,1,6132
10629,1,6171
10629,1,6926
1377,0,10631
10394,2,10631
10631,1,6306
10631,1,6663
10631,1,7863
10631,1,8272
10631,1,8273
1005,0,10632
1379,0,10632
1380,0,10632
10394,2,10632
10632,1,6648
10632,1,7955
10632,1,8278
686,0,10633
688,0,10633
10394,2,10633
10633,1,6207
10633,1,6761
10633,1,6919
10633,1,7361
686,0,10634
1381,0,10634
10394,2,10634
10634,1,5979
10634,1,6041
10634,1,7052
834,0,10635
836,0,10635
10394,2,10635
10635,1,6116
10635,1,6352
10635,1,6948
10635,1,7486
10635,1,7846
10635,3,12220
10635,3,12811
512,0,10636
1386,0,10636
1387,0,10636
10394,2,10636
10636,1,6090
10636,1,6235
10636,1,6573
10636,1,8281
10636,1,8282
10636,1,8283
10636,1,8284
483,0,10637
484,0,10637
485,0,10637
717,0,10637
1388,0,10637
1389,0,10637
1390,0,10637
10394,2,10637
10637,1,5925
10637,1,5970
10637,1,6049
10637,1,6167
10637,1,6849
10637,1,7388
10637,1,8285
600,0,10638
605,0,10638
608,0,10638
10394,2,10638
10638,1,6090
10638,1,6171
10638,1,6193
10638,1,7173
10638,1,7653
10638,1,7851
10638,1,7914
605,0,10639
606,0,10639
1393,0,10639
1394,0,10639
10394,2,10639
10639,1,6041
10639,1,6118
10639,1,6153
10639,1,6269
10639,1,6663
10639,1,8167
895,0,10640
1019,0,10640
10394,2,10640
10640,1,5921
10640,1,5996
10640,1,6798
10640,1,8294
10640,1,8295
10640,1,8296
10640,1,8297
100,0,10641
1396,0,10641
10394,2,10641
10641,1,5921
10641,1,5925
10641,1,6163
10641,1,6192
10641,1,7140
369,0,10642
1398,0,10642
1399,0,10642
10394,2,10642
10642,1,6149
10642,1,6324
10642,1,8004
10642,1,8300
706,0,10643
707,0,10643
1404,0,10643
10394,2,10643
10643,1,5952
10643,1,5970
10643,1,5991
10643,1,6250
10643,1,6731
10643,1,6732
10643,1,8301
10643,1,8302
10643,1,8303
10643,1,8304
517,0,10644
963,0,10644
1128,0,10644
1406,0,10644
1407,0,10644
1408,0,10644
1409,0,10644
1410,0,10644
10394,2,10644
10644,1,8307
460,0,10645
503,0,10645
855,0,10645
1322,0,10645
1411,0,10645
1412,0,10645
10394,2,10645
10645,1,5936
10645,1,6003
10645,1,6216
10645,1,8194
10645,1,8308
553,0,10646
10394,2,10646
10646,1,5936
10646,1,5990
10646,1,5991
10646,1,6001
10646,1,6053
10646,1,6163
10646,1,6247
10646,1,6326
10646,1,6352
553,0,10647
10394,2,10647
10647,1,5963
10647,1,6001
10647,1,6053
10647,1,6176
10647,1,6352
10647,1,6424
10647,1,8310
100,0,10648
1145,0,10648
1414,0,10648
10394,2,10648
10648,1,5936
10648,1,5966
10648,1,6088
10648,1,6089
10648,1,6229
10648,1,6397
10648,1,6936
10648,1,8276
1415,0,10649
10394,2,10649
10649,1,6000
10649,1,6041
10649,1,6250
10649,1,8126
458,0,10650
1283,0,10650
1417,0,10650
1418,0,10650
10394,2,10650
10650,1,6104
10650,1,6110
10650,1,6212
10650,1,7037
10650,1,7179
10650,1,8321
686,0,10651
1420,0,10651
10394,2,10651
10651,1,5967
10651,1,5978
10651,1,6199
10651,1,6651
10651,1,6793
10651,1,8324
10651,1,8325
10651,3,11062
1025,0,10652
1421,0,10652
10394,2,10652
10652,1,6211
10652,1,6420
10652,1,7003
10652,1,8326
10652,1,8327
600,0,10653
607,0,10653
10394,2,10653
10653,1,5943
10653,1,5972
10653,1,6003
10653,1,6442
10653,1,6485
10653,1,6856
600,0,10654
607,0,10654
1422,0,10654
10394,2,10654
10654,1,5937
10654,1,6040
10654,1,6341
10654,1,6352
10654,1,6795
10654,1,7474
10654,1,8132
10654,1,8263
10654,1,8328
724,0,10655
1425,0,10655
10394,2,10655
10655,1,5970
10655,1,6199
10655,1,6432
10655,1,6663
10655,1,6702
10655,1,6941
10655,1,6995
10655,1,8309
600,0,10656
605,0,10656
608,0,10656
1426,0,10656
10394,2,10656
10656,1,5967
10656,1,6572
10656,1,6845
10656,1,7162
10656,1,7916
10656,1,8331
412,0,10657
530,0,10657
1415,0,10657
1427,0,10657
10394,2,10657
10657,1,5940
10657,1,6250
10657,1,6539
10657,1,8332
10657,1,8333
1403,0,10658
1429,0,10658
10394,2,10658
10658,1,5970
10658,1,6086
10658,1,6732
10658,1,7158
10658,1,7535
460,0,10659
855,0,10659
1322,0,10659
10394,2,10659
10659,1,5922
10659,1,6116
10659,1,6117
10659,1,7355
120,0,10660
1436,0,10660
1437,0,10660
10394,2,10660
10660,1,6023
10660,1,6091
10660,1,6337
10660,1,6365
10660,1,6760
10660,1,6766
533,0,10661
1440,0,10661
10394,2,10661
10661,1,5921
10661,1,5936
10661,1,6222
10661,1,6686
10661,1,6938
10661,1,7388
10661,1,8239
622,0,10662
1443,0,10662
10394,2,10662
10662,1,5936
10662,1,6051
10662,1,6055
10662,1,6117
10662,1,6132
10662,1,6612
10662,1,6656
10662,1,6875
10662,1,8340
10662,3,12614
10662,3,12663
10662,3,12598
10662,3,12426
857,0,10663
1324,0,10663
1446,0,10663
1447,0,10663
1448,0,10663
10394,2,10663
10663,1,5969
10663,1,6018
10663,1,6040
10663,1,6193
10663,1,6359
10663,1,6475
10663,1,6688
10663,1,6851
10663,1,7016
410,0,10664
768,0,10664
1449,0,10664
10394,2,10664
10664,1,6614
10664,1,6721
10664,1,8341
100,0,10665
1453,0,10665
10394,2,10665
10665,1,6176
10665,1,6206
10665,1,6474
10665,1,6509
10665,1,7838
10665,1,8181
1232,0,10666
10394,2,10666
10666,1,6125
10666,1,6290
10666,1,6765
10666,1,6961
10666,1,8242
10666,1,8349
10666,1,8350
1033,0,10667
1202,0,10667
1203,0,10667
1463,0,10667
1464,0,10667
10394,2,10667
10667,1,6233
10667,1,7336
10667,1,7486
10667,1,8356
10667,1,8357
767,0,10668
788,0,10668
1465,0,10668
10394,2,10668
10668,1,5921
10668,1,6047
10668,1,6156
10668,1,6159
10668,1,6505
10668,3,11865
1278,0,10669
1466,0,10669
1467,0,10669
10394,2,10669
10669,1,5970
10669,1,6061
10669,1,6063
10669,1,6068
10669,1,6222
10669,1,6790
10669,1,7593
10669,1,8018
10669,3,14048
10669,3,15615
661,0,10670
895,0,10670
1019,0,10670
1469,0,10670
10394,2,10670
10670,1,5921
10670,1,6026
10670,1,6798
10670,1,6851
10670,1,7917
10670,1,8358
10670,3,14048
10670,3,12098
976,0,10671
1470,0,10671
10394,2,10671
10671,1,6052
10671,1,6065
10671,1,6297
10671,1,6525
10671,1,6529
10671,1,6814
10671,1,7056
10671,1,7593
1110,0,10672
1475,0,10672
10394,2,10672
10672,1,5970
10672,1,6420
10672,1,6475
10672,1,6485
10672,1,6572
10672,1,6676
10672,1,6927
10672,1,7238
10672,1,8362
10672,1,8363
524,0,10673
741,0,10673
1270,0,10673
10394,2,10673
10673,1,5921
10673,1,5975
10673,1,6041
10673,1,6225
10673,1,6265
10673,1,7267
402,0,10674
573,0,10674
747,0,10674
10394,2,10674
10674,1,6064
10674,1,6169
10674,1,6222
10674,1,6234
10674,1,6435
10674,1,8368
402,0,10675
573,0,10675
1479,0,10675
1480,0,10675
10394,2,10675
10675,1,5936
10675,1,6018
10675,1,6061
10675,1,6169
10675,1,6222
10675,1,6484
10675,3,11869
97,0,10676
245,0,10676
813,0,10676
1484,0,10676
10394,2,10676
10676,1,5970
10676,1,5996
10676,1,6195
10676,1,6196
10676,1,6616
10676,1,6697
10676,1,6796
10676,1,6854
10676,1,6948
10676,1,8270
10676,1,8371
10676,1,8372
846,0,10677
1153,0,10677
10394,2,10677
10677,1,6050
10677,1,6055
10677,1,6187
10677,1,6352
10677,1,8027
0,0,10678
796,0,10678
10394,2,10678
10678,1,6116
10678,1,6311
10678,1,6420
10678,1,6507
10678,1,6693
10678,1,6878
86,0,10679
796,0,10679
1220,0,10679
1221,0,10679
10394,2,10679
10679,1,6649
10679,1,6650
10679,1,7209
10679,1,8099
1325,0,10680
1326,0,10680
1486,0,10680
10394,2,10680
10680,1,6334
10680,1,8034
10680,1,8373
19,0,10681
1140,0,10681
1487,0,10681
1488,0,10681
1489,0,10681
1490,0,10681
1491,0,10681
10394,2,10681
10681,1,6086
10681,1,6133
10681,1,6420
10681,1,6816
10681,1,7105
10681,1,7136
10681,1,8151
10681,1,8375
10681,1,8376
969,0,10682
1300,0,10682
1493,0,10682
1494,0,10682
1495,0,10682
10394,2,10682
10682,1,6169
10682,1,6300
10682,1,6675
10682,1,6754
10682,1,6994
10682,1,7540
10682,1,7840
929,0,10684
1451,0,10684
10394,2,10684
10684,1,5972
10684,1,6788
10684,1,6978
10684,1,7987
10684,1,8136
10684,1,8389
10684,3,12837
10684,3,15648
2090,0,10685
2712,0,10685
3415,0,10685
3416,0,10685
3417,0,10685
10395,2,10685
10685,1,5921
10685,1,5992
10685,1,6126
10685,1,6164
10685,1,6242
10685,1,6243
10685,1,6244
10685,1,6245
10685,1,6246
10685,1,6247
10685,3,14049
10685,3,13999
10685,3,14068
10685,3,14256
189,0,10686
2179,0,10686
3242,0,10686
10395,2,10686
10686,1,6013
10686,1,6248
10686,1,6249
10686,1,6250
10686,1,6251
10686,1,6252
2900,0,10688
3422,0,10688
10395,2,10688
10688,1,5992
10688,1,6000
10688,1,6181
10688,1,6269
10688,1,6270
10688,1,6271
10688,1,6272
10688,1,6273
10688,3,10850
3424,0,10689
3425,0,10689
10395,2,10689
10689,1,5996
10689,1,6284
10689,1,6285
10689,1,6286
10689,1,6287
10689,3,13813
10689,3,13775
3424,0,10690
3426,0,10690
3427,0,10690
10395,2,10690
10690,1,6003
10690,1,6005
10690,1,6311
10690,1,6312
10690,1,6313
10690,3,13964
10690,3,13750
10690,3,13865
80,0,10691
3420,0,10691
3429,0,10691
3430,0,10691
10395,2,10691
10691,1,5915
10691,1,5970
10691,1,6005
10691,1,6327
10691,1,6328
10691,1,6329
10691,1,6330
10691,1,6331
10691,1,6332
10691,3,13813
10691,3,13818
10691,3,13755
10691,3,13852
10691,3,15571
10691,3,14208
2964,0,10692
3431,0,10692
10395,2,10692
10692,1,5946
10692,1,5992
10692,1,6249
10692,1,6333
10692,1,6334
10692,3,11601
10692,3,14599
10692,3,14752
10692,3,14519
10692,3,14334
10692,3,15376
10692,3,11390
10692,3,14883
1175,0,10693
2291,0,10693
2551,0,10693
10395,2,10693
10693,1,5929
10693,1,6193
10693,1,6343
10693,1,6344
10693,3,13897
10693,3,12290
10693,3,15467
10693,3,12224
10693,3,12007
10693,3,12244
618,0,10695
3226,0,10695
10395,2,10695
10695,1,5918
10695,1,6247
10695,1,6250
10695,1,6326
10695,1,6348
10695,1,6349
10695,1,6350
10695,1,6351
10695,1,6352
10695,3,14495
1702,0,10696
3437,0,10696
10395,2,10696
10696,1,6034
10696,1,6086
10696,1,6254
10696,1,6383
10696,1,6384
10696,1,6385
10696,1,6386
10696,3,13876
10696,3,14125
10696,3,15553
2068,0,10697
3438,0,10697
3439,0,10697
10395,2,10697
10697,1,6000
10697,1,6028
10697,1,6340
10697,1,6393
10697,1,6394
10697,1,6395
10697,1,6396
1501,0,10698
3440,0,10698
10395,2,10698
10698,1,5995
10698,1,6052
10698,1,6064
10698,1,6185
10698,1,6249
10698,1,6309
10698,1,6402
10698,3,11673
10698,3,11294
10698,3,14845
1046,0,10699
3441,0,10699
3442,0,10699
3443,0,10699
3444,0,10699
10395,2,10699
10699,1,6126
10699,1,6314
10699,1,6386
10699,1,6405
10699,1,6406
10699,3,14023
10699,3,13859
10699,3,13750
10699,3,10743
10699,3,10815
10699,3,10911
10699,3,14125
186,0,10700
1174,0,10700
2151,0,10700
3445,0,10700
10395,2,10700
10700,1,6086
10700,1,6350
10700,1,6418
10700,1,6419
10700,1,6420
10700,3,13965
1839,0,10701
2314,0,10701
2315,0,10701
2528,0,10701
2982,0,10701
3446,0,10701
10395,2,10701
10701,1,5924
10701,1,6086
10701,1,6185
10701,1,6220
10701,1,6255
10701,1,6295
10701,1,6322
10701,1,6383
10701,1,6421
10701,1,6422
10701,1,6423
10701,1,6424
10701,3,13807
10701,3,14958
10701,3,15084
10701,3,14125
2939,0,10702
3447,0,10702
10395,2,10702
10702,1,5972
10702,1,6086
10702,1,6164
10702,1,6255
10702,1,6318
10702,1,6319
10702,1,6320
10702,1,6428
10702,1,6429
10702,1,6430
10702,1,6431
10702,3,13994
10702,3,14267
10702,3,13792
10702,3,13793
10702,3,14121
2939,0,10703
3447,0,10703
10395,2,10703
10703,1,6118
10703,1,6247
10703,1,6255
10703,1,6319
10703,1,6347
10703,1,6432
10703,1,6433
10703,1,6434
3418,0,10705
3449,0,10705
3450,0,10705
10395,2,10705
10705,1,6005
10705,1,6006
10705,1,6079
10705,1,6193
10705,1,6437
10705,1,6438
2114,0,10706
2115,0,10706
3452,0,10706
10395,2,10706
10706,1,5916
10706,1,6060
10706,1,6206
10706,1,6448
10706,1,6449
10706,1,6450
10706,3,12838
3453,0,10707
3454,0,10707
10395,2,10707
10707,1,5970
10707,1,6181
10707,1,6344
10707,1,6432
10707,1,6451
10707,1,6452
10707,1,6453
10707,1,6454
10707,3,13935
198,0,10708
3453,0,10708
3454,0,10708
3455,0,10708
10395,2,10708
10708,1,5915
10708,1,5929
10708,1,5970
10708,1,6033
10708,1,6146
10708,1,6204
10708,1,6315
10708,1,6344
10708,3,14155
1670,0,10709
2646,0,10709
10395,2,10709
10709,1,6290
10709,1,6416
10709,1,6460
10709,1,6461
10709,1,6462
10709,1,6463
10709,3,15455
10709,3,14880
10709,3,13553
10709,3,14642
2854,0,10710
2869,0,10710
3456,0,10710
3457,0,10710
10395,2,10710
10710,1,6065
10710,1,6157
10710,1,6250
10710,1,6464
10710,1,6465
10710,3,14886
10710,3,15404
2453,0,10711
2540,0,10711
3458,0,10711
3459,0,10711
3460,0,10711
10395,2,10711
10711,1,6466
10711,1,6467
10711,1,6468
10711,1,6469
10711,1,6470
2620,0,10712
2716,0,10712
3462,0,10712
10395,2,10712
10712,1,5992
10712,1,6028
10712,1,6207
10712,1,6235
10712,1,6250
10712,1,6270
10712,1,6324
10712,1,6476
10712,3,14837
10712,3,14673
10712,3,14333
10712,3,14926
10712,3,11404
3186,0,10713
3311,0,10713
3463,0,10713
3464,0,10713
3465,0,10713
10395,2,10713
10713,1,5958
10713,1,6052
10713,1,6478
10713,1,6479
10713,1,6480
10713,3,14095
10713,3,14083
494,0,10714
1687,0,10714
1712,0,10714
10395,2,10714
10714,1,5936
10714,1,5947
10714,1,5996
10714,1,6344
10714,1,6483
10714,1,6484
10714,1,6485
10714,1,6486
10714,3,13959
739,0,10715
3093,0,10715
3311,0,10715
3467,0,10715
3468,0,10715
10395,2,10715
10715,1,5970
10715,1,6005
10715,1,6064
10715,1,6172
10715,1,6185
10715,1,6255
10715,1,6337
10715,3,11588
10715,3,14133
10715,3,13807
10715,3,14083
350,0,10716
3295,0,10716
3469,0,10716
3470,0,10716
3471,0,10716
3472,0,10716
3473,0,10716
10395,2,10716
10716,1,5937
10716,1,6141
10716,1,6494
10716,3,14130
10716,3,14267
3474,0,10717
10395,2,10717
10717,1,5937
10717,1,6018
10717,1,6310
10717,1,6496
10717,1,6497
1862,0,10718
2045,0,10718
10395,2,10718
10718,1,5978
10718,1,6086
10718,1,6185
10718,1,6460
10718,1,6497
10718,1,6509
10718,3,10781
10718,3,14012
10718,3,14034
10718,3,14137
2617,0,10719
3475,0,10719
10395,2,10719
10719,1,6001
10719,1,6013
10719,1,6086
10719,1,6105
10719,1,6171
10719,1,6185
10719,1,6255
10719,1,6276
10719,1,6422
10719,1,6518
10719,3,14799
493,0,10720
3476,0,10720
10395,2,10720
10720,1,6065
10720,1,6193
10720,1,6297
10720,1,6344
10720,1,6406
10720,1,6525
10720,3,13897
10720,3,15467
10720,3,12253
10720,3,12224
10720,3,12007
10720,3,14161
10720,3,11177
1756,0,10721
3477,0,10721
10395,2,10721
10721,1,6089
10721,1,6479
10721,1,6530
10721,1,6531
10721,1,6532
10721,1,6533
10721,3,13851
10721,3,14181
10721,3,14284
1717,0,10722
1758,0,10722
1862,0,10722
2045,0,10722
3479,0,10722
10395,2,10722
10722,1,5970
10722,1,5972
10722,1,5978
10722,1,6086
10722,1,6185
10722,1,6255
10722,1,6407
10722,1,6479
10722,1,6537
10722,3,10718
10722,3,14267
10722,3,11022
10722,3,14137
10722,3,14125
10722,3,14284
10722,3,13921
10722,3,14034
10722,3,14012
10722,3,13917
10722,3,11422
2958,0,10723
3480,0,10723
3481,0,10723
3482,0,10723
3483,0,10723
3484,0,10723
10395,2,10723
10723,1,5918
10723,1,5929
10723,1,5936
10723,1,5992
10723,1,6126
10723,1,6344
10723,1,6471
10723,1,6538
10723,3,14094
10723,3,13589
10723,3,15563
10723,3,12199
10723,3,14424
328,0,10724
3485,0,10724
3486,0,10724
10395,2,10724
10724,1,5958
10724,1,6052
10724,1,6100
10724,1,6208
10724,1,6250
10724,1,6354
10724,1,6475
10724,1,6539
10724,3,15411
591,0,10725
3487,0,10725
10395,2,10725
10725,1,5972
10725,1,6255
10725,1,6320
10725,1,6431
10725,1,6535
10725,1,6543
10725,1,6544
10725,1,6545
10725,3,13793
10725,3,13792
10725,3,14121
1803,0,10726
2958,0,10726
3000,0,10726
3123,0,10726
3480,0,10726
3484,0,10726
3488,0,10726
3489,0,10726
3490,0,10726
3491,0,10726
10395,2,10726
10726,1,5946
10726,1,5992
10726,1,6288
10726,1,6289
10726,1,6546
10726,1,6547
401,0,10727
2032,0,10727
3492,0,10727
10395,2,10727
10727,1,5945
10727,1,6079
10727,1,6185
10727,1,6548
10727,1,6549
10727,3,14423
10727,3,10962
3493,0,10728
3494,0,10728
10395,2,10728
10728,1,5970
10728,1,6354
10728,1,6475
10728,1,6550
10728,1,6551
10728,1,6552
10728,1,8727
10728,3,14927
10728,3,14537
10728,3,14633
10728,3,15087
3000,0,10729
3123,0,10729
3480,0,10729
3484,0,10729
3495,0,10729
10395,2,10729
10729,1,5936
10729,1,5949
10729,1,5992
10729,1,6124
10729,1,6322
10729,1,6553
10729,1,6554
10729,3,14179
10729,3,15055
1832,0,10730
2035,0,10730
3496,0,10730
10395,2,10730
10730,1,6109
10730,1,6242
10730,1,6264
10730,1,6555
10730,3,14569
10730,3,11409
1934,0,10731
3115,0,10731
3139,0,10731
10395,2,10731
10731,1,6288
10731,1,6346
10731,1,6580
10731,1,6581
2099,0,10732
3499,0,10732
10395,2,10732
10732,1,5936
10732,1,6084
10732,1,6250
10732,1,6582
10732,1,6583
10732,1,6584
10732,1,6585
144,0,10733
3500,0,10733
10395,2,10733
10733,1,6091
10733,1,6250
10733,1,6255
10733,1,6304
10733,1,6589
10733,1,6590
10733,1,6591
1434,0,10734
3501,0,10734
10395,2,10734
10734,1,6052
10734,1,6071
10734,1,6249
10734,1,6261
10734,1,6346
10734,1,6475
10734,1,6594
10734,1,6595
10734,3,14791
10734,3,15110
10734,3,15040
10734,3,15295
371,0,10735
2699,0,10735
3502,0,10735
10395,2,10735
10735,1,6055
10735,1,6249
10735,1,6596
10735,1,6597
10735,3,15536
10735,3,15404
2160,0,10736
3503,0,10736
10395,2,10736
10736,1,5929
10736,1,5970
10736,1,6356
10736,1,6598
10736,1,6599
10736,3,13156
10736,3,12822
10736,3,14569
10736,3,12987
10736,3,14325
10736,3,11912
10736,3,11924
244,0,10737
3505,0,10737
10395,2,10737
10737,1,6475
10737,1,6513
10737,1,6618
10737,1,6619
10737,1,6620
10737,1,6621
10737,3,13130
10737,3,14304
10737,3,15411
10737,3,11712
10737,3,11827
108,0,10738
109,0,10738
117,0,10738
119,0,10738
901,0,10738
1267,0,10738
2148,0,10738
3506,0,10738
3507,0,10738
10395,2,10738
10738,1,5947
10738,1,5992
10738,1,6247
10738,1,6443
10738,1,6622
10738,1,6623
10738,3,10969
356,0,10739
2719,0,10739
3508,0,10739
10395,2,10739
10739,1,5980
10739,1,6084
10739,1,6086
10739,1,6350
10739,1,6624
10739,1,6625
10739,3,14094
10739,3,14179
10739,3,13895
10739,3,13897
10739,3,13844
10739,3,13806
10739,3,15597
10739,3,15632
1434,0,10740
3509,0,10740
10395,2,10740
10740,1,6283
10740,1,6614
10740,1,6630
10740,1,6631
10740,1,6632
10740,3,14852
371,0,10741
385,0,10741
2699,0,10741
3510,0,10741
10395,2,10741
10741,1,6249
10741,1,6309
10741,1,6633
10741,1,6634
10741,3,13556
10741,3,14485
10741,3,14745
10741,3,14845
913,0,10744
2205,0,10744
3516,0,10744
10395,2,10744
10744,1,5970
10744,1,6012
10744,1,6075
10744,1,6669
10744,1,6670
10744,3,15570
3517,0,10745
3518,0,10745
10395,2,10745
10745,1,6012
10745,1,6673
10745,1,6674
10745,1,6675
10745,1,6676
10745,3,13806
3519,0,10746
10395,2,10746
10746,1,5970
10746,1,5992
10746,1,6086
10746,1,6346
10746,1,6677
10746,1,6678
10746,1,6679
10746,1,6680
10746,1,6681
10746,1,6682
10746,1,6683
10746,1,6684
10746,1,6685
10746,3,15515
315,0,10747
618,0,10747
853,0,10747
3529,0,10747
3530,0,10747
10395,2,10747
10747,1,5949
10747,1,6451
10747,1,6708
10747,1,6709
10747,1,6710
10747,1,6711
10747,3,14513
10747,3,14820
10747,3,11664
21,0,10748
3531,0,10748
3532,0,10748
3533,0,10748
10395,2,10748
10748,1,6653
10748,1,6712
10748,1,6713
80,0,10749
3534,0,10749
10395,2,10749
10749,1,6013
10749,1,6140
10749,1,6247
10749,1,6645
10749,1,6715
10749,3,13826
10749,3,15122
10749,3,13885
10749,3,14202
1796,0,10750
1797,0,10750
10395,2,10750
10750,1,5929
10750,1,5947
10750,1,6018
10750,1,6198
10750,1,6685
10750,1,6726
10750,1,6727
10750,3,13021
2617,0,10751
3536,0,10751
10395,2,10751
10751,1,6258
10751,1,6483
10751,1,6627
10751,1,6728
10751,3,14458
10751,3,13897
10751,3,14424
10751,3,13855
10751,3,15053
10751,3,14045
10751,3,14086
10751,3,14161
3494,0,10752
10395,2,10752
10752,1,6099
10752,1,6135
10752,1,6207
10752,1,6242
10752,1,6250
10752,1,6283
10752,1,6351
10752,1,6352
10752,1,6729
10752,1,6730
2999,0,10753
3368,0,10753
3537,0,10753
3538,0,10753
10395,2,10753
10753,1,6000
10753,1,6249
10753,1,6734
10753,1,6735
10753,3,14599
10753,3,14319
10753,3,14348
10753,3,15306
10753,3,14961
10753,3,15116
10753,3,14465
10753,3,13500
10753,3,11353
10753,3,14517
887,0,10754
2737,0,10754
3541,0,10754
10395,2,10754
10754,1,6744
10754,1,6745
10754,1,6746
10754,3,14091
2617,0,10755
3542,0,10755
10395,2,10755
10755,1,6304
10755,1,6363
10755,1,6701
10755,1,6747
10755,1,6748
10755,1,6749
10755,3,14231
10755,3,14143
10755,3,14223
10755,3,13833
10755,3,15322
10755,3,14004
10755,3,13855
10755,3,10756
10755,3,14590
10755,3,11030
2617,0,10756
3543,0,10756
3544,0,10756
3545,0,10756
3546,0,10756
10395,2,10756
10756,1,6013
10756,1,6086
10756,1,6136
10756,1,6255
10756,1,6261
10756,1,6303
10756,1,6714
10756,1,6751
10756,3,14129
10756,3,14143
10756,3,14799
10756,3,14982
10756,3,13882
2754,0,10757
3021,0,10757
3547,0,10757
3548,0,10757
10395,2,10757
10757,1,6185
10757,1,6249
10757,1,6250
10757,1,6309
10757,1,6752
10757,3,14465
1413,0,10758
1606,0,10758
1775,0,10758
3549,0,10758
3550,0,10758
3551,0,10758
10395,2,10758
10758,1,6086
10758,1,6097
10758,1,6156
10758,1,6237
10758,1,6754
10758,1,6755
10758,1,6756
1918,0,10759
3185,0,10759
3552,0,10759
3553,0,10759
10395,2,10759
10759,1,6247
10759,1,6249
10759,1,6409
10759,1,6554
10759,1,6757
10759,3,13614
127,0,10760
3285,0,10760
3554,0,10760
10395,2,10760
10760,1,5915
10760,1,6166
10760,1,6606
10760,1,6758
10760,1,6759
10760,3,13941
10760,3,14155
10760,3,14037
10760,3,14049
10760,3,13960
10760,3,10743
10760,3,14281
10760,3,14039
10760,3,10687
10760,3,13883
3555,0,10761
3556,0,10761
10395,2,10761
10761,1,5970
10761,1,5978
10761,1,6023
10761,1,6185
10761,1,6407
10761,1,6760
10761,3,14267
10761,3,14125
10761,3,12139
10761,3,14254
10761,3,14166
10761,3,12340
10761,3,14012
841,0,10762
3555,0,10762
3557,0,10762
10395,2,10762
10762,1,6127
10762,1,6225
10762,1,6355
10762,1,6477
10762,1,6763
10762,1,6764
2074,0,10763
2075,0,10763
2076,0,10763
3558,0,10763
10395,2,10763
10763,1,6012
10763,1,6322
10763,1,6645
10763,1,6765
10763,3,14429
10763,3,13538
10763,3,13542
2231,0,10764
3559,0,10764
3560,0,10764
10395,2,10764
10764,1,6309
10764,1,6322
10764,1,6337
10764,1,6352
10764,1,6588
10764,1,6766
10764,1,6767
10764,1,6768
10764,1,6769
10764,1,6770
10764,3,14489
10764,3,14680
10764,3,11419
10764,3,11430
3561,0,10766
3562,0,10766
10395,2,10766
10766,1,5915
10766,1,5972
10766,1,6222
10766,1,6774
10766,1,6775
10766,1,6776
10766,1,6777
10766,1,6778
10766,1,6779
3561,0,10767
3563,0,10767
3564,0,10767
10395,2,10767
10767,1,6001
10767,1,6075
10767,1,6156
10767,1,6255
10767,1,6282
10767,1,6344
10767,1,6780
10767,1,6781
10767,1,6782
10767,3,14108
1920,0,10768
2841,0,10768
2873,0,10768
10395,2,10768
10768,1,6014
10768,1,6090
10768,1,6249
10768,1,6350
10768,1,6537
3565,0,10769
3566,0,10769
3567,0,10769
10395,2,10769
10769,1,5947
10769,1,6349
10769,1,6351
10769,1,6506
10769,1,6721
10769,1,6731
10769,1,6801
10769,1,6802
10769,1,6803
10769,3,12237
704,0,10770
3568,0,10770
3569,0,10770
10395,2,10770
10770,1,6185
10770,1,6407
10770,1,6420
10770,1,6806
10770,3,14195
10770,3,13876
10770,3,11422
657,0,10771
810,0,10771
10395,2,10771
10771,1,6250
10771,1,6314
10771,1,6410
10771,1,6809
10771,1,6810
10771,1,6811
10771,1,6812
10771,3,12220
1545,0,10772
3570,0,10772
10395,2,10772
10772,1,6005
10772,1,6086
10772,1,6212
10772,1,6255
10772,1,6479
10772,1,7204
10772,1,7397
3483,0,10773
3484,0,10773
3571,0,10773
3572,0,10773
3573,0,10773
10395,2,10773
10773,1,5936
10773,1,6185
10773,1,6315
10773,1,6407
10773,1,6526
10773,3,13960
10773,3,15548
10773,3,14325
158,0,10774
1803,0,10774
3574,0,10774
10395,2,10774
10774,1,6037
10774,1,6254
10774,1,6344
10774,1,7398
10774,1,7399
10774,1,7400
10774,1,7401
10774,3,13060
10774,3,13883
704,0,10775
2058,0,10775
10395,2,10775
10775,1,5936
10775,1,5972
10775,1,5978
10775,1,6171
10775,3,14195
10775,3,14206
10775,3,14079
10775,3,14031
10775,3,14125
10775,3,13776
10775,3,14034
10775,3,14012
1956,0,10776
3245,0,10776
3459,0,10776
3460,0,10776
10395,2,10776
10776,1,6631
10776,1,6826
10776,1,7402
10776,1,7403
10776,1,7404
10776,1,7405
10776,3,14813
10776,3,11056
10776,3,14845
10776,3,13497
10776,3,14450
2163,0,10777
2164,0,10777
2165,0,10777
2952,0,10777
3575,0,10777
3576,0,10777
3577,0,10777
10395,2,10777
10777,1,5947
10777,1,6008
10777,1,7406
10777,1,7407
10777,1,7408
2517,0,10778
3579,0,10778
3580,0,10778
3581,0,10778
10395,2,10778
10778,1,6255
10778,1,6301
10778,1,6336
10778,1,6347
10778,1,6766
10778,1,7410
10778,1,7411
10778,1,7412
10778,3,14129
10778,3,11005
10778,3,13826
10778,3,13928
10778,3,15122
10778,3,13948
10778,3,13967
10778,3,15301
1413,0,10779
1775,0,10779
3582,0,10779
10395,2,10779
10779,1,6118
10779,1,6265
10779,1,6881
10779,1,7413
10779,1,7414
10779,1,7415
10779,3,12250
10779,3,10958
3135,0,10780
3583,0,10780
3584,0,10780
10395,2,10780
10780,1,6171
10780,1,6322
10780,1,6614
10780,1,6694
10780,1,6926
10780,1,7418
10780,1,7422
10780,1,7423
10780,1,7424
10780,1,7425
10780,3,14530
10780,3,14354
10780,3,14537
10780,3,15219
10780,3,14743
10780,3,14763
10780,3,14760
10780,3,14793
244,0,10782
880,0,10782
2665,0,10782
3585,0,10782
10395,2,10782
10782,1,5980
10782,1,6200
10782,1,6206
10782,1,6276
10782,1,6322
10782,1,6710
10782,1,7427
10782,3,13585
10782,3,14761
10782,3,15355
10782,3,11259
10782,3,14793
244,0,10783
880,0,10783
2665,0,10783
3585,0,10783
10395,2,10783
10783,1,6206
10783,1,6377
10783,1,6631
10783,1,7428
10783,1,7429
10783,1,7430
10783,3,14480
10783,3,14685
10783,3,13491
10783,3,15153
10783,3,11043
10783,3,13622
657,0,10784
3586,0,10784
10395,2,10784
10784,1,5929
10784,1,6052
10784,1,7189
10784,1,7431
10784,3,13867
10784,3,13967
10784,3,12220
10784,3,12164
1331,0,10786
3197,0,10786
3587,0,10786
10395,2,10786
10786,1,5972
10786,1,5992
10786,1,6242
10786,1,7434
10786,1,7435
10786,1,7436
10786,3,14415
10786,3,15053
10786,3,10785
10786,3,13942
10786,3,12260
10786,3,12301
146,0,10787
3588,0,10787
10395,2,10787
10787,1,6084
10787,1,6086
10787,1,6255
10787,1,6494
10787,1,6759
10787,3,13967
82,0,10789
943,0,10789
1737,0,10789
3589,0,10789
10395,2,10789
10789,1,6193
10789,1,6460
10789,1,6938
10789,3,14155
10789,3,15563
3000,0,10791
3123,0,10791
3484,0,10791
3572,0,10791
10395,2,10791
10791,1,5936
10791,1,6237
10791,1,6250
10791,1,6343
10791,1,7225
10791,3,10955
1896,0,10792
1900,0,10792
3590,0,10792
10395,2,10792
10792,1,6086
10792,1,6255
10792,1,6295
10792,1,6577
10792,1,7447
10792,1,7448
10792,3,14982
10792,3,11462
10792,3,14799
1896,0,10793
1900,0,10793
3590,0,10793
10395,2,10793
10793,1,6136
10793,1,6249
10793,1,6337
10793,1,6346
10793,1,6566
10793,1,7449
10793,3,15110
10793,3,15379
10793,3,15406
10793,3,14789
1211,0,10794
3591,0,10794
3592,0,10794
10395,2,10794
10794,1,5992
10794,1,6322
10794,1,6624
10794,1,7262
10794,1,7452
10794,1,7453
10794,3,13992
10794,3,15557
10794,3,15056
1846,0,10795
2687,0,10795
3593,0,10795
10395,2,10795
10795,1,5970
10795,1,6250
10795,1,6337
10795,1,6413
10795,1,7457
10795,1,7458
1939,0,10796
1940,0,10796
10395,2,10796
10796,1,5945
10796,1,5949
10796,1,6185
10796,1,7460
10796,1,7461
10796,1,7462
10796,1,7463
10796,3,10797
10796,3,13628
1895,0,10798
1979,0,10798
3131,0,10798
10395,2,10798
10798,1,6054
10798,1,6226
10798,1,6326
10798,1,6892
10798,1,6947
10798,1,7468
10798,3,14534
10798,3,14659
3594,0,10799
3595,0,10799
10395,2,10799
10799,1,5966
10799,1,5970
10799,1,5992
10799,1,6133
10799,1,6247
10799,1,6250
10799,1,6263
10799,1,6577
10799,1,7412
10799,3,14230
1943,0,10800
1944,0,10800
1945,0,10800
1971,0,10800
3596,0,10800
3597,0,10800
10395,2,10800
10800,1,6009
10800,1,6214
10800,1,6250
10800,1,6309
10800,1,7474
10800,1,7475
154,0,10801
2119,0,10801
3391,0,10801
10395,2,10801
10801,1,5992
10801,1,6079
10801,1,6096
10801,1,6118
10801,1,6185
10801,1,6541
10801,1,6919
10801,1,7040
10801,3,14415
10801,3,14355
10801,3,11014
10801,3,15252
10801,3,11620
10801,3,15301
10801,3,14125
10801,3,12937
10801,3,14841
10801,3,11473
10801,3,14597
302,0,10802
879,0,10802
880,0,10802
2743,0,10802
10395,2,10802
10802,1,6096
10802,1,6250
10802,1,6321
10802,1,6619
10802,1,7476
10802,1,7477
10802,3,15545
10802,3,14742
10802,3,14623
10802,3,14845
10802,3,14341
1908,0,10803
3059,0,10803
10395,2,10803
10803,1,6000
10803,1,6157
10803,1,6185
10803,1,6309
10803,1,6741
10803,1,7482
10803,1,7483
10803,3,14508
10803,3,15019
10803,3,11423
10803,3,15252
10803,3,11621
10803,3,15377
354,0,10804
1852,0,10804
3157,0,10804
3599,0,10804
10395,2,10804
10804,1,5956
10804,1,6250
10804,1,6276
10804,1,6386
10804,1,6663
10804,3,14436
10804,3,15124
10804,3,14426
880,0,10805
2900,0,10805
3600,0,10805
10395,2,10805
10805,1,5940
10805,1,6283
10805,1,6665
10805,1,6747
10805,1,7491
10805,1,7492
10805,3,14808
10805,3,14651
10805,3,11003
2099,0,10807
3499,0,10807
3601,0,10807
3602,0,10807
10395,2,10807
10807,1,6086
10807,1,6089
10807,1,6255
10807,1,6347
10807,1,6576
10807,1,6582
10807,1,7493
10807,3,13895
2099,0,10808
3603,0,10808
3604,0,10808
10395,2,10808
10808,1,6146
10808,1,6181
10808,1,6314
10808,1,6612
10808,1,6617
10808,1,6637
10808,1,7495
10808,1,7496
10808,3,14535
425,0,10810
1807,0,10810
2242,0,10810
2569,0,10810
3606,0,10810
10395,2,10810
10810,1,5937
10810,1,5947
10810,1,6018
10810,1,6051
10810,1,6242
10810,1,6488
10810,1,6526
10810,1,6657
10810,1,7028
10810,1,7497
10810,1,7498
10810,1,7499
79,0,10811
2220,0,10811
2221,0,10811
10395,2,10811
10811,1,5921
10811,1,5966
10811,1,5992
10811,1,6203
10811,1,6625
10811,1,7500
10811,1,7501
10811,3,14403
10811,3,13137
2900,0,10812
3511,0,10812
3607,0,10812
10395,2,10812
10812,1,6036
10812,1,6156
10812,1,6163
10812,1,6250
10812,1,6335
10812,1,7113
10812,1,7502
10812,1,7503
2900,0,10813
3511,0,10813
3607,0,10813
10395,2,10813
10813,1,6156
10813,1,6163
10813,1,6247
10813,1,6509
10813,1,6560
10813,1,6586
10813,1,6637
10813,1,6702
10813,1,7496
10813,1,7505
10813,1,7506
10813,3,10809
10813,3,14535
10813,3,11053
1955,0,10814
10395,2,10814
10814,1,6013
10814,1,6136
10814,1,6250
10814,1,6262
10814,1,7512
10814,1,7513
2938,0,10816
2939,0,10816
3429,0,10816
3430,0,10816
3609,0,10816
10395,2,10816
10816,1,6079
10816,1,6181
10816,1,6337
10816,1,6344
10816,1,7520
10816,1,7521
10816,3,13883
704,0,10817
3610,0,10817
3611,0,10817
10395,2,10817
10817,1,6367
10817,1,6475
10817,1,6524
10817,1,6749
10817,1,6784
10817,1,7160
10817,1,7393
10817,3,14035
10817,3,14267
10817,3,14125
10817,3,14110
10817,3,14034
10817,3,13977
1026,0,10818
1052,0,10818
10395,2,10818
10818,1,6038
10818,1,6083
10818,1,6157
10818,1,6249
10818,1,6250
10818,1,7304
10818,1,7522
1894,0,10819
1988,0,10819
10395,2,10819
10819,1,5996
10819,1,6250
10819,1,6283
10819,1,6410
10819,1,6926
10819,1,7148
10819,1,7523
1711,0,10820
1801,0,10820
10395,2,10820
10820,1,5970
10820,1,5978
10820,1,6034
10820,1,6334
10820,1,6701
10820,1,6948
10820,1,7524
10820,1,7525
10820,1,7526
10820,3,14223
10820,3,10858
1734,0,10821
1735,0,10821
10395,2,10821
10821,1,5992
10821,1,6323
10821,1,6644
10821,1,7393
10821,1,7527
10821,1,7528
10821,1,7529
10821,3,15621
10821,3,12250
10821,3,15553
10821,3,15622
235,0,10822
2018,0,10822
2124,0,10822
2647,0,10822
2660,0,10822
10395,2,10822
10822,1,6070
10822,1,6250
10822,1,6280
10822,1,7063
10822,1,7430
10822,1,7530
10822,3,13491
10822,3,15084
10822,3,14541
727,0,10823
1144,0,10823
1711,0,10823
3612,0,10823
10395,2,10823
10823,1,5978
10823,1,6087
10823,1,6627
10823,1,6978
10823,1,7531
10823,1,7532
10823,3,13965
841,0,10825
3287,0,10825
3615,0,10825
10395,2,10825
10825,1,5992
10825,1,6069
10825,1,7538
963,0,10826
3545,0,10826
3616,0,10826
3617,0,10826
10395,2,10826
10826,1,5940
10826,1,6247
10826,1,6569
10826,1,6753
10826,1,7540
10826,3,13799
10826,3,14279
10826,3,10794
2897,0,10827
2898,0,10827
3229,0,10827
10395,2,10827
10827,1,6227
10827,1,6247
10827,1,6326
10827,1,6352
10827,1,6607
10827,3,14129
10827,3,15122
10827,3,15643
439,0,10829
1068,0,10829
1735,0,10829
3619,0,10829
10395,2,10829
10829,1,6096
10829,1,6249
10829,1,6255
10829,1,6322
10829,3,13833
10829,3,13629
1740,0,10830
3620,0,10830
10395,2,10830
10830,1,5929
10830,1,5970
10830,1,6191
10830,1,7005
10830,1,7542
10830,1,7543
10830,3,15627
1525,0,10831
2870,0,10831
2935,0,10831
3621,0,10831
10395,2,10831
10831,1,5948
10831,1,5970
10831,1,5978
10831,1,6039
10831,1,6084
10831,1,6229
10831,1,6453
10831,1,7545
10831,3,13020
10831,3,14619
10831,3,14435
10831,3,14579
10831,3,15306
10831,3,14495
10831,3,14578
10831,3,12811
2334,0,10832
2355,0,10832
2900,0,10832
3623,0,10832
10395,2,10832
10832,1,5936
10832,1,5992
10832,1,5996
10832,1,6242
10832,1,6403
10832,1,6444
10832,1,6538
10832,1,7549
10832,3,13806
10832,3,13840
10832,3,15539
10832,3,15296
10832,3,15597
704,0,10833
1683,0,10833
3162,0,10833
3625,0,10833
3626,0,10833
10395,2,10833
10833,1,6111
10833,1,6191
10833,1,6258
10833,1,6346
10833,1,6846
10833,1,7393
10833,1,7526
10833,3,14111
880,0,10834
2003,0,10834
3435,0,10834
10395,2,10834
10834,1,6217
10834,1,6276
10834,1,6428
10834,1,7422
10834,1,7423
10834,1,7552
10834,3,14763
10834,3,11330
10834,3,11354
10834,3,13504
10834,3,14350
10834,3,14378
10834,3,15023
10834,3,15155
10834,3,14602
10834,3,15219
10834,3,15468
32,0,10836
3319,0,10836
3521,0,10836
3627,0,10836
3628,0,10836
10395,2,10836
10836,1,5967
10836,1,5977
10836,1,6013
10836,1,6136
10836,1,6295
10836,1,6410
10836,1,7557
10836,3,14624
1067,0,10838
3259,0,10838
3629,0,10838
10395,2,10838
10838,1,6301
10838,1,6386
10838,1,6406
10838,1,6744
10838,1,6943
10838,3,13984
10838,3,10743
10838,3,11177
1926,0,10839
3630,0,10839
3631,0,10839
3632,0,10839
10395,2,10839
10839,1,5970
10839,1,6134
10839,1,6166
10839,1,6185
10839,1,7561
10839,1,7562
10839,1,7563
10839,3,14735
3633,0,10840
3634,0,10840
10395,2,10840
10840,1,5937
10840,1,6831
10840,1,7431
3637,0,10841
3638,0,10841
3639,0,10841
10395,2,10841
10841,1,6247
10841,1,7059
10841,1,7086
10841,1,7564
10841,3,10788
2066,0,10842
2961,0,10842
10395,2,10842
10842,1,6079
10842,1,6303
10842,1,6337
10842,1,6376
10842,1,6428
10842,1,7565
10842,3,14454
10842,3,15023
10842,3,14834
10842,3,12992
10842,3,13388
349,0,10843
350,0,10843
397,0,10843
10395,2,10843
10843,1,6346
10843,1,7566
10843,3,15138
355,0,10844
2145,0,10844
10395,2,10844
10844,1,5964
10844,1,6028
10844,1,6079
10844,1,6181
10844,1,6242
10844,1,6250
10844,1,6386
10844,1,7567
10844,3,14155
65,0,10846
2656,0,10846
10395,2,10846
10846,1,5992
10846,1,6034
10846,1,6242
10846,1,6842
10846,1,7177
10846,1,7304
10846,1,7318
10846,1,7569
10846,1,7570
2655,0,10847
3640,0,10847
10395,2,10847
10847,1,5947
10847,1,6013
10847,1,6127
10847,1,6410
10847,1,7433
10847,1,7571
1190,0,10848
1331,0,10848
3641,0,10848
10395,2,10848
10848,1,5945
10848,1,5992
10848,1,6247
10848,1,6483
10848,1,7572
10848,1,7573
1797,0,10852
2281,0,10852
3644,0,10852
10395,2,10852
10852,1,6203
10852,1,6451
10852,1,6479
10852,1,6499
10852,1,7584
10852,3,14137
10852,3,13878
10852,3,14047
10852,3,10968
1142,0,10854
1889,0,10854
2573,0,10854
3649,0,10854
10395,2,10854
10854,1,6005
10854,1,6249
10854,1,6250
10854,1,6314
10854,1,6322
10854,1,6337
10854,1,7424
10854,3,14898
1403,0,10856
1705,0,10856
10395,2,10856
10856,1,5937
10856,1,5970
10856,1,5992
10856,1,6242
10856,1,6363
10856,1,6580
10856,1,6604
10856,1,6749
10856,3,13855
2900,0,10857
3651,0,10857
3652,0,10857
10395,2,10857
10857,1,6087
10857,1,6181
10857,1,6242
10857,1,6253
10857,1,6337
10857,1,6630
10857,1,7592
10857,3,13044
10857,3,12934
10857,3,14647
10857,3,12809
10857,3,14325
10857,3,14403
10857,3,11409
10857,3,11562
10857,3,11624
10857,3,15449
10857,3,15460
704,0,10858
2534,0,10858
10395,2,10858
10858,1,5936
10858,1,5972
10858,1,5978
10858,1,6255
10858,1,7595
10858,3,14195
10858,3,14079
10858,3,14035
10858,3,13959
10858,3,14012
10858,3,14034
10858,3,14125
10858,3,14152
10858,3,14284
2935,0,10859
3648,0,10859
3653,0,10859
3654,0,10859
10395,2,10859
10859,1,5947
10859,1,5970
10859,1,6249
10859,1,6410
10859,1,6574
10859,1,6602
10859,1,6663
10859,1,7040
10859,1,7596
10859,3,15404
704,0,10860
2534,0,10860
3655,0,10860
10395,2,10860
10860,1,5936
10860,1,6046
10860,1,6363
10860,1,6367
10860,1,6749
10860,1,7026
10860,1,7396
10860,3,14079
10860,3,14062
10860,3,14034
188,0,10861
1434,0,10861
3656,0,10861
10395,2,10861
10861,1,6001
10861,1,6226
10861,1,6250
10861,1,6425
10861,1,7598
10861,1,7599
10861,3,14758
10861,3,14340
10861,3,14376
10861,3,14466
10861,3,13531
10861,3,14554
10861,3,14708
10861,3,14853
150,0,10862
262,0,10862
2090,0,10862
2093,0,10862
2939,0,10862
3420,0,10862
10395,2,10862
10862,1,5972
10862,1,6137
10862,1,6295
10862,1,6301
10862,1,6322
10862,1,7600
10862,1,7601
10862,3,15252
1142,0,10865
2572,0,10865
2573,0,10865
3658,0,10865
10395,2,10865
10865,1,6000
10865,1,6079
10865,1,6249
10865,1,6428
10865,1,7040
10865,1,7607
10865,3,14599
10865,3,14495
10865,3,15110
10865,3,14578
10865,3,15252
10865,3,15306
188,0,10866
1434,0,10866
2596,0,10866
10395,2,10866
10866,1,6417
10866,1,6425
10866,1,7304
10866,1,7598
10866,1,7609
10866,3,14758
10866,3,10861
10866,3,14853
10866,3,14340
10866,3,14376
3657,0,10867
3659,0,10867
10395,2,10867
10867,1,5936
10867,1,5980
10867,1,6255
10867,1,6471
10867,1,6582
10867,3,10806
2068,0,10868
3660,0,10868
10395,2,10868
10868,1,5949
10868,1,5970
10868,1,6118
10868,1,6249
10868,1,6346
10868,1,6410
10868,1,6416
10868,1,6783
10868,1,7580
10868,1,7610
10868,1,7611
1662,0,10869
1663,0,10869
1863,0,10869
10395,2,10869
10869,1,6166
10869,1,6284
10869,1,6371
10869,1,6911
10869,1,7005
10869,1,7613
10869,3,14799
10869,3,14176
10869,3,14982
10869,3,14956
10869,3,10719
10869,3,13882
10869,3,15249
3662,0,10870
3663,0,10870
10395,2,10870
10870,1,6034
10870,1,6071
10870,1,6471
10870,1,6538
10870,1,7318
10870,1,7614
1805,0,10871
3664,0,10871
10395,2,10871
10871,1,5936
10871,1,6079
10871,1,6280
10871,1,6344
10871,1,6386
10871,1,6389
10871,1,6390
221,0,10872
733,0,10872
1110,0,10872
10395,2,10872
10872,1,5929
10872,1,6386
10872,1,6399
10872,1,6668
10872,1,6858
10872,1,7615
10872,3,13762
10872,3,14046
10872,3,14161
704,0,10873
2058,0,10873
10395,2,10873
10873,1,5936
10873,1,6064
10873,1,6075
10873,1,6625
10873,1,6898
10873,1,7616
10873,3,13835
10873,3,13779
10873,3,14283
10873,3,14293
10873,3,13831
10873,3,13778
262,0,10874
2090,0,10874
2093,0,10874
10395,2,10874
10874,1,5992
10874,1,6084
10874,1,6247
10874,1,6322
10874,1,6702
10874,1,7290
10874,1,7617
10874,3,14129
10874,3,11038
10874,3,10849
10874,3,15122
10874,3,14597
10874,3,12224
10874,3,14835
106,0,10875
1604,0,10875
1689,0,10875
3665,0,10875
3666,0,10875
3667,0,10875
10395,2,10875
10875,1,5936
10875,1,6086
10875,1,6118
10875,1,6237
10875,1,6247
10875,1,6269
10875,1,7600
10875,3,15554
10875,3,15621
10875,3,12234
10875,3,15547
2090,0,10876
2091,0,10876
2093,0,10876
10395,2,10876
10876,1,6247
10876,1,6623
10876,1,7047
10876,1,7618
10876,3,14415
10876,3,11005
10876,3,15301
10876,3,14835
1887,0,10877
3668,0,10877
10395,2,10877
10877,1,5992
10877,1,6337
10877,1,6373
10877,1,6376
10877,1,6873
10877,1,7619
10877,3,15069
10877,3,11262
10877,3,13143
150,0,10878
2090,0,10878
2093,0,10878
10395,2,10878
10878,1,6063
10878,1,6322
10878,1,6389
10878,1,6478
10878,3,14154
10878,3,14015
10878,3,14068
2090,0,10879
2091,0,10879
2093,0,10879
3670,0,10879
10395,2,10879
10879,1,6247
10879,1,6623
10879,1,7047
10879,1,7618
2645,0,10880
2646,0,10880
3669,0,10880
3671,0,10880
10395,2,10880
10880,1,6249
10880,1,6432
10880,1,6619
10880,1,6767
10880,1,7142
10880,1,7204
10880,1,7222
10880,3,14791
10880,3,14845
55,0,10881
136,0,10881
10395,2,10881
10881,1,5921
10881,1,6239
10881,1,6529
10881,1,6582
10881,1,6814
10881,1,7621
10881,1,7622
55,0,10882
136,0,10882
1333,0,10882
10395,2,10882
10882,1,6126
10882,1,6314
10882,1,7469
10882,3,14053
10882,3,14052
10882,3,12845
2106,0,10883
2645,0,10883
2646,0,10883
10395,2,10883
10883,1,6118
10883,1,6249
10883,1,6309
10883,1,6337
10883,1,6625
10883,1,6908
10883,1,7405
10883,1,7623
10883,1,7624
10883,1,7625
10883,1,7626
10883,3,14791
10883,3,14447
10883,3,14845
229,0,10884
393,0,10884
573,0,10884
1534,0,10884
1598,0,10884
2206,0,10884
2389,0,10884
2640,0,10884
10395,2,10884
10884,1,5921
10884,1,5956
10884,1,6351
10884,1,6488
10884,1,7115
10884,1,7627
10884,3,13749
10884,3,11018
10884,3,11022
10884,3,10743
209,0,10885
588,0,10885
1149,0,10885
3672,0,10885
10395,2,10885
10885,1,5970
10885,1,6020
10885,1,6086
10885,1,6247
10885,1,6353
10885,1,7628
10885,3,13959
10885,3,14049
10885,3,14095
10885,3,14152
3174,0,10887
3177,0,10887
3179,0,10887
10395,2,10887
10887,1,6022
10887,1,6291
10887,1,6436
10887,1,7418
10887,1,7633
10887,1,7634
10887,3,13499
10887,3,14812
10887,3,11294
2006,0,10888
2646,0,10888
3675,0,10888
3676,0,10888
10395,2,10888
10888,1,5996
10888,1,6197
10888,1,6250
10888,1,6322
10888,1,6361
10888,1,6694
10888,1,6902
10888,1,7536
10888,1,7635
10888,1,7636
10888,1,7637
10888,3,11325
10888,3,15004
10888,3,11466
10888,3,15268
55,0,10889
136,0,10889
3677,0,10889
10395,2,10889
10889,1,5996
10889,1,6052
10889,1,6337
10889,1,6386
10889,1,6406
10889,1,6482
10889,1,6510
10889,1,7638
10889,3,12921
10889,3,13859
10889,3,14213
10889,3,12168
10889,3,10743
10889,3,11177
53,0,10890
3236,0,10890
3678,0,10890
3679,0,10890
3680,0,10890
10395,2,10890
10890,1,6134
10890,1,6136
10890,1,6192
10890,1,6216
10890,1,7639
10890,1,7640
1996,0,10891
3681,0,10891
3682,0,10891
3683,0,10891
3684,0,10891
10395,2,10891
10891,1,6024
10891,1,6176
10891,1,6185
10891,1,6309
10891,1,6352
10891,1,6768
10891,1,7534
1885,0,10892
3685,0,10892
10395,2,10892
10892,1,5939
10892,1,6185
10892,1,6461
10892,1,7173
10892,1,7287
10892,1,7642
226,0,10893
2935,0,10893
2979,0,10893
3252,0,10893
10395,2,10893
10893,1,5936
10893,1,6090
10893,1,6171
10893,1,6185
10893,1,6186
10893,1,6249
10893,1,6350
10893,1,6872
10893,1,7643
10893,1,7644
10893,1,7645
10893,1,7646
10893,3,14757
2532,0,10894
2617,0,10894
2717,0,10894
3257,0,10894
10395,2,10894
10894,1,5996
10894,1,6052
10894,1,6301
10894,1,6344
10894,1,6453
10894,1,6479
10894,1,7649
10894,3,14286
10894,3,11022
10894,3,14125
10894,3,13804
10894,3,14102
10894,3,13819
10894,3,13855
10894,3,13861
10894,3,13951
10894,3,14034
10894,3,14244
80,0,10895
2938,0,10895
3419,0,10895
3687,0,10895
10395,2,10895
10895,1,5992
10895,1,6034
10895,1,6250
10895,1,6346
10895,1,6385
10895,1,7650
10895,1,7651
10895,3,12827
10895,3,14477
10895,3,10885
10895,3,15510
1852,0,10896
3688,0,10896
3689,0,10896
3690,0,10896
10395,2,10896
10896,1,5921
10896,1,5970
10896,1,6322
10896,1,6351
10896,1,6420
10896,1,6604
10896,1,7074
10896,3,15474
10896,3,15172
567,0,10897
1563,0,10897
10395,2,10897
10897,1,5929
10897,1,6386
10897,1,7426
10897,1,7653
10897,3,14161
64,0,10898
2568,0,10898
3691,0,10898
3692,0,10898
3693,0,10898
10395,2,10898
10898,1,6006
10898,1,6456
10898,1,7027
10898,1,7657
10898,1,7658
2005,0,10899
3694,0,10899
3695,0,10899
10395,2,10899
10899,1,5947
10899,1,6028
10899,1,6134
10899,1,6478
10899,1,6528
10899,1,7659
10899,3,11579
10899,3,10713
2005,0,10900
3694,0,10900
3696,0,10900
10395,2,10900
10900,1,6118
10900,1,6124
10900,1,6392
10900,1,6990
10900,1,7197
10900,3,15124
10900,3,11504
2077,0,10901
2078,0,10901
10395,2,10901
10901,1,5951
10901,1,6079
10901,1,6250
10901,1,6475
10901,1,6788
10901,1,7005
10901,1,7022
10901,1,7660
10901,3,14725
10901,3,14324
10901,3,14401
10901,3,15199
10901,3,11989
10901,3,11973
3650,0,10902
3698,0,10902
3699,0,10902
10395,2,10902
10902,1,5956
10902,1,5970
10902,1,6078
10902,1,6079
10902,1,6250
10902,1,6337
10902,1,6428
10902,1,6435
10902,1,6688
10902,3,15464
10902,3,14507
10902,3,15411
10902,3,15199
10902,3,14324
698,0,10903
3332,0,10903
10395,2,10903
10903,1,5924
10903,1,6000
10903,1,6149
10903,1,6185
10903,1,6250
10903,1,6424
10903,1,6809
10903,1,7661
10903,3,14508
10903,3,15092
10903,3,15252
10903,3,15323
698,0,10904
1249,0,10904
3332,0,10904
3700,0,10904
10395,2,10904
10904,1,6242
10904,1,6301
10904,1,6333
10904,1,6540
10904,1,7661
10904,1,7667
10904,3,15092
10904,3,14597
10904,3,10903
727,0,10905
3612,0,10905
10395,2,10905
10905,1,6003
10905,1,6039
10905,1,6539
10905,1,7668
2890,0,10906
3702,0,10906
3703,0,10906
10395,2,10906
10906,1,5980
10906,1,6003
10906,1,6212
10906,1,6277
10906,1,7669
10906,1,7670
10906,3,13908
3704,0,10907
3705,0,10907
10395,2,10907
10907,1,5972
10907,1,6185
10907,1,6410
10907,1,6940
10907,1,7470
10907,1,7671
3494,0,10908
3706,0,10908
10395,2,10908
10908,1,5987
10908,1,6242
10908,1,6250
10908,1,6289
10908,1,6366
10908,1,7674
10908,3,14325
10908,3,14927
10908,3,14181
10908,3,13085
1567,0,10909
3220,0,10909
3708,0,10909
3709,0,10909
10395,2,10909
10909,1,5936
10909,1,5970
10909,1,6062
10909,1,6065
10909,1,6297
10909,1,6525
10909,1,7678
430,0,10910
3710,0,10910
3711,0,10910
10395,2,10910
10910,1,6163
10910,1,6250
10910,1,6272
10910,1,6946
10910,3,14534
10910,3,15229
10910,3,14643
727,0,10912
3612,0,10912
10395,2,10912
10912,1,6141
10912,1,6301
10912,1,6311
10912,1,6420
10912,1,7038
10912,1,7328
10912,3,14129
10912,3,14107
10912,3,14097
1816,0,10913
3193,0,10913
3713,0,10913
10395,2,10913
10913,1,5949
10913,1,5996
10913,1,6171
10913,1,6337
10913,1,6351
10913,1,6635
10913,1,6687
10913,1,6688
10913,1,7418
10913,3,15087
244,0,10914
326,0,10914
2911,0,10914
10395,2,10914
10914,1,6185
10914,1,6206
10914,1,6207
10914,1,6309
10914,1,7679
10914,3,11353
10914,3,14616
2076,0,10915
3714,0,10915
10395,2,10915
10915,1,6071
10915,1,6303
10915,1,6352
10915,1,6371
10915,1,6655
10915,1,6656
10915,1,6768
10915,1,7682
10915,3,14761
10915,3,14680
10915,3,10782
2003,0,10916
2620,0,10916
3176,0,10916
3510,0,10916
10395,2,10916
10916,1,5949
10916,1,6016
10916,1,6118
10916,1,6127
10916,1,6171
10916,1,6428
10916,1,6989
10916,1,7631
10916,1,7684
10916,1,7685
10916,3,11532
10916,3,14378
10916,3,13358
10916,3,10828
10916,3,11622
10916,3,14743
10916,3,15397
10916,3,11732
1144,0,10917
3612,0,10917
10395,2,10917
10917,1,5936
10917,1,6003
10917,1,6087
10917,1,6126
10917,1,6311
10917,1,6471
10917,1,6627
10917,1,7687
10917,1,7688
1922,0,10918
1923,0,10918
3716,0,10918
10395,2,10918
10918,1,5936
10918,1,6005
10918,1,6118
10918,1,6250
10918,1,7637
10918,1,7689
10918,1,7690
704,0,10919
1218,0,10919
1662,0,10919
1663,0,10919
2047,0,10919
10395,2,10919
10919,1,6086
10919,1,6351
10919,1,6497
10919,1,6830
10919,1,7115
10919,3,13779
10919,3,14125
10919,3,14284
10919,3,14087
190,0,10921
2215,0,10921
3717,0,10921
10395,2,10921
10921,1,5936
10921,1,5970
10921,1,6005
10921,1,6079
10921,1,6088
10921,1,6344
10921,1,6389
10921,1,6479
10921,1,6511
10921,1,7692
10921,1,7693
2406,0,10922
2407,0,10922
10395,2,10922
10922,1,5970
10922,1,6013
10922,1,6209
10922,1,6255
10922,1,7696
10922,3,10933
10922,3,10690
10922,3,12161
1839,0,10923
2528,0,10923
2982,0,10923
3718,0,10923
10395,2,10923
10923,1,5946
10923,1,6249
10923,1,6286
10923,1,6295
10923,1,6467
10923,1,6654
10923,1,6770
10923,1,7590
10923,3,15458
10923,3,14845
10923,3,15518
739,0,10924
2977,0,10924
3311,0,10924
3719,0,10924
3720,0,10924
10395,2,10924
10924,1,5915
10924,1,5996
10924,1,7699
10924,1,7700
181,0,10925
1137,0,10925
1504,0,10925
10395,2,10925
10925,1,5949
10925,1,6009
10925,1,6242
10925,1,6475
10925,1,6625
10925,1,6663
10925,3,13044
10925,3,14569
10925,3,14713
10925,3,11624
10925,3,11625
2086,0,10926
3283,0,10926
3721,0,10926
10395,2,10926
10926,1,6001
10926,1,6090
10926,1,6118
10926,1,6185
10926,1,6186
10926,1,6249
10926,1,6350
10926,3,14512
942,0,10927
3723,0,10927
3724,0,10927
3725,0,10927
3726,0,10927
3727,0,10927
10395,2,10927
10927,1,6141
10927,1,6288
10927,1,6289
10927,1,7701
10927,1,7702
10927,1,7703
10927,1,7704
10927,1,7705
10927,3,11971
1137,0,10928
1430,0,10928
1504,0,10928
2156,0,10928
2157,0,10928
3728,0,10928
10395,2,10928
10928,1,6009
10928,1,6052
10928,1,6078
10928,1,6242
10928,1,6575
10928,3,14366
10928,3,11463
10928,3,14567
10928,3,11625
10928,3,14811
10928,3,11015
1991,0,10929
2842,0,10929
2889,0,10929
10395,2,10929
10929,1,6005
10929,1,6322
10929,1,6337
10929,1,6575
10929,1,7706
10929,3,10978
10929,3,13013
1147,0,10930
2890,0,10930
10395,2,10930
10930,1,5936
10930,1,6213
10930,1,6255
10930,1,6471
10930,1,7711
10930,3,15134
10930,3,14109
10930,3,14100
1940,0,10931
2524,0,10931
2525,0,10931
10395,2,10931
10931,1,5936
10931,1,6255
10931,1,6352
10931,1,6645
10931,1,7591
10931,1,7933
10931,3,15601
10931,3,13826
574,0,10932
1244,0,10932
10395,2,10932
10932,1,6127
10932,1,6242
10932,1,6264
10932,1,6265
10932,1,6972
77,0,10933
3729,0,10933
10395,2,10933
10933,1,6005
10933,1,6249
10933,1,6255
10933,1,6452
10933,1,6698
10933,1,6723
10933,1,7714
10933,1,7715
704,0,10934
3418,0,10934
3730,0,10934
10395,2,10934
10934,1,5972
10934,1,6039
10934,1,6100
10934,1,6185
10934,1,6453
10934,1,7526
10934,3,14125
2060,0,10936
2409,0,10936
10395,2,10936
10936,1,6250
10936,1,7250
10936,1,7716
10936,1,7717
10936,3,13750
10936,3,14190
2145,0,10937
3517,0,10937
3731,0,10937
3732,0,10937
10395,2,10937
10937,1,6242
10937,1,6264
10937,1,6265
10937,1,6802
10937,1,6982
10937,3,14325
8,0,10938
212,0,10938
1693,0,10938
10395,2,10938
10938,1,5936
10938,1,6079
10938,1,6344
10938,1,7131
10938,1,7448
10938,3,14184
10938,3,14271
10938,3,14105
10938,3,14066
10938,3,14183
10938,3,12883
10938,3,11021
10938,3,11801
10938,3,12107
10938,3,13883
10938,3,12890
1891,0,10939
1919,0,10939
1941,0,10939
10395,2,10939
10939,1,6181
10939,1,6337
10939,1,6365
10939,1,6428
10939,1,6733
10939,1,7718
10939,3,14728
10939,3,14867
10939,3,14378
10939,3,14401
10939,3,15199
10939,3,14648
10939,3,15331
10939,3,11604
10939,3,13598
10939,3,13447
10939,3,13627
10939,3,15449
1892,0,10940
10395,2,10940
10940,1,5936
10940,1,6185
10940,1,6424
10940,1,6428
10940,1,6696
10940,1,7376
10940,1,7613
10940,1,7719
10940,1,7720
10940,3,14496
10940,3,15168
10940,3,15022
10940,3,15230
10940,3,15170
10940,3,15070
10940,3,14616
10940,3,14316
10940,3,14747
10940,3,14593
350,0,10941
3471,0,10941
10395,2,10941
10941,1,5915
10941,1,5991
10941,1,6494
10941,1,6720
10941,1,6785
10941,1,6822
10941,1,7722
10941,3,14200
10941,3,13806
134,0,10942
3483,0,10942
3484,0,10942
3573,0,10942
10395,2,10942
10942,1,6185
10942,1,6227
10942,1,6388
10942,1,6553
10942,1,7723
10942,3,11845
10942,3,10982
1953,0,10943
10395,2,10943
10943,1,5992
10943,1,6249
10943,1,6295
10943,1,7192
1847,0,10944
2952,0,10944
2953,0,10944
3733,0,10944
10395,2,10944
10944,1,5936
10944,1,5949
10944,1,6003
10944,1,6090
10944,1,6249
10944,1,6350
10944,1,6741
10944,3,14623
10944,3,11527
10944,3,11441
10944,3,14898
10944,3,13546
1481,0,10945
1482,0,10945
1483,0,10945
1772,0,10945
1773,0,10945
2643,0,10945
3734,0,10945
10395,2,10945
10945,1,5972
10945,1,5992
10945,1,6137
10945,1,6242
10945,1,6323
10945,1,7393
10945,3,14130
10945,3,14095
10945,3,14125
1483,0,10946
3735,0,10946
10395,2,10946
10946,1,5970
10946,1,6005
10946,1,6744
10946,1,7038
10946,1,7111
10946,3,13933
3414,0,10947
3736,0,10947
3737,0,10947
10395,2,10947
10947,1,6071
10947,1,6386
10947,1,6406
10947,1,6420
10947,1,7136
184,0,10948
244,0,10948
394,0,10948
3738,0,10948
10395,2,10948
10948,1,5992
10948,1,6075
10948,1,6337
10948,1,6604
10948,1,6644
10948,1,7676
10948,3,15510
2520,0,10949
2521,0,10949
2522,0,10949
10395,2,10949
10949,1,6191
10949,1,6249
10949,1,6255
10949,1,6258
10949,1,6471
10949,1,6528
2383,0,10950
3739,0,10950
3740,0,10950
10395,2,10950
10950,1,5945
10950,1,6086
10950,1,6255
10950,1,6301
10950,1,6303
10950,1,6336
10950,1,6576
10950,1,7228
10950,3,14129
10950,3,14268
10950,3,14230
10950,3,13826
10950,3,10851
2213,0,10951
3741,0,10951
10395,2,10951
10951,1,6193
10951,1,6247
10951,1,6458
10951,1,6537
10951,1,6766
241,0,10952
1498,0,10952
3742,0,10952
10395,2,10952
10952,1,6081
10952,1,6264
10952,1,6265
10952,1,6337
10952,1,6886
10952,3,14569
10952,3,10837
10952,3,11553
10952,3,14713
10952,3,15418
435,0,10953
3105,0,10953
3108,0,10953
3178,0,10953
10395,2,10953
10953,1,5936
10953,1,6051
10953,1,6075
10953,1,6197
10953,1,6607
10953,1,7385
10953,1,7729
10953,1,7730
10953,3,13222
10953,3,13361
3556,0,10954
3743,0,10954
10395,2,10954
10954,1,5936
10954,1,6193
10954,1,6247
10954,1,6326
10954,1,6352
10954,1,6471
10954,1,7731
10954,3,13813
10954,3,14268
10954,3,10827
3298,0,10956
3744,0,10956
3745,0,10956
10395,2,10956
10956,1,6314
10956,1,6879
10956,1,6945
10956,1,7518
10956,1,7733
10956,3,13833
10956,3,14114
1413,0,10957
1606,0,10957
1775,0,10957
10395,2,10957
10957,1,6237
10957,1,6346
10957,1,6528
10957,1,6761
10957,1,7735
10957,3,12930
1413,0,10958
1606,0,10958
1775,0,10958
3582,0,10958
3746,0,10958
10395,2,10958
10958,1,6086
10958,1,6118
10958,1,6237
10958,1,6881
10958,1,7736
10958,3,12250
10958,3,12220
3225,0,10959
3512,0,10959
3747,0,10959
10395,2,10959
10959,1,6338
10959,1,6703
10959,1,7100
10959,1,7402
10959,1,7737
10959,1,7738
10959,3,14427
10959,3,14780
10959,3,13563
10959,3,15189
10959,3,11652
10959,3,14717
2643,0,10960
3574,0,10960
3748,0,10960
10395,2,10960
10960,1,5947
10960,1,6111
10960,1,7105
10960,1,7604
10960,1,7739
10960,3,13896
2643,0,10961
3574,0,10961
3748,0,10961
10395,2,10961
10961,1,5921
10961,1,5936
10961,1,6086
10961,1,6118
10961,1,6255
10961,1,7740
10961,3,10980
10961,3,13817
10961,3,13909
10961,3,14284
401,0,10962
2032,0,10962
3492,0,10962
3749,0,10962
10395,2,10962
10962,1,5915
10962,1,5945
10962,1,6096
10962,1,6185
10962,1,6264
10962,1,6385
10962,1,6471
10962,1,7526
10962,3,14523
10962,3,14615
10962,3,14432
10962,3,13889
96,0,10965
3751,0,10965
10395,2,10965
10965,1,6250
10965,1,6528
10965,1,6854
10965,1,7745
10965,3,15110
960,0,10966
961,0,10966
964,0,10966
10395,2,10966
10966,1,6000
10966,1,6013
10966,1,6084
10966,1,6268
10966,1,6583
10966,1,7410
10966,1,7540
10966,1,7747
1949,0,10967
1975,0,10967
1976,0,10967
10395,2,10967
10967,1,6000
10967,1,6250
10967,1,6364
10967,1,6584
10967,1,7748
10967,3,14579
108,0,10969
109,0,10969
3752,0,10969
10395,2,10969
10969,1,5947
10969,1,5992
10969,1,6086
10969,1,6255
10969,3,11328
2512,0,10970
3753,0,10970
10395,2,10970
10970,1,5929
10970,1,6018
10970,1,6065
10970,1,6297
10970,1,6386
10970,1,6525
10970,1,6530
10970,1,6858
10970,1,7054
10970,1,7750
10970,1,7751
10970,3,12234
430,0,10971
2252,0,10971
10395,2,10971
10971,1,5936
10971,1,5947
10971,1,6226
10971,1,6234
10971,1,6705
10971,1,7419
10971,1,7536
10971,1,7591
10971,3,11466
10971,3,14573
10971,3,15417
2010,0,10972
2011,0,10972
2024,0,10972
10395,2,10972
10972,1,5936
10972,1,5940
10972,1,6157
10972,1,6255
10972,1,6337
10972,1,6471
10972,1,6582
10972,1,7755
1711,0,10973
3754,0,10973
3755,0,10973
10395,2,10973
10973,1,6084
10973,1,6100
10973,1,6247
10973,1,6418
10973,1,7617
10973,3,15570
10973,3,14172
10973,3,14267
10973,3,14095
10973,3,13756
10973,3,14034
10973,3,14012
10973,3,14170
10973,3,15635
69,0,10974
10395,2,10974
10974,1,6230
10974,1,6269
10974,1,6509
10974,1,6569
10974,1,7258
10974,1,7318
10974,1,7342
10974,1,7756
727,0,10975
1144,0,10975
3612,0,10975
3646,0,10975
10395,2,10975
10975,1,5945
10975,1,5972
10975,1,6100
10975,1,6141
10975,1,6301
10975,1,6420
10975,1,7228
10975,3,10980
10975,3,14268
10975,3,14079
10975,3,14097
10975,3,14125
10975,3,13826
10975,3,15122
10975,3,10851
10975,3,14284
405,0,10976
3067,0,10976
3068,0,10976
10395,2,10976
10976,1,5918
10976,1,5929
10976,1,6169
10976,1,6258
10976,1,6268
10976,1,6344
10976,1,6530
10976,1,6531
10976,3,13897
10976,3,14162
10976,3,13876
10976,3,10701
10976,3,13099
10976,3,12091
352,0,10977
1384,0,10977
3756,0,10977
3757,0,10977
3758,0,10977
10395,2,10977
10977,1,6550
10977,1,7761
10977,1,7762
10977,1,7763
10977,3,13020
2683,0,10978
3761,0,10978
3762,0,10978
10395,2,10978
10978,1,5936
10978,1,5949
10978,1,5970
10978,1,6255
10978,1,6322
10978,1,6351
10978,1,6989
10978,1,7270
10978,3,14350
10978,3,15088
10978,3,14743
10978,3,14783
10978,3,11665
2068,0,10979
3763,0,10979
10395,2,10979
10979,1,6075
10979,1,6181
10979,1,6250
10979,1,6279
10979,1,6428
10979,1,7005
10979,1,7764
10979,1,7765
10979,1,7766
3765,0,10981
3766,0,10981
10395,2,10981
10981,1,5918
10981,1,6526
10981,1,7131
10981,1,7768
10981,1,7769
1397,0,10982
3767,0,10982
10395,2,10982
10982,1,5972
10982,1,6071
10982,1,6100
10982,1,6118
10982,1,6322
10982,1,6577
10982,1,6766
10982,1,6990
10982,3,14195
10982,3,14079
10982,3,14276
10982,3,14198
10982,3,14197
10982,3,14125
10982,3,14284
10982,3,14034
10982,3,14012
10982,3,14187
350,0,10983
397,0,10983
3295,0,10983
3768,0,10983
10395,2,10983
10983,1,5936
10983,1,5976
10983,1,5992
10983,1,5996
10983,1,6846
10983,1,7770
1673,0,10984
3560,0,10984
3769,0,10984
10395,2,10984
10984,1,5929
10984,1,5936
10984,1,6118
10984,1,6255
10984,1,6277
10984,1,6337
10984,1,7476
10984,1,7771
10984,3,13813
1434,0,10985
3770,0,10985
3771,0,10985
10395,2,10985
10985,1,6249
10985,1,6283
10985,1,6420
10985,1,6579
10985,1,6787
10985,1,7050
10985,1,7773
10985,1,7774
10985,3,14745
10985,3,14515
10985,3,13491
2036,0,10986
3773,0,10986
10395,2,10986
10986,1,5992
10986,1,6242
10986,1,6367
10986,1,6644
10986,1,6718
10986,1,7776
10986,1,7777
10986,3,12913
10986,3,13897
10986,3,14031
10986,3,12199
10986,3,14424
188,0,10987
1434,0,10987
3774,0,10987
3775,0,10987
10395,2,10987
10987,1,6185
10987,1,6199
10987,1,6207
10987,1,6303
10987,1,6309
10987,1,6926
10987,1,7778
10987,1,7779
10987,3,14852
10987,3,15272
1713,0,10989
1714,0,10989
3776,0,10989
10395,2,10989
10989,1,5996
10989,1,6165
10989,1,6185
10989,1,6247
10989,1,6255
10989,1,6344
10989,1,7665
10989,1,7782
10989,1,7783
10989,1,7784
10989,3,14231
10989,3,13968
10989,3,13959
83,0,10990
231,0,10990
319,0,10990
1798,0,10990
2414,0,10990
10395,2,10990
10990,1,6118
10990,1,6219
10990,1,6386
10990,1,6406
10990,1,6737
226,0,10991
2675,0,10991
2979,0,10991
3605,0,10991
3777,0,10991
10395,2,10991
10991,1,6094
10991,1,6205
10991,1,6371
10991,1,7785
10991,1,7786
10991,3,10809
2094,0,10992
2922,0,10992
10395,2,10992
10992,1,5991
10992,1,6078
10992,1,6183
10992,1,6250
10992,1,6267
10992,1,6435
10992,1,6575
10992,1,6788
10992,3,14324
2094,0,10993
2922,0,10993
10395,2,10993
10993,1,6242
10993,1,6314
10993,1,6444
10993,1,6731
10993,1,6732
10993,1,7589
10993,1,7790
10993,1,7791
10993,3,14304
10993,3,10992
10993,3,14324
1069,0,10994
3494,0,10994
3778,0,10994
10395,2,10994
10994,1,6022
10994,1,6052
10994,1,6078
10994,1,6135
10994,1,6197
10994,1,6322
10994,1,6635
10994,1,7793
10994,3,14728
10994,3,14331
10994,3,14377
10994,3,14651
10994,3,14511
10994,3,14549
10994,3,14310
10994,3,14794
10994,3,13544
10994,3,13598
10994,3,11318
10994,3,15360
10994,3,14927
10994,3,11395
10994,3,15293
10994,3,14689
10994,3,14409
10994,3,14430
10994,3,14378
152,0,10995
154,0,10995
1711,0,10995
2731,0,10995
10395,2,10995
10995,1,5972
10995,1,6003
10995,1,6022
10995,1,6344
10995,1,6407
10995,1,7511
10995,3,13999
10995,3,14062
10995,3,14284
10995,3,11422
2617,0,10996
3779,0,10996
10395,2,10996
10996,1,6086
10996,1,6255
10996,1,6726
10996,1,6887
10996,1,7795
10996,1,7796
10996,3,14223
10996,3,13856
10996,3,13922
10996,3,11022
10996,3,14095
10996,3,14125
10996,3,13855
10996,3,13861
10996,3,14034
2575,0,10997
3542,0,10997
10395,2,10997
10997,1,6346
10997,1,6453
10997,1,7526
10997,1,7797
10997,1,7798
10997,1,7799
10997,3,11022
10997,3,14244
10997,3,13951
3780,0,10998
3781,0,10998
3782,0,10998
10395,2,10998
10998,1,5936
10998,1,5938
10998,1,5970
10998,1,6003
10998,1,6321
10998,1,6342
10998,1,6351
10998,1,6386
10998,1,7804
1673,0,10999
1803,0,10999
2643,0,10999
2958,0,10999
3480,0,10999
3783,0,10999
3784,0,10999
10395,2,10999
10999,1,5936
10999,1,6255
10999,1,6269
10999,1,6277
10999,1,6420
10999,1,6471
10999,1,7654
10999,1,7805
3783,0,11000
3785,0,11000
3786,0,11000
3787,0,11000
10395,2,11000
11000,1,6277
11000,1,6444
11000,1,6606
11000,1,6761
11000,3,15023
1913,0,11001
1914,0,11001
3494,0,11001
3789,0,11001
10395,2,11001
11001,1,5918
11001,1,6001
11001,1,6051
11001,1,6217
11001,1,6350
11001,1,7412
11001,1,7808
11001,3,14511
11001,3,15023
11001,3,11442
77,0,11002
3790,0,11002
10395,2,11002
11002,1,5992
11002,1,6250
11002,1,6604
11002,1,7228
11002,1,7250
11002,1,7734
11002,3,13826
11002,3,15123
880,0,11004
3792,0,11004
3793,0,11004
3794,0,11004
10395,2,11004
11004,1,6276
11004,1,6911
11004,1,6912
11004,1,7754
11004,1,7810
11004,1,7811
11004,3,14809
331,0,11006
1718,0,11006
10395,2,11006
11006,1,5936
11006,1,5937
11006,1,6053
11006,1,6118
11006,1,6136
1516,0,11007
1573,0,11007
10395,2,11007
11007,1,5947
11007,1,6344
11007,1,6351
11007,1,6988
11007,1,7157
11007,1,7318
11007,1,7385
11007,1,8509
11007,3,13768
2066,0,11008
2678,0,11008
3045,0,11008
3046,0,11008
10395,2,11008
11008,1,6087
11008,1,6337
11008,1,6506
11008,1,6627
11008,1,7511
11008,1,7526
11008,1,8173
11008,3,13965
2066,0,11009
2300,0,11009
2678,0,11009
3046,0,11009
3796,0,11009
10395,2,11009
11009,1,5936
11009,1,6087
11009,1,6139
11009,1,6627
11009,1,6767
11009,1,7273
11009,1,7879
1504,0,11010
1711,0,11010
3797,0,11010
10395,2,11010
11010,1,5929
11010,1,6346
11010,1,6386
11010,1,8511
11010,1,8512
11010,3,13153
11010,3,13839
11010,3,12244
1430,0,11011
1628,0,11011
2933,0,11011
3514,0,11011
10395,2,11011
11011,1,6065
11011,1,6242
11011,1,6265
11011,1,6664
11011,1,8513
11011,3,13107
11011,3,14857
11011,3,14325
11011,3,15467
2894,0,11012
3001,0,11012
3798,0,11012
10395,2,11012
11012,1,6229
11012,1,6391
11012,1,6608
11012,1,7317
11012,1,7571
11012,1,8069
11012,1,8514
11012,3,13515
11012,3,14735
11012,3,15099
11012,3,15177
11012,3,15291
1142,0,11013
2573,0,11013
3799,0,11013
10395,2,11013
11013,1,5949
11013,1,6242
11013,1,6420
11013,1,6625
11013,1,6655
11013,1,6656
11013,1,8016
11013,3,13120
11013,3,11987
1519,0,11014
2662,0,11014
10395,2,11014
11014,1,5945
11014,1,5992
11014,1,6079
11014,1,6247
11014,1,6538
11014,1,6614
11014,1,6716
11014,1,8111
11014,1,8134
11014,3,13883
260,0,11016
3800,0,11016
10395,2,11016
11016,1,6086
11016,1,6301
11016,1,6386
11016,1,6406
11016,1,6943
11016,1,6961
11016,1,8099
11016,1,8515
11016,3,11173
567,0,11018
3803,0,11018
10395,2,11018
11018,1,5929
11018,1,5970
11018,1,6386
11018,1,6815
11018,1,8066
11018,1,8516
11018,3,10935
11018,3,12366
172,0,11019
10395,2,11019
11019,1,5937
11019,1,6086
11019,1,6136
11019,1,7358
11019,1,7558
11019,1,7880
11019,1,7893
11019,1,8158
11019,1,8517
11019,1,8518
1479,0,11020
1534,0,11020
2206,0,11020
2386,0,11020
2731,0,11020
10395,2,11020
11020,1,5992
11020,1,6079
11020,1,6369
11020,1,6716
11020,1,6744
11020,3,14152
11020,3,13936
828,0,11021
1672,0,11021
2940,0,11021
3804,0,11021
3805,0,11021
10395,2,11021
11021,1,6079
11021,1,6250
11021,1,6321
11021,1,7613
11021,1,8505
11021,3,14184
1680,0,11022
1711,0,11022
10395,2,11022
11022,1,5936
11022,1,5972
11022,1,6003
11022,1,6086
11022,1,6100
11022,1,6118
11022,1,6255
11022,1,6453
11022,3,14195
11022,3,14268
11022,3,14079
11022,3,14012
11022,3,14034
11022,3,14125
11022,3,14284
1481,0,11023
10395,2,11023
11023,1,5929
11023,1,6086
11023,1,6237
11023,1,6814
11023,1,7322
11023,1,8519
1803,0,11025
2643,0,11025
2958,0,11025
3480,0,11025
3481,0,11025
3784,0,11025
3806,0,11025
10395,2,11025
11025,1,5929
11025,1,6314
11025,1,6386
11025,1,6505
11025,1,6541
11025,1,7250
11025,1,8520
11025,3,14094
11025,3,15563
11025,3,12199
11025,3,14424
11025,3,10723
1430,0,11026
1431,0,11026
2018,0,11026
10395,2,11026
11026,1,6009
11026,1,6242
11026,1,6390
11026,1,6575
11026,1,6593
11026,1,6645
11026,3,12810
11026,3,12822
11026,3,14830
11026,3,14811
11026,3,11625
11026,3,15449
11026,3,14382
1803,0,11027
2643,0,11027
2958,0,11027
3480,0,11027
3481,0,11027
3784,0,11027
3806,0,11027
10395,2,11027
11027,1,5929
11027,1,5936
11027,1,6126
11027,1,6386
11027,1,6528
11027,1,7906
11027,1,8521
2905,0,11028
3244,0,11028
3807,0,11028
3808,0,11028
3809,0,11028
10395,2,11028
11028,1,6078
11028,1,6435
11028,1,7047
11028,1,7352
11028,1,7507
11028,1,7576
11028,1,8522
11028,3,12822
11028,3,14731
11028,3,15439
1481,0,11029
1483,0,11029
3810,0,11029
10395,2,11029
11029,1,5921
11029,1,5970
11029,1,6320
11029,1,6344
11029,1,6528
11029,1,6537
11029,1,6858
11029,3,12237
1978,0,11030
3811,0,11030
10395,2,11030
11030,1,5936
11030,1,6255
11030,1,6277
11030,1,6337
11030,1,6770
11030,3,15219
11030,3,14866
11030,3,15468
11030,3,15023
11030,3,14760
420,0,11031
1547,0,11031
2068,0,11031
10395,2,11031
11031,1,6001
11031,1,6185
11031,1,6242
11031,1,6249
11031,1,6272
11031,1,7261
11031,1,7611
11031,1,8524
11031,3,14452
11031,3,13136
11031,3,14733
420,0,11032
1547,0,11032
2068,0,11032
10395,2,11032
11032,1,5992
11032,1,6247
11032,1,6250
11032,1,6350
11032,1,6445
11032,1,7551
11032,1,7919
11032,1,8525
11032,1,8526
11032,3,13157
11032,3,13004
11032,3,11951
11032,3,11625
11032,3,11884
11032,3,13275
2212,0,11033
3812,0,11033
3813,0,11033
10395,2,11033
11033,1,6086
11033,1,6118
11033,1,6783
11033,1,7342
11033,1,8527
11033,3,14005
745,0,11034
1547,0,11034
2032,0,11034
2068,0,11034
10395,2,11034
11034,1,6249
11034,1,6444
11034,1,6445
11034,1,6500
11034,1,6528
11034,1,7047
11034,1,7528
11034,1,7610
11034,1,8528
11034,3,13157
11034,3,14569
11034,3,11891
11034,3,12062
11034,3,13158
1685,0,11035
2799,0,11035
3814,0,11035
10395,2,11035
11035,1,5970
11035,1,5996
11035,1,6746
11035,1,7234
11035,1,8529
91,0,11037
882,0,11037
3815,0,11037
10395,2,11037
11037,1,6084
11037,1,6452
11037,1,6585
11037,1,6830
11037,1,6922
11037,1,7580
11037,3,14095
11037,3,12048
209,0,11039
3817,0,11039
3818,0,11039
3819,0,11039
10395,2,11039
11039,1,5937
11039,1,6239
11039,1,6420
11039,1,6621
11039,1,7005
11039,1,7139
11039,1,8408
11039,1,8531
704,0,11040
3569,0,11040
10395,2,11040
11040,1,5978
11040,1,5992
11040,1,6255
11040,1,6344
11040,1,6421
11040,1,6609
11040,1,6610
11040,3,14195
11040,3,14272
11040,3,14031
2206,0,11041
2385,0,11041
2634,0,11041
2809,0,11041
3820,0,11041
10395,2,11041
11041,1,5936
11041,1,5992
11041,1,6247
11041,1,6371
11041,1,6444
11041,1,6881
11041,1,7704
11041,3,15056
11041,3,13786
11041,3,14378
11041,3,10794
11041,3,14242
235,0,11042
1888,0,11042
1889,0,11042
3821,0,11042
3822,0,11042
10395,2,11042
11042,1,6283
11042,1,6303
11042,1,6322
11042,1,6926
11042,1,7402
11042,1,8533
880,0,11043
2665,0,11043
2666,0,11043
10395,2,11043
11043,1,6185
11043,1,6276
11043,1,6309
11043,1,6337
11043,1,7430
11043,1,7547
11043,3,14682
11043,3,11047
11043,3,14572
11043,3,14632
198,0,11044
3453,0,11044
3454,0,11044
3455,0,11044
10395,2,11044
11044,1,6097
11044,1,6237
11044,1,6643
11044,1,6848
11044,3,13993
2335,0,11045
2663,0,11045
3823,0,11045
10395,2,11045
11045,1,5918
11045,1,5936
11045,1,6183
11045,1,6303
11045,1,6364
11045,1,6605
11045,1,6689
11045,1,8534
11045,3,15574
11045,3,15528
2677,0,11046
3747,0,11046
3824,0,11046
10395,2,11046
11046,1,6203
11046,1,6205
11046,1,6470
11046,1,6703
880,0,11047
2665,0,11047
10395,2,11047
11047,1,5970
11047,1,6043
11047,1,6185
11047,1,6206
11047,1,6314
11047,1,6337
11047,1,6493
11047,1,6502
11047,3,14898
11047,3,11486
11047,3,14572
3060,0,11048
3154,0,11048
3163,0,11048
3172,0,11048
10395,2,11048
11048,1,5989
11048,1,6207
11048,1,6295
11048,1,6324
11048,1,7597
11048,1,8143
11048,1,8536
11048,3,10809
11048,3,14985
11048,3,11685
11048,3,14856
11048,3,11477
11048,3,14442
167,0,11049
3037,0,11049
10395,2,11049
11049,1,6000
11049,1,6295
11049,1,6410
11049,1,6713
11049,1,7590
11049,3,11036
11049,3,14546
11049,3,14642
11049,3,15240
167,0,11050
2992,0,11050
10395,2,11050
11050,1,5920
11050,1,8322
11050,3,14819
11050,3,15240
1142,0,11051
2573,0,11051
3018,0,11051
10395,2,11051
11051,1,6022
11051,1,6255
11051,1,6337
11051,1,6361
11051,1,6362
11051,1,6607
11051,1,7385
11051,1,7422
11051,1,7760
11051,1,8541
11051,1,8542
11051,3,14634
11051,3,11721
11051,3,15429
323,0,11054
1534,0,11054
1556,0,11054
2206,0,11054
2386,0,11054
2390,0,11054
2643,0,11054
10395,2,11054
11054,1,5970
11054,1,5992
11054,1,6018
11054,1,6247
11054,1,6250
11054,1,7402
11054,1,8411
11054,3,12953
323,0,11055
1534,0,11055
1556,0,11055
1803,0,11055
2206,0,11055
2386,0,11055
2390,0,11055
10395,2,11055
11055,1,5980
11055,1,6181
11055,1,6183
11055,1,6351
11055,1,8354
11055,1,8547
11055,1,8548
11055,3,14243
3245,0,11056
3459,0,11056
3460,0,11056
3828,0,11056
3829,0,11056
10395,2,11056
11056,1,5974
11056,1,6249
11056,1,6631
11056,1,8549
11056,3,14813
11056,3,14791
11056,3,14623
11056,3,15110
11056,3,14845
532,0,11057
2697,0,11057
2739,0,11057
10395,2,11057
11057,1,5992
11057,1,6250
11057,1,6416
11057,1,6644
11057,1,6854
11057,1,6940
11057,1,7571
11057,1,8066
11057,1,8552
11057,3,15296
11057,3,14907
11057,3,12065
84,0,11059
3699,0,11059
10395,2,11059
11059,1,6052
11059,1,6250
11059,1,6337
11059,1,6350
11059,1,6617
11059,1,6637
11059,1,6763
11059,3,13491
11059,3,10808
84,0,11060
1814,0,11060
2078,0,11060
3699,0,11060
10395,2,11060
11060,1,5949
11060,1,6163
11060,1,6425
11060,1,7126
11060,1,7503
11060,1,8463
11060,1,8554
11060,3,14573
11060,3,14534
11060,3,11058
160,0,11061
10395,2,11061
11061,1,5936
11061,1,6171
11061,1,6193
11061,1,6275
11061,1,6493
11061,1,6641
11061,1,6692
11061,1,6794
11061,1,7046
11061,1,8556
11061,1,8557
2796,0,11067
3556,0,11067
10396,2,11067
11067,1,5936
11067,1,6193
11067,1,6247
11067,1,6288
11067,1,6289
11067,1,6326
11067,1,6352
11067,1,6386
11067,1,6713
1906,0,11068
1986,0,11068
4199,0,11068
4256,0,11068
10396,2,11068
11068,1,6217
11068,1,6351
11068,1,6436
11068,1,7507
11068,3,14544
11068,3,15124
11068,3,15112
11068,3,15023
2434,0,11069
2616,0,11069
4224,0,11069
10396,2,11069
11069,1,5949
11069,1,6386
11069,1,7745
11069,1,7819
3181,0,11070
3639,0,11070
4416,0,11070
10396,2,11070
11070,1,5924
11070,1,6005
11070,1,6247
11070,1,6428
11070,1,6452
11070,1,6569
11070,1,6576
11070,1,6623
11070,1,7113
795,0,11071
909,0,11071
4245,0,11071
10396,2,11071
11071,1,5929
11071,1,6086
11071,1,6087
11071,1,6097
11071,1,6427
11071,1,6936
795,0,11072
4396,0,11072
10396,2,11072
11072,1,5992
11072,1,5996
11072,1,6185
11072,1,6247
11072,1,6351
11072,1,6627
3892,0,11073
10396,2,11073
11073,1,5915
11073,1,6126
11073,1,6255
11073,1,6258
11073,1,6277
11073,1,6287
11073,1,6409
11073,1,6761
11073,1,7353
11073,1,7995
2890,0,11074
3703,0,11074
3892,0,11074
10396,2,11074
11074,1,5915
11074,1,5940
11074,1,6003
11074,1,6052
11074,1,6191
11074,1,6255
11074,1,6277
11074,1,6458
11074,1,7066
11074,1,8042
11074,1,8730
1712,0,11075
1720,0,11075
1721,0,11075
3788,0,11075
10396,2,11075
11075,1,6003
11075,1,6079
11075,1,6193
11075,1,6346
11075,1,8731
3813,0,11076
4418,0,11076
10396,2,11076
11076,1,5992
11076,1,6124
11076,1,6846
11076,1,6940
11076,1,7318
11076,1,7715
11076,1,8732
81,0,11077
1907,0,11077
4419,0,11077
10396,2,11077
11077,1,5915
11077,1,5970
11077,1,5996
11077,1,6344
11077,1,6368
11077,1,6607
11077,1,8080
1674,0,11078
2415,0,11078
10396,2,11078
11078,1,5992
11078,1,6005
11078,1,6013
11078,1,6247
11078,1,6432
11078,3,14188
11078,3,13806
4268,0,11079
4301,0,11079
10396,2,11079
11079,1,6018
11079,1,6344
11079,1,6687
11079,1,6688
11079,1,8734
11079,1,8735
1756,0,11080
3477,0,11080
10396,2,11080
11080,1,5978
11080,1,6479
11080,1,6531
11080,1,6532
11080,1,8737
11080,1,8738
1674,0,11081
4421,0,11081
10396,2,11081
11081,1,6255
11081,1,6943
11081,1,7662
11081,1,8561
11081,3,11390
2519,0,11082
3893,0,11082
10396,2,11082
11082,1,5936
11082,1,6005
11082,1,6088
11082,1,6126
11082,1,6191
11082,1,6205
11082,1,6255
11082,1,6471
11082,1,7388
2519,0,11083
3893,0,11083
10396,2,11083
11083,1,5936
11083,1,6077
11083,1,6128
11083,1,6255
11083,1,6277
11083,1,6452
11083,1,6453
11083,1,6471
11083,1,8739
11083,1,8740
11083,3,11064
11083,3,11065
11083,3,14144
11083,3,15172
11083,3,11082
795,0,11084
1674,0,11084
2415,0,11084
3856,0,11084
10396,2,11084
11084,1,5978
11084,1,6247
11084,1,6452
11084,1,7202
11084,1,7604
11084,1,7744
1915,0,11085
1916,0,11085
2434,0,11085
3103,0,11085
10396,2,11085
11085,1,5949
11085,1,6337
11085,1,6386
11085,1,7420
11085,1,7663
1856,0,11086
4242,0,11086
10396,2,11086
11086,1,5992
11086,1,6003
11086,1,6124
11086,1,7218
11086,1,7554
4242,0,11087
4243,0,11087
4278,0,11087
4423,0,11087
10396,2,11087
11087,1,5970
11087,1,5992
11087,1,6250
11087,1,6360
11087,1,6424
11087,1,6444
11087,1,6881
11087,1,7180
11087,1,7218
11087,3,10849
11087,3,13882
1756,0,11088
3925,0,11088
4242,0,11088
4243,0,11088
10396,2,11088
11088,1,5996
11088,1,6086
11088,1,6235
11088,1,6255
11088,1,6303
11088,1,7223
1734,0,11089
1735,0,11089
10396,2,11089
11089,1,6052
11089,1,6097
11089,1,6301
11089,1,6363
11089,1,6749
11089,1,7160
11089,1,7384
11089,1,7430
1756,0,11090
3925,0,11090
4242,0,11090
10396,2,11090
11090,1,5996
11090,1,6205
11090,1,6303
11090,1,6371
11090,1,6386
11090,1,7223
11090,1,8728
4281,0,11091
4282,0,11091
4283,0,11091
10396,2,11091
11091,1,6003
11091,1,6235
11091,1,6255
11091,1,6344
11091,1,6579
11091,1,6697
3487,0,11092
3614,0,11092
3930,0,11092
10396,2,11092
11092,1,5936
11092,1,6065
11092,1,6084
11092,1,6089
11092,1,6185
11092,1,6214
11092,1,6315
11092,1,6341
11092,1,6407
11092,1,6526
4281,0,11093
4282,0,11093
4283,0,11093
10396,2,11093
11093,1,5918
11093,1,5936
11093,1,6003
11093,1,6005
11093,1,6096
11093,1,6133
11093,1,6255
11093,1,6269
11093,1,6344
11093,1,6432
11093,1,7175
11093,1,7273
11093,1,7374
11093,1,7653
11093,1,8016
11093,1,8742
2185,0,11094
2275,0,11094
10396,2,11094
11094,1,5929
11094,1,6193
11094,1,6346
11094,1,7588
11094,1,8743
11094,3,13897
11094,3,12253
11094,3,12224
77,0,11095
3642,0,11095
4424,0,11095
10396,2,11095
11095,1,6096
11095,1,6166
11095,1,6210
11095,1,6255
11095,1,6336
11095,1,6346
11095,1,8744
11095,3,14179
11095,3,14152
11095,3,14114
11095,3,11120
77,0,11096
4424,0,11096
4425,0,11096
10396,2,11096
11096,1,6089
11096,1,6210
11096,1,6336
11096,1,6452
11096,1,6837
11096,1,8745
11096,1,9128
1106,0,11097
2394,0,11097
2395,0,11097
10396,2,11097
11097,1,5970
11097,1,5973
11097,1,6239
11097,1,6392
11097,1,6737
11097,1,7242
11097,1,7526
795,0,11098
2193,0,11098
4426,0,11098
10396,2,11098
11098,1,6005
11098,1,6163
11098,1,6247
11098,1,8748
1683,0,11099
3162,0,11099
3418,0,11099
3504,0,11099
10396,2,11099
11099,1,5978
11099,1,6084
11099,1,6118
11099,1,6483
11099,1,6614
11099,1,8396
1699,0,11100
3487,0,11100
10396,2,11100
11100,1,5972
11100,1,6255
11100,1,6277
11100,1,6320
11100,1,6452
11100,1,6453
1699,0,11101
1781,0,11101
10396,2,11101
11101,1,5970
11101,1,5972
11101,1,6063
11101,1,6086
11101,1,6255
11101,1,6320
11101,1,6389
11101,1,6478
11101,1,8750
795,0,11102
2196,0,11102
10396,2,11102
11102,1,5970
11102,1,5992
11102,1,6247
11102,1,6341
11102,1,6640
11102,1,7467
11102,1,7849
11102,1,8558
769,0,11103
807,0,11103
1566,0,11103
10396,2,11103
11103,1,6006
11103,1,6096
11103,1,6193
11103,1,6255
11103,1,6276
11103,1,6344
11103,1,7389
11103,3,14114
3635,0,11104
3912,0,11104
4429,0,11104
10396,2,11104
11104,1,5936
11104,1,6095
11104,1,6346
11104,1,6514
11104,1,7526
11104,1,8752
11104,1,8753
4268,0,11105
4291,0,11105
10396,2,11105
11105,1,6005
11105,1,6116
11105,1,6189
11105,1,6322
11105,1,6346
11105,1,6354
11105,1,6451
11105,1,6475
11105,3,14074
11105,3,14152
11105,3,13959
1756,0,11106
2890,0,11106
3702,0,11106
3703,0,11106
10396,2,11106
11106,1,6212
11106,1,6275
11106,1,6512
11106,1,6676
11106,3,14100
4431,0,11107
10396,2,11107
11107,1,5936
11107,1,5945
11107,1,5992
11107,1,6079
11107,1,6193
11107,1,6247
11107,1,7243
11107,3,13960
1756,0,11108
3813,0,11108
4432,0,11108
10396,2,11108
11108,1,5946
11108,1,5992
11108,1,6304
11108,1,6346
11108,1,6430
11108,1,8755
1735,0,11109
2977,0,11109
10396,2,11109
11109,1,5992
11109,1,6018
11109,1,6185
11109,1,6255
11109,1,6858
11109,1,8244
1735,0,11110
2977,0,11110
10396,2,11110
11110,1,6185
11110,1,6202
11110,1,6852
11110,1,7160
3920,0,11111
10396,2,11111
11111,1,6133
11111,1,6255
11111,1,6344
11111,1,6363
11111,1,6749
11111,3,14267
1723,0,11112
10396,2,11112
11112,1,6089
11112,1,6386
11112,1,6530
11112,1,6531
11112,1,6612
11112,1,7438
11112,1,8756
11112,3,13808
11112,3,14213
11112,3,14161
11112,3,14182
1723,0,11113
1795,0,11113
10396,2,11113
11113,1,5929
11113,1,6089
11113,1,6191
11113,1,6386
11113,1,6400
11113,1,7535
11113,1,7793
1797,0,11114
2116,0,11114
4433,0,11114
10396,2,11114
11114,1,6386
11114,1,6406
11114,1,6926
11114,1,7571
11114,1,8683
11114,1,8757
11114,3,14046
11114,3,10968
3033,0,11115
3686,0,11115
10396,2,11115
11115,1,6007
11115,1,6118
11115,1,6126
11115,1,6141
11115,1,6301
11115,1,6969
11115,1,7748
11115,1,8758
3919,0,11116
10396,2,11116
11116,1,6346
11116,1,6386
11116,1,7304
11116,1,7752
11116,1,8759
1756,0,11117
2272,0,11117
2718,0,11117
3477,0,11117
3831,0,11117
3925,0,11117
10396,2,11117
11117,1,5926
11117,1,6086
11117,1,6255
11117,1,8760
2039,0,11118
3101,0,11118
4267,0,11118
4271,0,11118
10396,2,11118
11118,1,6249
11118,1,6344
11118,1,6577
11118,1,7536
11118,1,7605
2383,0,11119
3739,0,11119
10396,2,11119
11119,1,5936
11119,1,6013
11119,1,6255
11119,1,6479
11119,1,6503
11119,1,6554
11119,1,7795
11119,3,10950
11119,3,10911
77,0,11120
3075,0,11120
3813,0,11120
4424,0,11120
4434,0,11120
10396,2,11120
11120,1,6096
11120,1,6255
11120,1,6344
11120,1,6660
11120,1,8761
1776,0,11121
2383,0,11121
3929,0,11121
10396,2,11121
11121,1,5966
11121,1,6034
11121,1,6191
11121,1,6402
11121,1,6731
11121,1,8762
1699,0,11122
3487,0,11122
4435,0,11122
4436,0,11122
10396,2,11122
11122,1,5972
11122,1,6255
11122,1,6277
11122,1,6320
11122,1,8184
1674,0,11123
4437,0,11123
10396,2,11123
11123,1,6237
11123,1,6614
11123,1,6623
11123,1,8764
1674,0,11124
2194,0,11124
2195,0,11124
2249,0,11124
10396,2,11124
11124,1,5970
11124,1,5996
11124,1,6637
11124,1,6899
11124,1,7585
11124,1,8748
11124,1,8768
77,0,11125
3790,0,11125
10396,2,11125
11125,1,5936
11125,1,5970
11125,1,5992
11125,1,6003
11125,1,6126
11125,1,6235
11125,1,6344
11125,1,6451
11125,1,6471
11125,1,6538
11125,1,6697
11125,1,6854
11125,1,7906
4439,0,11126
10396,2,11126
11126,1,5937
11126,1,6089
11126,1,6185
11126,1,6301
11126,1,6407
11126,1,6479
11126,1,6562
11126,1,6726
11126,1,7116
11126,1,8382
4440,0,11127
10396,2,11127
11127,1,6020
11127,1,6052
11127,1,6086
11127,1,6112
11127,1,6255
11127,1,6389
11127,1,6526
2060,0,11128
2616,0,11128
4441,0,11128
10396,2,11128
11128,1,6084
11128,1,6096
11128,1,6167
11128,1,6255
11128,1,6344
11128,1,7369
2060,0,11129
2616,0,11129
4441,0,11129
10396,2,11129
11129,1,5945
11129,1,5992
11129,1,6214
11129,1,6247
11129,1,6621
11129,1,7369
11129,1,8771
11129,3,11128
297,0,11130
1124,0,11130
3285,0,11130
4442,0,11130
10396,2,11130
11130,1,6124
11130,1,6131
11130,1,6168
11130,1,6452
11130,1,6453
11130,1,6614
11130,1,7807
2194,0,11131
2195,0,11131
2210,0,11131
2247,0,11131
2248,0,11131
2249,0,11131
10396,2,11131
11131,1,6081
11131,1,6576
11131,1,7155
11131,1,7622
11131,1,8774
11131,1,8775
2212,0,11132
2516,0,11132
3478,0,11132
3813,0,11132
10396,2,11132
11132,1,5978
11132,1,6089
11132,1,6418
11132,1,6453
11132,1,7948
2212,0,11133
3812,0,11133
3813,0,11133
10396,2,11133
11133,1,5992
11133,1,6215
11133,1,6255
11133,1,6418
11133,1,6452
11133,1,6453
11133,1,7906
2060,0,11134
2409,0,11134
4443,0,11134
10396,2,11134
11134,1,6075
11134,1,6266
11134,1,6344
11134,1,7634
11134,1,8777
11134,3,14415
11134,3,13826
11134,3,15122
353,0,11135
2300,0,11135
2678,0,11135
3046,0,11135
10396,2,11135
11135,1,6118
11135,1,6255
11135,1,6386
11135,1,6452
11135,1,6453
11135,1,6881
11135,3,10743
11135,3,13949
353,0,11136
2300,0,11136
2678,0,11136
3046,0,11136
4444,0,11136
10396,2,11136
11136,1,5929
11136,1,5970
11136,1,6065
11136,1,6297
11136,1,6365
11136,1,6386
11136,1,6525
11136,1,7618
11136,3,12251
212,0,11137
1778,0,11137
2392,0,11137
2393,0,11137
10396,2,11137
11137,1,5970
11137,1,6255
11137,1,6346
11137,1,6347
11137,1,6432
11137,1,6493
11137,1,6726
11137,1,8778
23,0,11138
251,0,11138
2098,0,11138
10397,2,11138
11138,1,6089
11138,1,6091
11138,1,6247
11138,1,6352
11138,1,6442
11138,1,6856
11138,1,6951
11138,1,7047
11138,1,7204
1349,0,11139
4453,0,11139
4454,0,11139
10397,2,11139
11139,1,5921
11139,1,6009
11139,1,6052
11139,1,7304
11139,1,7846
2323,0,11140
2801,0,11140
4453,0,11140
10397,2,11140
11140,1,6065
11140,1,6297
11140,1,6525
11140,1,7100
11140,1,7216
11140,1,7225
723,0,11141
10397,2,11141
11141,1,7022
11141,1,7104
11141,1,7939
11141,1,8413
11141,1,8629
4395,0,11142
10397,2,11142
11142,1,5996
11142,1,6007
11142,1,6024
11142,1,6586
11142,1,6896
11142,1,8558
2947,0,11143
10397,2,11143
11143,1,6079
11143,1,6559
11143,1,6725
11143,1,7300
11143,1,8806
596,0,11144
597,0,11144
10397,2,11144
11144,1,6305
11144,1,6851
11144,1,7366
11144,1,7965
11144,1,8610
11144,1,8807
1656,0,11145
2263,0,11145
4456,0,11145
4457,0,11145
10397,2,11145
11145,1,5922
11145,1,5970
11145,1,6100
11145,1,7018
11145,1,7585
11145,1,8004
11145,1,8300
11145,1,8719
2079,0,11146
10397,2,11146
11146,1,5992
11146,1,6083
11146,1,6086
11146,1,8438
11146,1,8808
11146,1,8809
11146,3,11147
624,0,11148
626,0,11148
627,0,11148
628,0,11148
10397,2,11148
11148,1,5919
11148,1,5936
11148,1,5956
11148,1,6055
11148,1,6057
11148,1,6104
11148,1,6181
11148,1,6563
11148,1,6934
1349,0,11149
4458,0,11149
4459,0,11149
10397,2,11149
11149,1,5921
11149,1,6392
11149,1,7395
1349,0,11150
4458,0,11150
10397,2,11150
11150,1,5915
11150,1,5921
11150,1,6240
11150,1,6363
11150,1,7897
11150,1,8236
1349,0,11151
4458,0,11151
10397,2,11151
11151,1,5970
11151,1,5978
11151,1,6022
11151,1,7022
11151,1,7687
55,0,11152
829,0,11152
10397,2,11152
11152,1,5936
11152,1,6003
11152,1,6028
11152,1,6079
11152,1,6559
11152,1,6786
11152,1,7421
11152,1,7448
11152,1,7551
895,0,11153
2224,0,11153
10397,2,11153
11153,1,6033
11153,1,6131
11153,1,7056
11153,1,7160
11153,1,7969
11153,1,8815
11153,1,8816
11153,1,8817
2101,0,11154
2102,0,11154
2103,0,11154
2183,0,11154
10397,2,11154
11154,1,5921
11154,1,5994
11154,1,6410
11154,1,7060
11154,1,7840
11154,1,7841
1116,0,11155
4460,0,11155
10397,2,11155
11155,1,7005
11155,1,7022
11155,1,8587
11155,1,8823
11155,1,8824
4461,0,11156
10397,2,11156
11156,1,5929
11156,1,7524
11156,1,7788
11156,1,8564
11156,1,8825
11156,1,8826
3896,0,11157
4461,0,11157
10397,2,11157
11157,1,5955
11157,1,6229
11157,1,6405
11157,1,6614
11157,1,6705
11157,1,7843
11157,1,8827
11157,1,8828
4462,0,11158
4463,0,11158
10397,2,11158
11158,1,6083
11158,1,6109
11158,1,6126
11158,1,6197
11158,1,6301
11158,1,6361
11158,1,6550
11158,1,6612
11158,1,7438
11158,1,8189
11158,1,8832
11158,1,8833
2537,0,11159
2790,0,11159
2791,0,11159
2792,0,11159
2802,0,11159
10397,2,11159
11159,1,6007
11159,1,6024
11159,1,7296
11159,1,8420
969,0,11160
4464,0,11160
10397,2,11160
11160,1,5921
11160,1,6441
11160,1,6718
11160,1,8836
2446,0,11161
10397,2,11161
11161,1,5922
11161,1,5936
11161,1,6009
11161,1,6021
11161,1,6456
11161,1,7220
11161,1,7983
11161,1,8082
11161,1,8143
2446,0,11162
10397,2,11162
11162,1,5997
11162,1,6390
11162,1,6873
11162,1,7198
11162,1,8005
11162,1,8143
11162,1,8837
1065,0,11163
2798,0,11163
10397,2,11163
11163,1,6083
11163,1,6171
11163,1,6718
11163,1,7096
11163,1,7418
1116,0,11164
3973,0,11164
10397,2,11164
11164,1,6390
11164,1,6464
11164,1,7049
11164,1,8436
897,0,11165
1034,0,11165
4465,0,11165
10397,2,11165
11165,1,5921
11165,1,6007
11165,1,6150
11165,1,6151
11165,1,6798
11165,1,6892
11165,1,6948
3308,0,11167
4141,0,11167
4142,0,11167
4143,0,11167
10397,2,11167
11167,1,5915
11167,1,5921
11167,1,5932
11167,1,5936
11167,1,6185
11167,1,6407
11167,1,6479
11167,1,6627
2109,0,11169
2459,0,11169
2477,0,11169
4469,0,11169
10397,2,11169
11169,1,7155
11169,1,8034
11169,1,8842
11169,1,8843
11169,3,12345
11169,3,12304
11169,3,12720
101,0,11170
131,0,11170
574,0,11170
4470,0,11170
10397,2,11170
11170,1,5921
11170,1,5970
11170,1,6021
11170,1,6022
11170,1,6536
11170,1,6798
11170,1,8792
11170,1,8793
2513,0,11172
4471,0,11172
10397,2,11172
11172,1,5936
11172,1,6014
11172,1,6166
11172,1,6337
11172,1,6943
2419,0,11174
10397,2,11174
11174,1,5929
11174,1,6052
11174,1,6082
11174,1,6352
11174,1,8390
11174,1,8845
97,0,11175
4098,0,11175
10397,2,11175
11175,1,6065
11175,1,6291
11175,1,6297
11175,1,6420
11175,1,6572
11175,1,6697
11175,1,7906
1552,0,11176
2479,0,11176
2480,0,11176
10397,2,11176
11176,1,5956
11176,1,6277
11176,1,6484
11176,1,6943
11176,1,7068
11176,1,7140
641,0,11178
721,0,11178
969,0,11178
10397,2,11178
11178,1,5921
11178,1,5927
11178,1,6194
11178,1,7598
11178,1,8402
221,0,11179
733,0,11179
1144,0,11179
10397,2,11179
11179,1,5929
11179,1,6118
11179,1,6269
11179,1,6386
11179,1,7256
11179,1,7560
1171,0,11180
10397,2,11180
11180,1,5924
11180,1,5929
11180,1,6021
11180,1,6022
11180,1,7056
11180,1,7136
11180,1,7983
1318,0,11181
2641,0,11181
10397,2,11181
11181,1,5921
11181,1,5970
11181,1,6059
11181,1,6405
11181,1,6943
11181,1,7560
11181,1,8855
1570,0,11182
4101,0,11182
4474,0,11182
10397,2,11182
11182,1,6137
11182,1,8794
11182,1,8856
449,0,11183
1762,0,11183
1763,0,11183
2627,0,11183
2667,0,11183
10397,2,11183
11183,1,5929
11183,1,6100
11183,1,6264
11183,1,6265
11183,1,6403
11183,1,7885
11183,1,7959
1512,0,11184
2700,0,11184
4475,0,11184
10397,2,11184
11184,1,5921
11184,1,5939
11184,1,6050
11184,1,6086
11184,1,6237
11184,1,6361
11184,1,7086
11184,1,7972
11,0,11185
2440,0,11185
3897,0,11185
3899,0,11185
10397,2,11185
11185,1,5919
11185,1,5929
11185,1,6118
11185,1,6742
11185,1,8859
4476,0,11186
10397,2,11186
11186,1,5921
11186,1,5978
11186,1,6235
11186,1,6697
11186,1,6890
11186,1,6948
11186,1,8159
11186,1,8500
1454,0,11187
2108,0,11187
2109,0,11187
2111,0,11187
10397,2,11187
11187,1,5970
11187,1,6355
11187,1,7049
11187,1,7124
11187,1,7237
11187,1,7622
11187,1,8863
11187,1,8864
2512,0,11188
3753,0,11188
10397,2,11188
11188,1,5929
11188,1,6018
11188,1,6205
11188,1,6386
11188,1,6432
11188,1,7437
11188,1,7750
11188,1,8455
645,0,11189
670,0,11189
1521,0,11189
10397,2,11189
11189,1,5921
11189,1,5936
11189,1,6003
11189,1,6282
11189,1,7325
573,0,11190
1157,0,11190
1158,0,11190
10397,2,11190
11190,1,5924
11190,1,6007
11190,1,6024
11190,1,6091
11190,1,6210
11190,1,6879
11190,1,7136
1012,0,11191
4477,0,11191
10397,2,11191
11191,1,5921
11191,1,6040
11191,1,6216
11191,1,6267
1635,0,11192
2787,0,11192
10397,2,11192
11192,1,6024
11192,1,6083
11192,1,6121
1635,0,11193
2787,0,11193
10397,2,11193
11193,1,6121
11193,1,6432
11193,1,6663
11193,1,6873
11193,1,7128
1635,0,11194
2787,0,11194
2798,0,11194
10397,2,11194
11194,1,5921
11194,1,5951
11194,1,6879
11194,1,8715
131,0,11195
574,0,11195
4478,0,11195
10397,2,11195
11195,1,6024
11195,1,6126
11195,1,6572
11195,1,6604
11195,1,6688
11195,1,7454
11195,1,7615
1552,0,11196
1659,0,11196
2377,0,11196
4338,0,11196
4479,0,11196
10397,2,11196
11196,1,5918
11196,1,6235
11196,1,6250
11196,1,6497
11196,1,6551
11196,1,6697
11196,1,7334
11196,1,7758
574,0,11197
4480,0,11197
10397,2,11197
11197,1,5947
11197,1,5970
11197,1,6116
11197,1,6117
11197,1,6314
11197,1,6668
11197,1,6891
11197,1,7179
11197,1,8870
1318,0,11198
1416,0,11198
1745,0,11198
10397,2,11198
11198,1,5947
11198,1,6003
11198,1,6112
11198,1,6619
11198,1,7847
1060,0,11199
1182,0,11199
1183,0,11199
1184,0,11199
10397,2,11199
11199,1,5921
11199,1,5937
11199,1,5970
11199,1,6194
11199,1,6846
11199,1,6936
11199,1,7311
11199,1,8872
1318,0,11200
1783,0,11200
2723,0,11200
10397,2,11200
11200,1,5978
11200,1,6021
11200,1,6039
11200,1,6607
11200,1,6891
11200,1,7402
625,0,11201
4404,0,11201
4483,0,11201
4484,0,11201
4485,0,11201
10397,2,11201
11201,1,5936
11201,1,5943
11201,1,6118
11201,1,6583
11201,1,7385
2111,0,11202
4486,0,11202
10397,2,11202
11202,1,5996
11202,1,6107
11202,1,6405
11202,1,6475
11202,1,7319
11202,1,8334
11202,1,8550
97,0,11203
4487,0,11203
10397,2,11203
11203,1,5921
11203,1,5970
11203,1,6117
11203,1,6337
11203,1,6833
11203,1,7957
11203,1,8873
11203,1,8874
1552,0,11204
4336,0,11204
10397,2,11204
11204,1,6235
11204,1,6820
11204,1,6858
245,0,11205
260,0,11205
3800,0,11205
10397,2,11205
11205,1,5996
11205,1,7638
11205,1,8605
1235,0,11206
1433,0,11206
4488,0,11206
10397,2,11206
11206,1,5978
11206,1,6250
11206,1,7047
11206,1,7137
11206,1,7288
11206,1,7312
11206,1,8309
11206,3,12775
2791,0,11207
2792,0,11207
4489,0,11207
10397,2,11207
11207,1,5919
11207,1,5921
11207,1,6052
11207,1,6064
11207,1,6130
11207,1,6197
11207,1,6510
1397,0,11208
1877,0,11208
3842,0,11208
10397,2,11208
11208,1,5938
11208,1,6344
11208,1,7056
11208,1,7437
1158,0,11209
2238,0,11209
10397,2,11209
11209,1,6153
11209,1,6284
11209,1,6807
11209,1,7247
11209,1,8034
11209,1,8373
11209,3,12373
1325,0,11210
1326,0,11210
10397,2,11210
11210,1,6012
11210,1,6405
11210,1,6697
11210,1,8373
1325,0,11211
1326,0,11211
10397,2,11211
11211,1,6024
11211,1,6961
11211,1,7370
1552,0,11212
4336,0,11212
4490,0,11212
10397,2,11212
11212,1,5937
11212,1,5956
11212,1,6079
11212,1,8130
1468,0,11213
2800,0,11213
4077,0,11213
10397,2,11213
11213,1,5936
11213,1,6250
11213,1,6255
11213,1,6277
11213,1,6471
11213,1,6766
11213,1,8512
1468,0,11214
1511,0,11214
10397,2,11214
11214,1,6052
11214,1,6130
11214,1,7257
11214,1,7439
1117,0,11215
3876,0,11215
10397,2,11215
11215,1,5991
11215,1,6079
11215,1,6584
11215,1,7448
11215,1,8905
11215,3,13590
11215,3,11912
11215,3,11768
11215,3,13463
929,0,11216
941,0,11216
1508,0,11216
10397,2,11216
11216,1,5921
11216,1,5994
11216,1,6133
11216,1,6204
11216,1,6235
11216,1,6697
11216,1,6848
11216,1,7370
2968,0,11217
3843,0,11217
4294,0,11217
4500,0,11217
10398,2,11217
11217,1,6065
11217,1,6185
11217,1,6249
11217,1,6257
11217,1,6337
11217,1,6346
11217,1,6400
3239,0,11220
4366,0,11220
4502,0,11220
4503,0,11220
10398,2,11220
11220,1,5970
11220,1,5989
11220,1,6060
11220,1,6295
11220,1,7933
1880,0,11221
4177,0,11221
4178,0,11221
10398,2,11221
11221,1,6167
11221,1,7369
11221,1,7604
11221,1,8912
11221,1,8916
2676,0,11222
3040,0,11222
10398,2,11222
11222,1,6000
11222,1,6006
11222,1,6118
11222,1,6250
11222,1,6580
11222,1,6593
11222,1,7190
11222,1,8917
1932,0,11223
1990,0,11223
2259,0,11223
2822,0,11223
3232,0,11223
4505,0,11223
4506,0,11223
10398,2,11223
11223,1,5990
11223,1,6016
11223,1,6303
11223,1,8333
11223,1,8918
11223,1,8919
2495,0,11224
4507,0,11224
4508,0,11224
10398,2,11224
11224,1,6122
11224,1,6242
11224,1,6250
11224,1,6421
11224,1,6439
11224,1,8920
2854,0,11225
3457,0,11225
4509,0,11225
10398,2,11225
11225,1,6050
11225,1,6575
11225,1,7751
2894,0,11228
4299,0,11228
4345,0,11228
4512,0,11228
10398,2,11228
11228,1,6079
11228,1,6250
11228,1,6404
11228,1,6645
11228,1,8923
2884,0,11229
10398,2,11229
11229,1,5951
11229,1,5987
11229,1,6013
11229,1,6207
11229,1,6267
11229,1,6271
11229,1,6295
11229,1,6531
11229,1,6716
1562,0,11230
1987,0,11230
2846,0,11230
2882,0,11230
4513,0,11230
4514,0,11230
10398,2,11230
11230,1,6005
11230,1,6185
11230,1,6249
11230,1,6250
11230,1,6337
11230,1,8555
1960,0,11233
2700,0,11233
4517,0,11233
10398,2,11233
11233,1,6016
11233,1,6268
11233,1,6642
11233,1,7470
376,0,11234
1806,0,11234
10398,2,11234
11234,1,5947
11234,1,5996
11234,1,6172
11234,1,7641
11234,1,7852
3229,0,11236
4087,0,11236
4294,0,11236
4520,0,11236
10398,2,11236
11236,1,5980
11236,1,6276
11236,1,6337
11236,1,6588
1908,0,11238
3059,0,11238
10398,2,11238
11238,1,5940
11238,1,6013
11238,1,6159
11238,1,6165
11238,1,6205
11238,1,6295
11238,1,6940
11238,1,8563
11238,1,8932
11238,1,8933
416,0,11239
2027,0,11239
2295,0,11239
4212,0,11239
4522,0,11239
4523,0,11239
4524,0,11239
10398,2,11239
11239,1,6214
11239,1,6659
11239,1,8934
1023,0,11240
10398,2,11240
11240,1,5972
11240,1,5992
11240,1,6721
11240,1,7913
11240,1,8935
1100,0,11242
3313,0,11242
3413,0,11242
10398,2,11242
11242,1,6171
11242,1,6322
11242,1,6326
11242,1,6352
11242,1,6926
11242,1,7933
11242,1,7937
11242,1,8938
1434,0,11243
3161,0,11243
3509,0,11243
4526,0,11243
10398,2,11243
11243,1,6283
11243,1,6632
11243,1,8939
1890,0,11244
3231,0,11244
3368,0,11244
4527,0,11244
10398,2,11244
11244,1,5936
11244,1,6052
11244,1,6185
11244,1,6250
11244,1,6283
11244,1,6309
11244,1,7388
2066,0,11245
2961,0,11245
4194,0,11245
10398,2,11245
11245,1,5936
11245,1,6079
11245,1,6303
11245,1,6733
11245,1,8940
3358,0,11246
3434,0,11246
4528,0,11246
10398,2,11246
11246,1,5970
11246,1,6625
11246,1,8490
11246,1,8684
11246,1,8941
11246,1,8942
1894,0,11247
2986,0,11247
2987,0,11247
10398,2,11247
11247,1,6118
11247,1,6156
11247,1,6250
11247,1,6425
11247,1,6506
11247,1,6884
11247,1,7294
11247,1,7599
2066,0,11248
2936,0,11248
2963,0,11248
4529,0,11248
10398,2,11248
11248,1,5949
11248,1,6193
11248,1,6247
11248,1,6250
11248,1,6337
11248,1,6351
11248,1,6475
474,0,11249
879,0,11249
880,0,11249
10398,2,11249
11249,1,6242
11249,1,6942
11249,1,7024
11249,1,7994
11249,1,8865
183,0,11251
2179,0,11251
10398,2,11251
11251,1,5949
11251,1,5992
11251,1,6046
11251,1,6517
11251,1,6738
431,0,11252
3141,0,11252
3494,0,11252
3622,0,11252
10398,2,11252
11252,1,5949
11252,1,6276
11252,1,6599
11252,1,6926
11252,1,7546
1434,0,11253
4030,0,11253
10398,2,11253
11253,1,6253
11253,1,6308
11253,1,6416
11253,1,6417
11253,1,6425
1926,0,11254
3630,0,11254
10398,2,11254
11254,1,5936
11254,1,6013
11254,1,6176
11254,1,6322
11254,1,6326
11254,1,6471
11254,1,7052
1619,0,11255
2349,0,11255
2848,0,11255
10398,2,11255
11255,1,6000
11255,1,6249
11255,1,6250
11255,1,7357
11255,1,8202
11255,1,8338
244,0,11256
3585,0,11256
10398,2,11256
11256,1,5980
11256,1,6163
11256,1,6303
11256,1,6309
11256,1,6322
11256,1,6710
11256,1,8949
11256,1,8950
405,0,11257
3034,0,11257
3036,0,11257
3058,0,11257
10398,2,11257
11257,1,5936
11257,1,6046
11257,1,6171
11257,1,7164
11257,1,7357
11257,1,7897
11257,1,8442
11257,1,8937
2655,0,11258
3640,0,11258
10398,2,11258
11258,1,6013
11258,1,6127
11258,1,6295
11258,1,7556
11258,1,8951
11258,1,8952
1852,0,11259
4535,0,11259
4536,0,11259
10398,2,11259
11259,1,5980
11259,1,6001
11259,1,6163
11259,1,6322
1874,0,11261
1875,0,11261
3229,0,11261
3792,0,11261
10398,2,11261
11261,1,6079
11261,1,6171
11261,1,6183
11261,1,6253
11261,1,7418
573,0,11262
1887,0,11262
3668,0,11262
4161,0,11262
10398,2,11262
11262,1,6242
11262,1,6373
11262,1,6639
11262,1,7551
11262,1,8017
11262,1,8953
1992,0,11263
2997,0,11263
10398,2,11263
11263,1,5936
11263,1,6459
11263,1,8717
11263,1,8955
11263,1,8956
11263,1,9128
1263,0,11264
4537,0,11264
10398,2,11264
11264,1,6322
11264,1,6488
11264,1,6575
11264,1,6989
11264,1,8957
2850,0,11265
2863,0,11265
2864,0,11265
10398,2,11265
11265,1,6131
11265,1,6242
11265,1,6337
11265,1,6462
11265,1,8958
2914,0,11266
2956,0,11266
3497,0,11266
10398,2,11266
11266,1,6014
11266,1,6089
11266,1,6136
11266,1,6250
11266,1,6731
11266,1,6732
439,0,11267
10398,2,11267
11267,1,6587
11267,1,6595
11267,1,6671
11267,1,6961
1069,0,11269
4541,0,11269
10398,2,11269
11269,1,5949
11269,1,5987
11269,1,6309
11269,1,6359
11269,1,6475
11269,1,6631
11269,1,8965
1810,0,11270
1957,0,11270
4542,0,11270
4543,0,11270
4544,0,11270
4545,0,11270
10398,2,11270
11270,1,5918
11270,1,6250
11270,1,6350
11270,1,6420
11270,1,8796
1955,0,11271
4246,0,11271
10398,2,11271
11271,1,6185
11271,1,6303
11271,1,6424
11271,1,6942
196,0,11272
3951,0,11272
10398,2,11272
11272,1,5936
11272,1,6255
11272,1,6366
11272,1,6471
11272,1,8966
405,0,11273
3072,0,11273
3081,0,11273
10398,2,11273
11273,1,6249
11273,1,6254
11273,1,6337
11273,1,6344
11273,1,6371
11273,1,6400
11273,1,6915
11273,1,8967
618,0,11275
4251,0,11275
10398,2,11275
11275,1,5936
11275,1,6005
11275,1,6181
11275,1,6322
11275,1,6880
11275,1,6902
11275,1,7005
11275,1,7965
11275,1,7998
11275,1,8214
11275,1,8969
2031,0,11276
4218,0,11276
10398,2,11276
11276,1,5936
11276,1,6249
11276,1,6337
11276,1,6416
11276,1,8971
1954,0,11277
1970,0,11277
4111,0,11277
4547,0,11277
10398,2,11277
11277,1,5929
11277,1,5949
11277,1,6131
11277,1,6250
11277,1,6410
11277,1,8143
11277,1,8974
385,0,11278
2031,0,11278
3510,0,11278
10398,2,11278
11278,1,5948
11278,1,6185
11278,1,6186
11278,1,6249
11278,1,7597
11278,1,8131
11278,1,8607
387,0,11280
1100,0,11280
1101,0,11280
1981,0,11280
4549,0,11280
10398,2,11280
11280,1,6086
11280,1,6439
11280,1,6509
11280,1,8163
11280,1,8444
362,0,11281
4325,0,11281
10398,2,11281
11281,1,5949
11281,1,6250
11281,1,6309
11281,1,6539
11281,1,6736
11281,1,7402
162,0,11283
1069,0,11283
3778,0,11283
10398,2,11283
11283,1,6309
11283,1,7276
11283,1,7576
11283,1,7612
2265,0,11284
2266,0,11284
4130,0,11284
4551,0,11284
10398,2,11284
11284,1,6013
11284,1,6039
11284,1,6086
11284,1,6133
11284,1,6655
11284,1,6656
2684,0,11285
3715,0,11285
4034,0,11285
4552,0,11285
10398,2,11285
11285,1,5970
11285,1,6322
11285,1,6926
11285,1,8977
11285,1,8978
11285,1,8979
11285,1,8980
246,0,11286
2684,0,11286
4034,0,11286
4133,0,11286
10398,2,11286
11286,1,5949
11286,1,5980
11286,1,6122
11286,1,6710
11286,1,7924
2072,0,11287
3434,0,11287
4071,0,11287
4274,0,11287
10398,2,11287
11287,1,5949
11287,1,6044
11287,1,6118
11287,1,6816
11287,1,7603
11287,1,8377
11287,1,8981
3247,0,11288
3248,0,11288
4553,0,11288
10398,2,11288
11288,1,6136
11288,1,6288
11288,1,6295
11288,1,8982
11288,1,8983
384,0,11289
2117,0,11289
3510,0,11289
10398,2,11289
11289,1,6247
11289,1,6250
11289,1,6337
11289,1,6560
11289,1,6661
11289,1,7357
11289,1,7392
11289,1,7556
11289,1,8134
11289,1,8238
504,0,11290
2015,0,11290
2050,0,11290
10398,2,11290
11290,1,5970
11290,1,6186
11290,1,6305
11290,1,6308
11290,1,6322
11290,1,7630
11290,1,8961
1430,0,11291
1504,0,11291
4554,0,11291
10398,2,11291
11291,1,6242
11291,1,6625
11291,1,6845
11291,1,8278
1820,0,11292
4200,0,11292
4555,0,11292
10398,2,11292
11292,1,5946
11292,1,5970
11292,1,6001
11292,1,7602
11292,1,8986
11292,1,8987
145,0,11293
246,0,11293
1536,0,11293
2684,0,11293
3262,0,11293
4034,0,11293
10398,2,11293
11293,1,6001
11293,1,6086
11293,1,6136
11293,1,7704
11293,1,8485
1501,0,11294
3337,0,11294
3721,0,11294
10398,2,11294
11294,1,6249
11294,1,6322
11294,1,6608
11294,1,7160
11294,1,8569
84,0,11296
2078,0,11296
3699,0,11296
4357,0,11296
10398,2,11296
11296,1,6171
11296,1,6220
11296,1,6637
11296,1,6769
11296,1,7164
11296,1,7222
11296,1,7909
11296,1,7910
11296,1,8560
3032,0,11297
3229,0,11297
3843,0,11297
4294,0,11297
10398,2,11297
11297,1,5970
11297,1,6250
11297,1,6283
11297,1,6314
11297,1,6364
11297,1,6656
11297,1,8510
162,0,11298
1069,0,11298
4109,0,11298
4556,0,11298
10398,2,11298
11298,1,5987
11298,1,6322
11298,1,8066
11298,1,8164
2675,0,11299
2979,0,11299
3605,0,11299
3826,0,11299
10398,2,11299
11299,1,6247
11299,1,6470
11299,1,6769
11299,1,7422
11299,1,7423
11299,1,7786
11299,1,8990
1194,0,11300
1911,0,11300
4515,0,11300
10399,2,11300
11300,1,6003
11300,1,6416
11300,1,6431
11300,1,6754
11300,1,9006
808,0,11301
2439,0,11301
3381,0,11301
10399,2,11301
11301,1,6250
11301,1,6283
11301,1,6322
11301,1,6364
11301,1,6377
11301,1,7428
2439,0,11302
3094,0,11302
3351,0,11302
3377,0,11302
10399,2,11302
11302,1,6206
11302,1,6272
11302,1,6322
11302,1,6926
913,0,11303
2344,0,11303
2345,0,11303
4204,0,11303
10399,2,11303
11303,1,6255
11303,1,6303
11303,1,6326
11303,1,6352
11303,1,6361
11303,1,7998
175,0,11304
2846,0,11304
2849,0,11304
10399,2,11304
11304,1,6016
11304,1,6249
11304,1,6326
11304,1,6545
11304,1,7329
11304,1,7605
361,0,11306
362,0,11306
3224,0,11306
4613,0,11306
4806,0,11306
10399,2,11306
11306,1,5974
11306,1,6509
11306,1,9012
11306,1,9013
362,0,11307
376,0,11307
10399,2,11307
11307,1,5990
11307,1,5992
11307,1,6046
11307,1,6258
11307,1,7223
1902,0,11308
1904,0,11308
1905,0,11308
10399,2,11308
11308,1,5951
11308,1,6249
11308,1,6275
11308,1,6346
11308,1,9014
11308,1,9015
2854,0,11309
2869,0,11309
3457,0,11309
3844,0,11309
10399,2,11309
11309,1,6127
11309,1,6249
11309,1,6346
11309,1,7243
11309,1,9017
1961,0,11310
4165,0,11310
4809,0,11310
4810,0,11310
10399,2,11310
11310,1,5949
11310,1,5995
11310,1,7111
11310,1,8401
11310,1,9018
2854,0,11311
2856,0,11311
10399,2,11311
11311,1,5992
11311,1,6046
11311,1,6159
11311,1,6249
11311,1,6250
11311,1,6337
11311,1,7859
2854,0,11312
2856,0,11312
3457,0,11312
10399,2,11312
11312,1,6249
11312,1,6908
11312,1,8992
11312,1,9019
2854,0,11313
3457,0,11313
3636,0,11313
10399,2,11313
11313,1,6127
11313,1,6249
11313,1,6359
2620,0,11314
2716,0,11314
3462,0,11314
3510,0,11314
10399,2,11314
11314,1,5936
11314,1,5947
11314,1,5992
11314,1,6138
11314,1,6185
11314,1,6645
11314,1,7650
11314,1,8535
11314,1,8878
3437,0,11315
3591,0,11315
10399,2,11315
11315,1,5949
11315,1,6016
11315,1,6086
11315,1,6237
11315,1,6337
11315,1,6386
2620,0,11316
2716,0,11316
3462,0,11316
3510,0,11316
10399,2,11316
11316,1,5992
11316,1,6001
11316,1,6028
11316,1,6250
11316,1,6270
11316,1,9020
1309,0,11317
2145,0,11317
3732,0,11317
3988,0,11317
3989,0,11317
4628,0,11317
10399,2,11317
11317,1,5992
11317,1,6043
11317,1,6214
11317,1,6471
11317,1,9021
308,0,11318
4319,0,11318
4391,0,11318
10399,2,11318
11318,1,5987
11318,1,6022
11318,1,6631
11318,1,6696
1853,0,11319
3165,0,11319
3173,0,11319
3239,0,11319
4502,0,11319
4811,0,11319
10399,2,11319
11319,1,6013
11319,1,6068
11319,1,6290
11319,1,6295
11319,1,6410
11319,1,6738
11319,1,6884
11319,1,7339
2327,0,11320
3330,0,11320
3331,0,11320
10399,2,11320
11320,1,5936
11320,1,5949
11320,1,6247
11320,1,6410
11320,1,6554
11320,1,9023
3239,0,11321
3331,0,11321
4388,0,11321
4812,0,11321
10399,2,11321
11321,1,5949
11321,1,6047
11321,1,6410
11321,1,7735
3239,0,11326
4366,0,11326
4502,0,11326
4503,0,11326
10399,2,11326
11326,1,5970
11326,1,5989
11326,1,6295
11326,1,6492
11326,1,7933
1497,0,11327
1842,0,11327
1843,0,11327
2072,0,11327
2772,0,11327
3358,0,11327
3433,0,11327
3434,0,11327
4071,0,11327
4305,0,11327
4766,0,11327
4783,0,11327
4813,0,11327
4814,0,11327
4815,0,11327
10399,2,11327
11327,1,6295
11327,1,6303
11327,1,6376
11327,1,6678
11327,1,6926
1501,0,11329
3337,0,11329
3440,0,11329
3457,0,11329
3636,0,11329
3721,0,11329
10399,2,11329
11329,1,6127
11329,1,6185
11329,1,6249
11329,1,6337
11329,1,6528
11329,1,6575
11329,1,6631
11329,1,8674
1885,0,11331
2879,0,11331
2887,0,11331
3904,0,11331
4818,0,11331
10399,2,11331
11331,1,6249
11331,1,6253
11331,1,6337
11331,1,6346
11331,1,7131
1810,0,11333
2732,0,11333
3361,0,11333
10399,2,11333
11333,1,5998
11333,1,6205
11333,1,6432
11333,1,7550
1810,0,11334
3361,0,11334
10399,2,11334
11334,1,6295
11334,1,6914
11334,1,7402
11334,1,8184
11334,1,8925
405,0,11335
1810,0,11335
3361,0,11335
10399,2,11335
11335,1,5998
11335,1,6028
11335,1,6052
11335,1,6305
11335,1,8937
11335,1,9026
2068,0,11336
3439,0,11336
4819,0,11336
10399,2,11336
11336,1,6249
11336,1,6587
11336,1,7973
11336,1,8494
11336,1,9027
11336,1,9028
11336,1,9029
11336,1,9030
3057,0,11337
3389,0,11337
4209,0,11337
4820,0,11337
4821,0,11337
10399,2,11337
11337,1,6185
11337,1,6309
11337,1,6376
11337,1,7470
11337,1,8963
1956,0,11338
2428,0,11338
3459,0,11338
4218,0,11338
4795,0,11338
4822,0,11338
10399,2,11338
11338,1,6309
11338,1,6671
11338,1,6984
11338,1,7092
11338,1,7424
11338,1,9032
2064,0,11339
2066,0,11339
10399,2,11339
11339,1,5924
11339,1,6003
11339,1,6159
11339,1,6351
11339,1,6371
11339,1,6436
912,0,11340
2989,0,11340
2990,0,11340
4624,0,11340
4823,0,11340
10399,2,11340
11340,1,5916
11340,1,5992
11340,1,6086
11340,1,8202
11340,1,9034
2655,0,11341
2867,0,11341
3492,0,11341
3846,0,11341
3909,0,11341
4824,0,11341
10399,2,11341
11341,1,6249
11341,1,6410
11341,1,7376
11341,1,7909
11341,1,9160
2867,0,11342
3492,0,11342
3846,0,11342
3909,0,11342
10399,2,11342
11342,1,5924
11342,1,5936
11342,1,6118
11342,1,6249
11342,1,6261
11342,1,6416
11342,1,6587
1900,0,11344
1978,0,11344
3811,0,11344
10399,2,11344
11344,1,6041
11344,1,6134
11344,1,6277
11344,1,6322
11344,1,6351
11344,1,6377
11344,1,6421
11344,1,7136
1880,0,11345
1987,0,11345
4177,0,11345
4178,0,11345
10399,2,11345
11345,1,6798
11345,1,8912
3222,0,11347
4592,0,11347
10399,2,11347
11347,1,5980
11347,1,5987
11347,1,6060
11347,1,6082
11347,1,7590
11347,1,9161
3331,0,11348
4516,0,11348
10399,2,11348
11348,1,6185
11348,1,6333
11348,1,6337
11348,1,7321
11348,1,7455
3457,0,11349
3591,0,11349
3636,0,11349
4516,0,11349
10399,2,11349
11349,1,5936
11349,1,6052
11349,1,6105
11349,1,6185
11349,1,6249
11349,1,6263
11349,1,6309
11349,1,6371
4826,0,11350
10399,2,11350
11350,1,5990
11350,1,5992
11350,1,6986
1835,0,11351
2351,0,11351
2838,0,11351
2839,0,11351
10399,2,11351
11351,1,5966
11351,1,5980
11351,1,6013
11351,1,6303
11351,1,6309
11351,1,6322
11351,1,6475
11351,1,6540
11351,1,8642
37,0,11352
1859,0,11352
1871,0,11352
2011,0,11352
10399,2,11352
11352,1,5992
11352,1,6001
11352,1,6045
11352,1,6046
11352,1,6326
11352,1,6520
11352,1,8386
1917,0,11355
1924,0,11355
1925,0,11355
10399,2,11355
11355,1,6136
11355,1,6250
11355,1,6604
11355,1,6642
11355,1,6830
11355,1,8127
173,0,11356
174,0,11356
3006,0,11356
4501,0,11356
10399,2,11356
11356,1,6309
11356,1,6671
11356,1,7050
11356,1,8911
11356,1,9169
1901,0,11357
2066,0,11357
2961,0,11357
2962,0,11357
3048,0,11357
4827,0,11357
10399,2,11357
11357,1,6247
11357,1,6351
11357,1,6606
11357,1,8469
11357,1,9170
11357,1,9171
189,0,11358
2180,0,11358
4828,0,11358
10399,2,11358
11358,1,6249
11358,1,6250
11358,1,6276
11358,1,6337
11358,1,6371
11358,1,6439
11358,1,6875
11358,1,7052
11358,1,7321
11358,1,9172
1898,0,11359
4829,0,11359
10399,2,11359
11359,1,5970
11359,1,6127
11359,1,6416
11359,1,6504
1947,0,11362
2069,0,11362
3076,0,11362
3315,0,11362
4830,0,11362
10399,2,11362
11362,1,6013
11362,1,6084
11362,1,6086
11362,1,6159
11362,1,6303
11362,1,7617
11362,1,8882
11362,1,9175
418,0,11363
2032,0,11363
4248,0,11363
4831,0,11363
10399,2,11363
11363,1,5936
11363,1,6001
11363,1,6090
11363,1,6350
11363,1,6420
11363,1,7018
2868,0,11364
3591,0,11364
4516,0,11364
10399,2,11364
11364,1,5949
11364,1,5992
11364,1,6322
11364,1,6361
11364,1,6614
11364,1,9177
11364,3,14523
11364,3,14433
11364,3,14576
11364,3,14627
11364,3,15322
11364,3,14958
11364,3,13542
3331,0,11366
3992,0,11366
4812,0,11366
10399,2,11366
11366,1,6005
11366,1,6242
11366,1,6322
11366,1,6337
11366,1,7870
3331,0,11367
4499,0,11367
10399,2,11367
11367,1,5949
11367,1,5970
11367,1,6249
11367,1,6250
11367,1,6255
11367,1,6261
11367,1,6410
11367,3,15110
11367,3,11441
11367,3,15404
11367,3,14960
11367,3,15040
11367,3,14517
11367,3,15295
11367,3,11607
11367,3,15406
11367,3,14845
1910,0,11368
2096,0,11368
2539,0,11368
4370,0,11368
4371,0,11368
4372,0,11368
4373,0,11368
4374,0,11368
4375,0,11368
4376,0,11368
4832,0,11368
10399,2,11368
11368,1,5970
11368,1,6136
11368,1,6156
11368,1,6158
11368,1,6216
11368,1,6250
11368,1,6279
11368,1,6435
11368,1,6566
11368,1,6659
11368,1,6713
11368,1,6798
11368,1,6941
11368,1,7351
11368,1,7375
11368,1,7515
11368,1,9128
11368,1,9644
2076,0,11370
4201,0,11370
10399,2,11370
11370,1,6193
11370,1,6352
11370,1,6475
11370,1,6744
11370,1,6813
11370,1,7430
2076,0,11371
4201,0,11371
10399,2,11371
11371,1,6043
11371,1,6161
11371,1,6171
11371,1,6250
11371,1,6283
11371,1,6311
11371,1,6420
2900,0,11372
3422,0,11372
10399,2,11372
11372,1,6270
11372,1,6271
11372,1,6337
11372,1,6676
11372,1,6945
11372,1,7113
11372,1,7612
11372,1,8249
11372,1,8530
11372,1,9178
2860,0,11373
3537,0,11373
4136,0,11373
4146,0,11373
4833,0,11373
4834,0,11373
10399,2,11373
11373,1,6016
11373,1,6249
11373,1,6475
11373,1,8791
11373,1,9179
2321,0,11374
2794,0,11374
4447,0,11374
10399,2,11374
11374,1,5970
11374,1,6051
11374,1,6264
11374,1,6265
11374,1,6607
11374,1,6675
11374,1,6700
311,0,11376
1083,0,11376
2732,0,11376
2733,0,11376
10399,2,11376
11376,1,6018
11376,1,6205
11376,1,6432
11376,1,6436
11376,1,7487
11376,1,7666
214,0,11377
1426,0,11377
1434,0,11377
3656,0,11377
10399,2,11377
11377,1,6075
11377,1,6425
11377,1,6878
11377,1,7116
11377,1,7304
11377,1,8623
11377,1,8972
316,0,11378
10399,2,11378
11378,1,5936
11378,1,6000
11378,1,6086
11378,1,6249
11378,1,6250
11378,1,6310
11378,1,9184
11378,1,9185
11378,1,9186
89,0,11379
413,0,11379
1873,0,11379
2225,0,11379
10399,2,11379
11379,1,6139
11379,1,6304
11379,1,7017
11379,1,7637
11379,1,8899
11379,1,9187
371,0,11380
2699,0,11380
3502,0,11380
10399,2,11380
11380,1,6309
11380,1,6671
11380,1,7424
11380,1,9188
189,0,11381
2179,0,11381
3242,0,11381
10399,2,11381
11381,1,6251
11381,1,6517
11381,1,6807
11381,1,7223
11381,1,9189
114,0,11382
2996,0,11382
4059,0,11382
10399,2,11382
11382,1,6127
11382,1,6131
11382,1,6337
11382,1,6575
11382,1,6675
11382,1,6676
11382,1,7792
376,0,11383
1806,0,11383
2157,0,11383
10399,2,11383
11383,1,6028
11383,1,6241
11383,1,6616
11383,1,6847
11383,1,7357
11383,1,7484
11383,1,7641
11383,1,8172
256,0,11384
2156,0,11384
10399,2,11384
11384,1,6136
11384,1,6172
11384,1,6310
11384,1,6627
11384,1,6771
11384,1,7641
376,0,11386
2988,0,11386
10399,2,11386
11386,1,6098
11386,1,6172
11386,1,6456
11386,1,7641
376,0,11387
1806,0,11387
2157,0,11387
2988,0,11387
10399,2,11387
11387,1,5926
11387,1,6136
11387,1,6505
11387,1,7539
11387,1,7641
11387,1,9190
2951,0,11388
3715,0,11388
3760,0,11388
10399,2,11388
11388,1,5936
11388,1,6181
11388,1,6264
11388,1,6265
11388,1,6269
11388,1,6365
11388,1,7005
11388,1,7047
244,0,11389
327,0,11389
329,0,11389
10399,2,11389
11389,1,5992
11389,1,6237
11389,1,7129
11389,1,7448
11389,1,7577
11389,1,7686
11389,1,8074
11389,1,8465
11389,1,9191
1501,0,11390
2610,0,11390
2695,0,11390
3156,0,11390
3457,0,11390
3636,0,11390
4836,0,11390
10399,2,11390
11390,1,6050
11390,1,7405
11390,1,7788
11390,1,9192
2937,0,11392
2968,0,11392
4240,0,11392
10399,2,11392
11392,1,6060
11392,1,6220
11392,1,6656
11392,1,7470
11392,1,7518
2695,0,11393
3331,0,11393
3721,0,11393
4499,0,11393
10399,2,11393
11393,1,5949
11393,1,6249
11393,1,6464
11393,1,6465
11393,1,6905
11393,1,7470
11393,1,7912
11393,1,9195
11393,1,9196
311,0,11394
1378,0,11394
1936,0,11394
2088,0,11394
10399,2,11394
11394,1,6269
11394,1,6717
11394,1,7223
11394,1,7342
11394,1,7358
11394,1,7602
11394,1,7720
11394,1,8132
11394,1,8601
808,0,11395
2327,0,11395
2439,0,11395
3331,0,11395
4812,0,11395
10399,2,11395
11395,1,6322
11395,1,6364
11395,1,6365
11395,1,7029
11395,1,7178
3331,0,11396
3591,0,11396
3991,0,11396
10399,2,11396
11396,1,5953
11396,1,6022
11396,1,6355
11396,1,6696
11396,1,7029
11396,1,7870
11396,1,9198
302,0,11397
2743,0,11397
10399,2,11397
11397,1,6249
11397,1,6276
11397,1,6280
11397,1,6322
11397,1,8320
3331,0,11398
4532,0,11398
4812,0,11398
10399,2,11398
11398,1,6043
11398,1,6295
11398,1,6410
11398,1,6420
11398,1,6926
11398,1,7604
11398,1,9199
1889,0,11399
4152,0,11399
4257,0,11399
10399,2,11399
11399,1,6150
11399,1,6153
11399,1,6309
11399,1,6322
11399,1,6337
11399,1,7812
11399,1,8522
1996,0,11400
3682,0,11400
10399,2,11400
11400,1,6052
11400,1,6171
11400,1,6250
11400,1,6322
11400,1,6354
11400,1,6363
11400,1,7418
11400,1,7563
1640,0,11401
1890,0,11401
3368,0,11401
4152,0,11401
10399,2,11401
11401,1,6087
11401,1,6249
11401,1,6337
11401,1,6346
11401,1,6671
11401,1,7321
11401,3,14898
11401,3,14347
11401,3,11225
11401,3,14572
11401,3,11486
1434,0,11402
3656,0,11402
10399,2,11402
11402,1,6253
11402,1,6308
11402,1,6337
11402,1,6400
11402,1,6425
11402,1,7727
11402,1,9200
4840,0,11403
4841,0,11403
10399,2,11403
11403,1,5949
11403,1,6270
11403,1,6304
11403,1,6729
11403,1,6791
2072,0,11407
3624,0,11407
4155,0,11407
10399,2,11407
11407,1,5977
11407,1,6016
11407,1,6226
11407,1,6250
11407,1,6710
11407,1,8155
2072,0,11408
3624,0,11408
3858,0,11408
3859,0,11408
10399,2,11408
11408,1,6250
11408,1,6276
11408,1,6279
11408,1,6901
11408,1,7980
11408,1,9201
345,0,11410
346,0,11410
10399,2,11410
11410,1,6159
11410,1,6165
11410,1,6205
11410,1,6471
11410,1,7419
11410,1,8211
11410,1,8751
2099,0,11411
4145,0,11411
4843,0,11411
10399,2,11411
11411,1,6065
11411,1,6181
11411,1,6242
11411,1,6267
11411,1,6269
11411,1,6280
11411,1,6337
11411,1,6390
11411,1,7788
3828,0,11412
4566,0,11412
10399,2,11412
11412,1,6276
11412,1,6623
11412,1,6732
11412,1,7005
11412,1,7713
1593,0,11413
1886,0,11413
4122,0,11413
4261,0,11413
10399,2,11413
11413,1,8522
11413,1,9202
3405,0,11414
3406,0,11414
3523,0,11414
3524,0,11414
3525,0,11414
3526,0,11414
3527,0,11414
3528,0,11414
10399,2,11414
11414,1,6050
11414,1,6470
11414,1,6881
11414,1,8026
11414,1,9203
11414,1,9204
430,0,11415
1804,0,11415
1926,0,11415
10399,2,11415
11415,1,6027
11415,1,6163
11415,1,6234
11415,1,6250
11415,1,6350
1532,0,11418
1888,0,11418
1889,0,11418
2905,0,11418
10399,2,11418
11418,1,6280
11418,1,6459
11418,1,6625
11418,1,8419
11418,1,9255
4087,0,11419
4290,0,11419
4673,0,11419
4847,0,11419
10399,2,11419
11419,1,5949
11419,1,6359
11419,1,6364
11419,1,6604
11419,1,6768
2080,0,11420
2458,0,11420
2610,0,11420
3636,0,11420
10399,2,11420
11420,1,6242
11420,1,6250
11420,1,6359
11420,1,6838
11420,1,7005
11420,1,7385
11420,1,7443
11420,1,8246
2080,0,11421
2610,0,11421
3457,0,11421
4836,0,11421
10399,2,11421
11421,1,6250
11421,1,6283
11421,1,6428
11421,1,6689
11421,1,7718
11421,1,9256
704,0,11422
10399,2,11422
11422,1,5972
11422,1,5978
11422,1,6086
11422,1,6255
4190,0,11425
4849,0,11425
10399,2,11425
11425,1,6295
11425,1,6589
11425,1,6795
11425,1,6956
11425,1,8937
2699,0,11426
3537,0,11426
4210,0,11426
4850,0,11426
10399,2,11426
11426,1,6249
11426,1,6587
11426,1,6663
11426,1,7989
3406,0,11428
3528,0,11428
3993,0,11428
4851,0,11428
10399,2,11428
11428,1,6013
11428,1,6259
11428,1,6295
11428,1,7357
11428,1,8238
11428,1,8402
1844,0,11429
1845,0,11429
1999,0,11429
4307,0,11429
4852,0,11429
4853,0,11429
4854,0,11429
4855,0,11429
4856,0,11429
10399,2,11429
11429,1,6086
11429,1,6165
11429,1,8692
11429,1,9261
11429,1,9262
979,0,11430
2342,0,11430
3340,0,11430
3342,0,11430
10399,2,11430
11430,1,6185
11430,1,6309
11430,1,6766
11430,1,7094
11430,1,7571
11430,1,9264
1195,0,11431
1357,0,11431
10399,2,11431
11431,1,6000
11431,1,6149
11431,1,6185
11431,1,6250
11431,1,6795
11431,1,7609
521,0,11432
1195,0,11432
2364,0,11432
10399,2,11432
11432,1,6000
11432,1,6249
11432,1,6250
11432,1,9265
1546,0,11433
2610,0,11433
4718,0,11433
4858,0,11433
10399,2,11433
11433,1,6200
11433,1,6295
11433,1,6569
11433,1,6949
11433,1,9267
3434,0,11434
3847,0,11434
4528,0,11434
10399,2,11434
11434,1,6214
11434,1,6811
11434,1,6968
11434,1,7860
11434,1,8457
1888,0,11435
1889,0,11435
4257,0,11435
4859,0,11435
10399,2,11435
11435,1,6185
11435,1,6309
11435,1,6331
11435,1,6765
1894,0,11436
2986,0,11436
2987,0,11436
10399,2,11436
11436,1,6157
11436,1,6226
11436,1,6301
11436,1,6836
11436,1,7365
11436,1,9269
2859,0,11438
3231,0,11438
4860,0,11438
10399,2,11438
11438,1,5956
11438,1,6016
11438,1,6021
11438,1,6162
11438,1,6465
11438,1,6507
11438,1,8523
11438,1,9270
2074,0,11439
2075,0,11439
3558,0,11439
4565,0,11439
10399,2,11439
11439,1,6250
11439,1,6337
11439,1,6665
11439,1,6689
11439,1,6766
11439,1,6801
11439,1,6902
2854,0,11440
2869,0,11440
10399,2,11440
11440,1,6604
11440,1,7912
11440,1,9271
1913,0,11442
1914,0,11442
3494,0,11442
3789,0,11442
10399,2,11442
11442,1,5918
11442,1,6247
11442,1,6349
11442,1,6350
11442,1,6351
11442,1,7574
11442,1,8631
11442,1,9272
2176,0,11443
2177,0,11443
4179,0,11443
10399,2,11443
11443,1,5972
11443,1,6185
11443,1,6249
11443,1,7369
1836,0,11444
10399,2,11444
11444,1,6295
11444,1,7358
11444,1,7371
11444,1,9183
1836,0,11445
2875,0,11445
10399,2,11445
11445,1,6185
11445,1,6249
11445,1,6309
3846,0,11446
4824,0,11446
4861,0,11446
10399,2,11446
11446,1,6006
11446,1,6185
11446,1,6249
11446,1,6333
11446,1,6608
11446,1,6653
11446,1,6662
11446,1,7057
1926,0,11447
3221,0,11447
3271,0,11447
10399,2,11447
11447,1,6035
11447,1,6255
11447,1,6277
11447,1,6284
11447,1,6351
11447,1,6475
334,0,11448
2826,0,11448
2827,0,11448
2851,0,11448
2998,0,11448
10399,2,11448
11448,1,5992
11448,1,6046
11448,1,6262
11448,1,6738
11448,1,8049
11448,1,8936
11448,1,9274
880,0,11449
1430,0,11449
4557,0,11449
10399,2,11449
11449,1,6086
11449,1,6738
11449,1,8445
11449,1,8998
880,0,11450
1887,0,11450
2018,0,11450
2672,0,11450
10399,2,11450
11450,1,5929
11450,1,6346
11450,1,6386
11450,1,6674
11450,1,6775
34,0,11451
2749,0,11451
3241,0,11451
10399,2,11451
11451,1,6250
11451,1,6656
11451,1,8943
2439,0,11452
3331,0,11452
3991,0,11452
10399,2,11452
11452,1,5951
11452,1,6082
11452,1,6239
11452,1,6504
1820,0,11453
2875,0,11453
3077,0,11453
4863,0,11453
10399,2,11453
11453,1,5949
11453,1,6337
11453,1,6410
11453,1,8921
11453,1,9278
3090,0,11454
3405,0,11454
3407,0,11454
4864,0,11454
10399,2,11454
11454,1,6028
11454,1,6250
11454,1,6295
11454,1,6410
11454,1,6732
1821,0,11455
3358,0,11455
3722,0,11455
3858,0,11455
4865,0,11455
10399,2,11455
11455,1,5956
11455,1,6024
11455,1,7613
11455,1,8244
11455,1,8921
4866,0,11456
10399,2,11456
11456,1,6136
11456,1,6163
11456,1,6234
11456,1,6241
11456,1,6250
11456,1,6350
11456,1,8706
618,0,11457
2437,0,11457
3530,0,11457
4222,0,11457
10399,2,11457
11457,1,6337
11457,1,6635
11457,1,6678
11457,1,6926
11457,1,7153
11457,1,8025
11457,1,9281
11457,1,9282
235,0,11459
2647,0,11459
3822,0,11459
4867,0,11459
10399,2,11459
11459,1,5936
11459,1,6087
11459,1,6249
11459,1,6322
11459,1,7052
11459,1,7193
11459,1,9283
11459,1,9284
11459,1,9285
2770,0,11460
4868,0,11460
4869,0,11460
4870,0,11460
10399,2,11460
11460,1,6006
11460,1,6013
11460,1,6306
11460,1,6425
11460,1,6659
11460,1,8386
11460,1,9286
912,0,11461
966,0,11461
4205,0,11461
10399,2,11461
11461,1,5956
11461,1,6005
11461,1,6171
11461,1,6185
11461,1,6432
11461,1,6671
11461,1,7222
1896,0,11462
1900,0,11462
3590,0,11462
10399,2,11462
11462,1,5970
11462,1,6046
11462,1,6064
11462,1,6089
11462,1,6295
11462,1,6344
11462,1,6435
11462,1,6658
11462,1,7448
11462,1,8989
1935,0,11463
2488,0,11463
4355,0,11463
4871,0,11463
10399,2,11463
11463,1,6242
11463,1,6625
11463,1,6973
11463,1,9289
127,0,11465
3457,0,11465
3591,0,11465
3636,0,11465
10399,2,11465
11465,1,6000
11465,1,6250
11465,1,6386
11465,1,6631
11465,1,7761
11465,1,8884
1932,0,11467
2822,0,11467
2825,0,11467
2993,0,11467
2994,0,11467
4596,0,11467
10399,2,11467
11467,1,5949
11467,1,5970
11467,1,6250
11467,1,6638
11467,1,6655
11467,1,6656
11467,1,7556
11467,1,7863
11467,1,8240
11467,1,9290
11467,1,9291
11467,1,9292
2432,0,11468
3120,0,11468
4872,0,11468
10399,2,11468
11468,1,5990
11468,1,6220
11468,1,6241
11468,1,6645
11468,1,7456
11468,1,7484
11468,1,9165
3001,0,11470
3061,0,11470
4122,0,11470
4873,0,11470
10399,2,11470
11470,1,5991
11470,1,6165
11470,1,6663
11470,1,7597
11470,1,7738
3636,0,11471
3966,0,11471
10399,2,11471
11471,1,6005
11471,1,6016
11471,1,6022
11471,1,6131
11471,1,6205
11471,1,6250
11471,1,6747
11471,1,7430
3243,0,11472
3457,0,11472
3636,0,11472
3966,0,11472
10399,2,11472
11472,1,5936
11472,1,6249
11472,1,6359
11472,1,6371
11472,1,6631
419,0,11474
618,0,11474
2342,0,11474
2438,0,11474
2549,0,11474
10399,2,11474
11474,1,6185
11474,1,6250
11474,1,6309
11474,1,6337
11474,1,6352
11474,1,6516
11474,1,6768
11474,1,6769
3460,0,11475
3829,0,11475
4504,0,11475
4874,0,11475
10399,2,11475
11475,1,5949
11475,1,6012
11475,1,6096
11475,1,6131
11475,1,6185
11475,1,6229
11475,1,6337
11475,1,6410
11475,1,6469
11475,1,7467
11475,1,7481
11475,1,7922
418,0,11476
2032,0,11476
4248,0,11476
10399,2,11476
11476,1,6136
11476,1,6295
11476,1,6488
11476,1,6846
11476,1,7026
11476,1,9294
11476,1,9295
1846,0,11478
2687,0,11478
10399,2,11478
11478,1,5970
11478,1,5980
11478,1,6322
11478,1,6338
11478,1,6400
11478,1,8598
11478,1,9296
2671,0,11479
2943,0,11479
3116,0,11479
3222,0,11479
4171,0,11479
4592,0,11479
4875,0,11479
4876,0,11479
4877,0,11479
10399,2,11479
11479,1,5926
11479,1,6259
11479,1,6717
11479,1,7083
11479,1,7358
11479,1,7844
11479,1,9161
1195,0,11481
2698,0,11481
3366,0,11481
3367,0,11481
10399,2,11481
11481,1,6013
11481,1,6136
11481,1,6250
11481,1,6326
11481,1,6416
11481,1,6472
3357,0,11482
3358,0,11482
3363,0,11482
3433,0,11482
3434,0,11482
3722,0,11482
4528,0,11482
4574,0,11482
4766,0,11482
4783,0,11482
4814,0,11482
4865,0,11482
4878,0,11482
10399,2,11482
11482,1,6185
11482,1,6250
11482,1,6283
11482,1,6309
11482,1,6623
11482,1,9297
53,0,11483
2141,0,11483
4598,0,11483
10399,2,11483
11483,1,6000
11483,1,6086
11483,1,6210
11483,1,6576
11483,1,6837
11483,1,8496
11483,1,9298
11483,1,9299
1807,0,11484
3022,0,11484
3520,0,11484
3521,0,11484
10399,2,11484
11484,1,5936
11484,1,5977
11484,1,6064
11484,1,6067
11484,1,6350
11484,1,6410
11484,1,6575
11484,1,7487
11484,1,8946
3054,0,11485
3073,0,11485
4880,0,11485
4881,0,11485
10399,2,11485
11485,1,6133
11485,1,6283
11485,1,6410
11485,1,7468
11485,1,7470
11485,1,9300
2630,0,11487
3373,0,11487
4146,0,11487
10399,2,11487
11487,1,6087
11487,1,6249
11487,1,6270
11487,1,7270
11487,1,7611
302,0,11488
2664,0,11488
2743,0,11488
4882,0,11488
10399,2,11488
11488,1,6253
11488,1,6425
11488,1,7304
11488,1,7598
11488,1,8637
50,0,11489
2119,0,11489
3391,0,11489
10399,2,11489
11489,1,5946
11489,1,5992
11489,1,6034
11489,1,6127
11489,1,6185
11489,1,6759
11489,1,9301
1898,0,11490
4208,0,11490
4300,0,11490
4345,0,11490
4672,0,11490
4883,0,11490
10399,2,11490
11490,1,6249
11490,1,6410
11490,1,6702
11490,1,7040
11490,1,9302
14,0,11491
2904,0,11491
4884,0,11491
10399,2,11491
11491,1,6078
11491,1,6079
11491,1,6250
11491,1,6435
11491,1,6761
11491,1,8203
11491,1,9304
2342,0,11492
3342,0,11492
10399,2,11492
11492,1,6060
11492,1,6185
11492,1,6234
11492,1,6309
11492,1,6352
11492,1,6768
11492,1,7358
11492,1,8132
2004,0,11493
4588,0,11493
10399,2,11493
11493,1,6078
11493,1,6247
11493,1,6250
11493,1,6351
11493,1,6359
11493,1,6435
11493,1,6788
11493,1,7005
11493,1,8865
1999,0,11495
3412,0,11495
10399,2,11495
11495,1,6016
11495,1,6293
11495,1,6620
11495,1,7357
11495,1,8922
11495,1,9305
2675,0,11497
2979,0,11497
3605,0,11497
3826,0,11497
4169,0,11497
4886,0,11497
10399,2,11497
11497,1,5987
11497,1,6163
11497,1,6226
11497,1,6272
11497,1,6322
11497,1,7979
863,0,11498
941,0,11498
4885,0,11498
10399,2,11498
11498,1,6003
11498,1,6250
11498,1,6485
11498,1,7590
11498,1,7745
11498,1,9306
2900,0,11500
3511,0,11500
3607,0,11500
10399,2,11500
11500,1,6052
11500,1,6156
11500,1,6163
11500,1,6250
11500,1,6322
11500,1,6589
11500,1,6636
11500,1,6763
11500,1,7216
11500,1,7812
1817,0,11501
2141,0,11501
2492,0,11501
3354,0,11501
3394,0,11501
3396,0,11501
10399,2,11501
11501,1,6131
11501,1,6303
11501,1,6309
11501,1,6381
11501,1,6435
11501,1,7430
127,0,11502
1766,0,11502
3591,0,11502
4566,0,11502
10399,2,11502
11502,1,5949
11502,1,6100
11502,1,6324
11502,1,6386
11502,1,6471
11502,1,7580
3922,0,11503
3923,0,11503
3924,0,11503
4887,0,11503
4888,0,11503
4889,0,11503
4890,0,11503
10399,2,11503
11503,1,5966
11503,1,6205
11503,1,6247
11503,1,6386
11503,1,6435
11503,1,6717
11503,1,9568
2076,0,11504
2908,0,11504
10399,2,11504
11504,1,6171
11504,1,6250
11504,1,6322
11504,1,6857
11504,1,7307
11504,1,7418
2105,0,11505
4892,0,11505
10399,2,11505
11505,1,6079
11505,1,6181
11505,1,6337
11505,1,8678
2052,0,11506
4893,0,11506
4894,0,11506
10399,2,11506
11506,1,6577
11506,1,6623
11506,1,6881
11506,1,7597
11506,1,9569
2076,0,11507
2908,0,11507
10399,2,11507
11507,1,5949
11507,1,6380
11507,1,6475
11507,1,6570
11507,1,7005
2066,0,11508
2936,0,11508
2963,0,11508
4529,0,11508
10399,2,11508
11508,1,5949
11508,1,5980
11508,1,6050
11508,1,6096
11508,1,6247
11508,1,6337
11508,1,6351
11508,1,6475
1501,0,11509
1888,0,11509
2905,0,11509
3156,0,11509
10399,2,11509
11509,1,5947
11509,1,6181
11509,1,6183
11509,1,7420
11509,1,9570
2870,0,11510
2964,0,11510
4136,0,11510
10399,2,11510
11510,1,6283
11510,1,6614
11510,1,6630
11510,1,6631
11510,1,9490
2073,0,11511
2566,0,11511
4898,0,11511
10399,2,11511
11511,1,5966
11511,1,5970
11511,1,5987
11511,1,6309
11511,1,7194
11511,1,9204
2708,0,11512
4530,0,11512
4899,0,11512
4900,0,11512
4901,0,11512
4902,0,11512
4903,0,11512
10399,2,11512
11512,1,5936
11512,1,5953
11512,1,6013
11512,1,6075
11512,1,6235
11512,1,6303
2078,0,11513
3699,0,11513
4357,0,11513
10399,2,11513
11513,1,6024
805,0,11514
2371,0,11514
3909,0,11514
4838,0,11514
10399,2,11514
11514,1,6096
11514,1,6250
11514,1,6276
11514,1,6321
11514,1,6351
11514,1,6607
11514,1,6766
11514,1,7261
1893,0,11516
1894,0,11516
1988,0,11516
10399,2,11516
11516,1,6097
11516,1,6136
11516,1,6235
11516,1,6771
11516,1,7845
11516,1,9573
1820,0,11517
2875,0,11517
3055,0,11517
3056,0,11517
10399,2,11517
11517,1,6136
11517,1,6159
11517,1,6303
11517,1,6357
11517,1,6358
11517,1,6443
13,0,11518
14,0,11518
10399,2,11518
11518,1,5949
11518,1,6247
11518,1,6351
11518,1,6816
181,0,11519
1887,0,11519
1888,0,11519
2021,0,11519
10399,2,11519
11519,1,6050
11519,1,6249
11519,1,6250
11519,1,6276
11519,1,6337
11519,1,6528
11519,1,6631
11519,1,9574
181,0,11521
1887,0,11521
2018,0,11521
2021,0,11521
10399,2,11521
11521,1,5936
11521,1,6249
11521,1,6295
11521,1,6337
11521,1,8884
11521,1,9575
78,0,11522
3251,0,11522
4008,0,11522
4905,0,11522
4906,0,11522
10399,2,11522
11522,1,5937
11522,1,5991
11522,1,6235
11522,1,6250
11522,1,7533
208,0,11523
235,0,11523
1888,0,11523
2020,0,11523
4148,0,11523
10399,2,11523
11523,1,6078
11523,1,6181
11523,1,6206
11523,1,6276
11523,1,6337
11523,1,6435
11523,1,6687
11523,1,6688
3904,0,11524
4202,0,11524
4345,0,11524
10399,2,11524
11524,1,5948
11524,1,6250
11524,1,6324
11524,1,6571
11524,1,9762
2022,0,11525
10399,2,11525
11525,1,5949
11525,1,6456
11525,1,8914
3333,0,11526
4137,0,11526
4908,0,11526
10399,2,11526
11526,1,6000
11526,1,6118
11526,1,6249
11526,1,6250
11526,1,6485
1904,0,11527
1905,0,11527
4263,0,11527
10399,2,11527
11527,1,6071
11527,1,6249
11527,1,6276
11527,1,6770
11527,1,7111
11527,1,7962
2076,0,11529
2908,0,11529
3855,0,11529
10399,2,11529
11529,1,6078
11529,1,6435
11529,1,6620
11529,1,7443
11529,1,8939
1898,0,11530
1956,0,11530
4910,0,11530
10399,2,11530
11530,1,6081
11530,1,6249
11530,1,6659
11530,1,7005
11530,1,7597
11530,1,7937
11530,1,8366
1956,0,11531
2903,0,11531
10399,2,11531
11531,1,6016
11531,1,6249
11531,1,6250
11531,1,6541
11531,1,7597
11531,1,8366
2003,0,11532
2620,0,11532
3648,0,11532
10399,2,11532
11532,1,5936
11532,1,5949
11532,1,6118
11532,1,6171
11532,1,6247
11532,1,6351
11532,1,6371
11532,1,6475
11532,1,6989
11532,1,7556
11532,1,7685
65,0,11533
4912,0,11533
10399,2,11533
11533,1,5936
11533,1,5992
11533,1,6124
11533,1,6185
11533,1,6247
11533,1,6268
11533,1,6320
11533,1,6623
11533,1,6651
11533,1,6678
11533,1,7751
11533,1,9764
3007,0,11534
3008,0,11534
4559,0,11534
4913,0,11534
4914,0,11534
10399,2,11534
11534,1,6197
11534,1,6249
11534,1,6337
11534,1,6346
11534,1,6439
11534,1,6619
11534,1,7663
11534,1,9024
11534,1,9765
1888,0,11535
1889,0,11535
3643,0,11535
10399,2,11535
11535,1,6242
11535,1,6276
11535,1,6280
11535,1,6337
11535,1,6444
11535,1,6625
1434,0,11536
4030,0,11536
10399,2,11536
11536,1,5991
11536,1,6078
11536,1,6435
3044,0,11537
3229,0,11537
3636,0,11537
4087,0,11537
10399,2,11537
11537,1,6242
11537,1,6250
11537,1,6275
11537,1,6337
11537,1,6786
11537,1,6887
272,0,11538
3705,0,11538
10399,2,11538
11538,1,5970
11538,1,6068
11538,1,6410
11538,1,6416
11538,1,6529
11538,1,8178
11538,1,9769
1852,0,11539
4535,0,11539
10399,2,11539
11539,1,6171
11539,1,6421
11539,1,6768
11539,1,7158
11539,1,7418
11539,1,7651
11539,1,8937
2073,0,11540
2566,0,11540
4319,0,11540
10399,2,11540
11540,1,5987
11540,1,6024
11540,1,6097
11540,1,6286
11540,1,6470
11540,1,6878
11540,1,7106
11540,1,7516
11540,1,9204
1852,0,11541
4535,0,11541
10399,2,11541
11541,1,6250
11541,1,6301
11541,1,6322
11541,1,6359
11541,1,8155
3121,0,11542
3243,0,11542
3457,0,11542
3636,0,11542
10399,2,11542
11542,1,6176
11542,1,6249
11542,1,6322
1955,0,11544
3140,0,11544
10399,2,11544
11544,1,6013
11544,1,6295
11544,1,6322
11544,1,8049
1955,0,11545
3140,0,11545
10399,2,11545
11545,1,6003
11545,1,6322
11545,1,6510
11545,1,6765
11545,1,7617
343,0,11547
2338,0,11547
4032,0,11547
10399,2,11547
11547,1,6018
11547,1,6163
11547,1,6250
11547,1,6432
11547,1,7000
11547,1,7471
11547,1,8761
11547,1,9775
1008,0,11548
1333,0,11548
10399,2,11548
11548,1,6150
11548,1,6242
11548,1,6625
11548,1,7474
11548,1,7490
11548,1,8490
11548,1,9365
4195,0,11549
4196,0,11549
4197,0,11549
4198,0,11549
4917,0,11549
10399,2,11549
11549,1,6653
11549,1,7510
11549,1,7887
2935,0,11550
3648,0,11550
3653,0,11550
3654,0,11550
10399,2,11550
11550,1,6162
11550,1,6249
11550,1,6410
11550,1,6460
11550,1,6574
11550,1,7040
11550,1,7596
2675,0,11551
2979,0,11551
10399,2,11551
11551,1,5987
11551,1,6234
11551,1,6250
11551,1,6303
11551,1,6371
11551,1,6637
11551,1,8252
11551,1,9777
388,0,11552
2953,0,11552
4768,0,11552
4802,0,11552
10399,2,11552
11552,1,5970
11552,1,6185
11552,1,6424
11552,1,6594
11552,1,7005
11552,1,9269
2655,0,11554
3640,0,11554
10399,2,11554
11554,1,6322
11554,1,7470
11554,1,7556
11554,1,8951
11554,1,9778
1995,0,11555
3004,0,11555
3156,0,11555
10399,2,11555
11555,1,6118
11555,1,6484
11555,1,6532
11555,1,7788
11555,1,9277
11555,1,9779
325,0,11556
1603,0,11556
2087,0,11556
3343,0,11556
3432,0,11556
3996,0,11556
10399,2,11556
11556,1,6000
11556,1,6086
11556,1,6134
11556,1,6176
11556,1,6185
11556,1,6235
11556,1,6377
195,0,11557
1504,0,11557
3874,0,11557
4918,0,11557
10399,2,11557
11557,1,5956
11557,1,6052
11557,1,6078
11557,1,6242
11557,1,6298
11557,1,6537
11557,1,6843
11557,1,7980
2035,0,11558
2036,0,11558
4181,0,11558
10399,2,11558
11558,1,5936
11558,1,5996
11558,1,6079
11558,1,6336
11558,1,6351
11558,1,6386
11558,1,6925
46,0,11559
2311,0,11559
4919,0,11559
4920,0,11559
4921,0,11559
10399,2,11559
11559,1,6055
11559,1,6138
11559,1,6337
11559,1,7409
11559,1,9266
46,0,11560
430,0,11560
1631,0,11560
2252,0,11560
2619,0,11560
3212,0,11560
4191,0,11560
4923,0,11560
4924,0,11560
10399,2,11560
11560,1,5936
11560,1,6250
11560,1,6413
11560,1,6647
11560,1,8268
11560,1,9258
1809,0,11561
3647,0,11561
10399,2,11561
11561,1,5936
11561,1,5947
11561,1,6075
11561,1,6181
11561,1,6204
11561,1,6279
11561,1,6346
11561,1,6550
11561,1,7588
427,0,11563
1887,0,11563
1959,0,11563
2018,0,11563
10399,2,11563
11563,1,6070
11563,1,6182
11563,1,6250
11563,1,6511
11563,1,6672
11563,1,7430
11563,1,8667
11563,1,8895
11563,1,8950
181,0,11564
1887,0,11564
1959,0,11564
2001,0,11564
10399,2,11564
11564,1,6337
11564,1,6689
11564,1,6750
11564,1,7592
11564,1,8365
11564,1,8522
11564,1,9780
191,0,11566
433,0,11566
10399,2,11566
11566,1,6250
11566,1,6303
11566,1,6444
11566,1,6645
11566,1,7050
11566,1,8231
228,0,11567
3648,0,11567
3852,0,11567
4566,0,11567
10399,2,11567
11567,1,6118
11567,1,6206
11567,1,6485
11567,1,7362
11567,1,9781
188,0,11568
1434,0,11568
10399,2,11568
11568,1,5924
11568,1,6250
11568,1,6303
11568,1,6305
11568,1,6331
11568,1,6425
11568,1,6436
11568,1,6541
11568,1,7304
223,0,11569
2905,0,11569
2916,0,11569
10399,2,11569
11569,1,6242
11569,1,6250
11569,1,6604
11569,1,6620
11569,1,8304
1810,0,11570
10399,2,11570
11570,1,5951
11570,1,6024
11570,1,6095
11570,1,6401
11570,1,6673
11570,1,6707
11570,1,6879
11570,1,7163
1810,0,11571
10399,2,11571
11571,1,6295
11571,1,7068
11571,1,7316
11571,1,7358
2850,0,11573
2863,0,11573
2864,0,11573
10399,2,11573
11573,1,6214
11573,1,6295
11573,1,6464
11573,1,6531
11573,1,8454
11573,1,9783
216,0,11574
235,0,11574
1887,0,11574
1985,0,11574
2018,0,11574
2021,0,11574
4168,0,11574
10399,2,11574
11574,1,6249
11574,1,6295
11574,1,7161
11574,1,8679
11574,1,8680
11574,1,8700
11574,3,14671
11574,3,14460
11574,3,11527
11574,3,15404
11574,3,15490
11574,3,14845
1507,0,11575
2964,0,11575
4927,0,11575
4928,0,11575
10399,2,11575
11575,1,5918
11575,1,6077
11575,1,6203
11575,1,6304
11575,1,6425
11575,1,6436
11575,1,7304
11575,1,8884
1507,0,11576
2964,0,11576
4927,0,11576
4928,0,11576
10399,2,11576
11576,1,6384
11576,1,7070
11576,1,7470
11576,1,7661
11576,1,8152
11576,1,8954
1457,0,11577
3246,0,11577
3941,0,11577
4929,0,11577
4930,0,11577
10399,2,11577
11577,1,6028
11577,1,6136
11577,1,6250
11577,1,6539
11577,1,6621
11577,1,9004
11577,1,9784
2493,0,11578
3342,0,11578
10399,2,11578
11578,1,6159
11578,1,6250
11578,1,6322
11578,1,6768
11578,1,7424
11578,1,7430
11578,1,9785
1193,0,11579
1194,0,11579
1195,0,11579
1357,0,11579
10399,2,11579
11579,1,5936
11579,1,5973
11579,1,6127
11579,1,6416
1263,0,11580
2919,0,11580
4931,0,11580
10399,2,11580
11580,1,5970
11580,1,6050
11580,1,6247
11580,1,6250
11580,1,6351
11580,1,6404
11580,1,6781
11580,1,6788
2854,0,11581
2868,0,11581
3457,0,11581
3636,0,11581
10399,2,11581
11581,1,6206
11581,1,6249
11581,1,6309
11581,1,6322
11581,1,6361
174,0,11582
3006,0,11582
3145,0,11582
10399,2,11582
11582,1,6133
11582,1,6322
11582,1,6370
11582,1,7378
11582,1,7812
2819,0,11583
2984,0,11583
10399,2,11583
11583,1,6000
11583,1,6250
11583,1,6265
11583,1,6416
11583,1,6463
11583,1,7683
11583,1,8576
1816,0,11584
3193,0,11584
3494,0,11584
3713,0,11584
10399,2,11584
11584,1,5938
11584,1,6171
11584,1,6213
11584,1,7418
11584,1,8320
1887,0,11585
2629,0,11585
4012,0,11585
4932,0,11585
10399,2,11585
11585,1,6416
11585,1,6455
11585,1,8366
11585,1,9218
11585,1,9260
11585,1,9931
422,0,11587
2635,0,11587
10399,2,11587
11587,1,6295
11587,1,7017
11587,1,7481
11587,1,7553
11587,1,9497
3148,0,11589
3217,0,11589
3358,0,11589
3722,0,11589
10399,2,11589
11589,1,6372
11589,1,6474
11589,1,6645
11589,1,6816
2002,0,11590
3022,0,11590
3521,0,11590
10399,2,11590
11590,1,5936
11590,1,5949
11590,1,6127
11590,1,6171
11590,1,7310
11590,1,7418
11590,1,7631
1962,0,11591
1963,0,11591
4649,0,11591
10399,2,11591
11591,1,5921
11591,1,6118
11591,1,6164
11591,1,6249
11591,1,6299
11591,1,6322
11591,1,6555
11591,1,6702
698,0,11592
3332,0,11592
10399,2,11592
11592,1,5936
11592,1,6000
11592,1,6118
11592,1,6242
11592,1,6250
11592,1,6333
11592,1,6532
11592,1,7661
4705,0,11593
4933,0,11593
4934,0,11593
10399,2,11593
11593,1,5970
11593,1,6079
11593,1,6131
11593,1,6250
11593,1,6283
11593,1,6788
11593,1,7126
11593,1,7443
4593,0,11594
10399,2,11594
11594,1,6013
11594,1,6136
11594,1,6172
11594,1,7641
1016,0,11595
1095,0,11595
2439,0,11595
3966,0,11595
4675,0,11595
10399,2,11595
11595,1,6079
11595,1,6131
11595,1,6250
11595,1,6421
11595,1,6435
11595,1,7424
2697,0,11596
2738,0,11596
4935,0,11596
10399,2,11596
11596,1,5947
11596,1,6343
11596,1,6346
11596,1,6471
11596,1,6722
11596,1,7588
11596,1,8783
1519,0,11598
2333,0,11598
10399,2,11598
11598,1,6250
11598,1,6886
11598,1,7268
11598,1,7448
11598,1,8909
11598,1,9498
11598,1,9970
3183,0,11599
3406,0,11599
4817,0,11599
4936,0,11599
4937,0,11599
4938,0,11599
10399,2,11599
11599,1,5965
11599,1,5966
11599,1,6084
11599,1,6599
11599,1,7556
11599,1,9204
11599,1,9971
1844,0,11600
1845,0,11600
1999,0,11600
2580,0,11600
10399,2,11600
11600,1,5970
11600,1,6028
11600,1,8692
11600,1,9972
1965,0,11605
2011,0,11605
2423,0,11605
2424,0,11605
4940,0,11605
4941,0,11605
10399,2,11605
11605,1,5936
11605,1,6000
11605,1,6172
11605,1,6796
11605,1,7318
11605,1,7748
11605,1,9469
11605,1,9493
11605,1,9973
1898,0,11606
2902,0,11606
3986,0,11606
4672,0,11606
4942,0,11606
10399,2,11606
11606,1,5929
11606,1,5970
11606,1,5996
11606,1,6356
11606,1,6943
889,0,11608
3331,0,11608
4839,0,11608
4943,0,11608
10399,2,11608
11608,1,5940
11608,1,5949
11608,1,6242
11608,1,6250
11608,1,7470
11608,1,7597
11608,1,9031
174,0,11609
3005,0,11609
3006,0,11609
10399,2,11609
11609,1,6612
11609,1,6795
11609,1,7284
11609,1,7361
11609,1,8968
174,0,11610
3005,0,11610
10399,2,11610
11610,1,6337
11610,1,6420
11610,1,6424
11610,1,6833
1888,0,11611
1889,0,11611
2554,0,11611
10399,2,11611
11611,1,6207
11611,1,6326
11611,1,8028
11611,1,9974
235,0,11612
1888,0,11612
1889,0,11612
2554,0,11612
10399,2,11612
11612,1,5936
11612,1,6250
11612,1,6303
11612,1,6648
11612,1,7933
11612,1,9975
1874,0,11613
3229,0,11613
3792,0,11613
4361,0,11613
4944,0,11613
10399,2,11613
11613,1,6171
11613,1,6282
11613,1,6786
11613,1,7418
11613,1,7424
11613,1,8507
1496,0,11614
1889,0,11614
10399,2,11614
11614,1,5945
11614,1,6185
11614,1,6476
11614,1,6509
11614,1,9976
1496,0,11615
1889,0,11615
2969,0,11615
10399,2,11615
11615,1,7553
11615,1,9977
11615,1,9978
1069,0,11616
3778,0,11616
4556,0,11616
4945,0,11616
10399,2,11616
11616,1,6036
11616,1,6322
11616,1,7422
11616,1,7423
162,0,11617
1069,0,11617
1262,0,11617
3778,0,11617
10399,2,11617
11617,1,6250
11617,1,6276
11617,1,6655
11617,1,6656
11617,1,7605
1069,0,11618
1263,0,11618
3778,0,11618
4537,0,11618
10399,2,11618
11618,1,6362
11618,1,6475
11618,1,6676
11618,1,7422
11618,1,7760
1962,0,11619
2733,0,11619
3494,0,11619
4946,0,11619
10399,2,11619
11619,1,5970
11619,1,6075
11619,1,6607
11619,1,6801
11619,1,7005
11619,1,7730
11619,1,8287
11619,1,9333
2038,0,11623
2039,0,11623
3289,0,11623
10399,2,11623
11623,1,5940
11623,1,6249
11623,1,6250
11623,1,9980
1137,0,11624
1504,0,11624
2488,0,11624
10399,2,11624
11624,1,6242
11624,1,6280
11624,1,6663
11624,1,6788
11624,1,7200
11624,1,9981
256,0,11625
1137,0,11625
1504,0,11625
2156,0,11625
2157,0,11625
3728,0,11625
4948,0,11625
10399,2,11625
11625,1,6009
11625,1,6242
11625,1,6625
11625,1,7684
11625,1,8417
11625,1,8678
11625,1,9982
1137,0,11626
2094,0,11626
2907,0,11626
10399,2,11626
11626,1,6242
11626,1,6250
11626,1,6320
11626,1,6321
11626,1,6341
11626,1,6379
11626,1,6731
11626,1,6732
11626,1,7479
11626,1,8710
3188,0,11627
4949,0,11627
10399,2,11627
11627,1,6322
11627,1,6671
11627,1,7424
11627,1,9983
196,0,11629
291,0,11629
1839,0,11629
2022,0,11629
2982,0,11629
3020,0,11629
3951,0,11629
10399,2,11629
11629,1,5936
11629,1,6065
11629,1,6247
11629,1,6276
11629,1,6288
11629,1,6292
11629,1,6366
11629,1,6471
387,0,11630
1633,0,11630
2748,0,11630
3002,0,11630
3038,0,11630
3069,0,11630
3070,0,11630
3071,0,11630
4346,0,11630
10399,2,11630
11630,1,6126
11630,1,6309
11630,1,6436
11630,1,6442
11630,1,6505
11630,1,6512
11630,1,6584
11630,1,6694
11630,1,6719
1892,0,11632
1955,0,11632
3368,0,11632
10399,2,11632
11632,1,6022
11632,1,6249
11632,1,6696
11632,1,9984
2655,0,11634
3846,0,11634
4824,0,11634
4861,0,11634
10399,2,11634
11634,1,6001
11634,1,6249
11634,1,6333
11634,1,8405
11634,1,9458
11634,1,9987
2896,0,11635
2953,0,11635
3163,0,11635
3410,0,11635
4548,0,11635
10399,2,11635
11635,1,5970
11635,1,6118
11635,1,6642
11635,1,7555
11635,1,9275
11635,1,9988
11635,1,9989
383,0,11637
2426,0,11637
2427,0,11637
3028,0,11637
10399,2,11637
11637,1,6136
11637,1,6172
11637,1,6206
3494,0,11642
3750,0,11642
4946,0,11642
10399,2,11642
11642,1,5915
11642,1,5991
11642,1,6250
11642,1,7430
11642,1,8677
11642,1,9992
11642,1,9993
2872,0,11643
2932,0,11643
4054,0,11643
10399,2,11643
11643,1,6028
11643,1,6050
11643,1,6242
11643,1,7610
11643,1,9994
1950,0,11645
1951,0,11645
10399,2,11645
11645,1,5936
11645,1,5980
11645,1,6046
11645,1,6276
11645,1,6710
11645,1,7704
370,0,11646
2493,0,11646
3137,0,11646
4703,0,11646
4953,0,11646
4954,0,11646
10399,2,11646
11646,1,6250
11646,1,6324
11646,1,6400
11646,1,9995
11646,1,9996
11646,1,9997
376,0,11648
1806,0,11648
2157,0,11648
3119,0,11648
10399,2,11648
11648,1,5940
11648,1,6013
11648,1,6136
11648,1,6341
11648,1,7641
11648,1,7789
11648,1,8795
1949,0,11649
1975,0,11649
1976,0,11649
10399,2,11649
11649,1,5936
11649,1,6250
11649,1,6259
11649,1,6351
11649,1,6584
11649,1,9999
42,0,11650
2094,0,11650
10399,2,11650
11650,1,5996
11650,1,6052
11650,1,6078
11650,1,6250
11650,1,6447
11650,1,6513
11650,1,6526
11650,1,7113
11650,1,8572
405,0,11651
3072,0,11651
3081,0,11651
10399,2,11651
11651,1,6249
11651,1,6253
11651,1,6254
11651,1,6337
11651,1,6344
11651,1,6371
11651,1,6400
11651,1,6425
11651,1,7455
11651,1,8967
291,0,11653
2022,0,11653
3618,0,11653
10399,2,11653
11653,1,6016
11653,1,6249
11653,1,6315
11653,1,6322
11653,1,6346
11653,1,7260
11653,1,7422
182,0,11654
10399,2,11654
11654,1,5980
11654,1,6005
11654,1,6655
11654,1,6656
11654,1,6710
11654,1,7870
1889,0,11655
2312,0,11655
4076,0,11655
10399,2,11655
11655,1,6050
11655,1,6071
11655,1,6261
11655,1,7655
11655,1,10000
2893,0,11657
10399,2,11657
11657,1,6241
11657,1,6250
11657,1,9166
302,0,11658
2743,0,11658
3350,0,11658
3998,0,11658
10399,2,11658
11658,1,5936
11658,1,6001
11658,1,6249
11658,1,6250
11658,1,6337
11658,1,6425
11658,1,6619
11658,1,6833
11658,1,10002
302,0,11659
3350,0,11659
10399,2,11659
11659,1,6139
11659,1,6249
11659,1,6742
11659,1,7017
11659,1,10003
2076,0,11661
2908,0,11661
4957,0,11661
10399,2,11661
11661,1,6052
11661,1,6071
11661,1,6171
11661,1,6247
11661,1,6337
11661,1,6354
11661,1,6356
11661,1,6371
11661,1,6390
11661,1,7811
11661,1,8601
1827,0,11662
2072,0,11662
4274,0,11662
10399,2,11662
11662,1,6250
11662,1,6410
11662,1,7239
11662,1,8653
11662,1,8983
11662,1,10004
2955,0,11663
4184,0,11663
10399,2,11663
11663,1,6070
11663,1,6226
11663,1,6333
11663,1,6946
11663,1,10005
405,0,11666
3067,0,11666
3068,0,11666
3080,0,11666
10399,2,11666
11666,1,7577
11666,1,9671
11666,1,9949
11666,1,10006
1950,0,11667
2039,0,11667
4036,0,11667
10399,2,11667
11667,1,5936
11667,1,6078
11667,1,6250
11667,1,6412
11667,1,6688
11667,1,7605
11667,3,14755
385,0,11669
3510,0,11669
3853,0,11669
10399,2,11669
11669,1,5936
11669,1,6084
11669,1,6249
11669,1,6346
11669,1,6413
11669,1,6420
11669,1,6806
11669,1,7589
11669,1,9348
362,0,11670
4325,0,11670
10399,2,11670
11670,1,5949
11670,1,5996
11670,1,5997
11670,1,6539
11670,1,7005
11670,1,9840
11670,1,10312
2141,0,11671
10399,2,11671
11671,1,8053
11671,1,9326
11671,1,9447
11671,1,10313
2141,0,11672
2492,0,11672
10399,2,11672
11672,1,6171
11672,1,6874
11672,1,7077
11672,1,7634
11672,1,8157
11672,1,9194
11672,1,10314
399,0,11674
3494,0,11674
4946,0,11674
10399,2,11674
11674,1,6075
11674,1,6282
11674,1,6352
11674,1,6486
11674,1,6768
11674,1,6857
188,0,11675
399,0,11675
1069,0,11675
3778,0,11675
10399,2,11675
11675,1,6016
11675,1,6655
11675,1,6656
11675,1,6729
11675,1,6913
11675,1,7837
1888,0,11676
1889,0,11676
4150,0,11676
10399,2,11676
11676,1,6270
11676,1,7506
11676,1,8908
11676,1,9103
1069,0,11677
3778,0,11677
4087,0,11677
4290,0,11677
4847,0,11677
10399,2,11677
11677,1,5970
11677,1,6364
11677,1,6655
11677,1,6656
11677,1,7834
1069,0,11678
3494,0,11678
3778,0,11678
10399,2,11678
11678,1,6359
11678,1,6364
11678,1,6656
162,0,11679
1069,0,11679
3778,0,11679
10399,2,11679
11679,1,5924
11679,1,5978
11679,1,6024
11679,1,6052
11679,1,6549
11679,1,6563
11679,1,6707
347,0,11680
1069,0,11680
3778,0,11680
4715,0,11680
10399,2,11680
11680,1,5980
11680,1,6365
11680,1,6635
11680,1,6710
11680,1,6737
11680,1,6873
11680,1,10315
399,0,11681
1069,0,11681
3778,0,11681
10399,2,11681
11681,1,6022
11681,1,6322
11681,1,6655
11681,1,6656
11681,1,6696
11681,1,7959
1999,0,11682
4958,0,11682
10399,2,11682
11682,1,6250
11682,1,6283
11682,1,6409
11682,1,6766
11682,1,10316
1504,0,11683
2905,0,11683
3171,0,11683
10399,2,11683
11683,1,5987
11683,1,6079
11683,1,8066
11683,1,8164
3251,0,11684
4008,0,11684
10399,2,11684
11684,1,6322
11684,1,6361
11684,1,6738
11684,1,6739
197,0,11686
4300,0,11686
4345,0,11686
10399,2,11686
11686,1,6016
11686,1,6250
11686,1,6507
11686,1,6568
197,0,11687
4208,0,11687
4300,0,11687
4345,0,11687
10399,2,11687
11687,1,5948
11687,1,7040
11687,1,7347
11687,1,9721
11687,1,10317
4960,0,11688
4961,0,11688
10399,2,11688
11688,1,6026
11688,1,6659
11688,1,7772
11688,1,8202
11688,1,10318
1820,0,11690
4200,0,11690
4962,0,11690
10399,2,11690
11690,1,5936
11690,1,6001
11690,1,6013
11690,1,6185
11690,1,6259
11690,1,6309
11690,1,6326
11690,1,7933
11690,1,7937
3229,0,11691
3792,0,11691
4087,0,11691
10399,2,11691
11691,1,6590
11691,1,6784
11691,1,7047
11691,1,8040
3494,0,11693
3908,0,11693
4946,0,11693
4964,0,11693
4965,0,11693
10399,2,11693
11693,1,5959
11693,1,6005
11693,1,6100
11693,1,6131
11693,1,6205
11693,1,6242
11693,1,6250
11693,1,7005
11693,1,7334
11693,1,9576
1504,0,11694
2588,0,11694
10399,2,11694
11694,1,6242
11694,1,6280
11694,1,6337
11694,1,6390
11694,1,7090
11694,1,10319
181,0,11696
1887,0,11696
2018,0,11696
2021,0,11696
10399,2,11696
11696,1,6309
11696,1,6337
11696,1,6631
11696,1,7743
11696,1,8878
11696,1,10320
1138,0,11697
1430,0,11697
1504,0,11697
2018,0,11697
4154,0,11697
10399,2,11697
11697,1,6359
11697,1,6663
11697,1,7376
11697,1,7612
11697,1,8959
181,0,11698
1887,0,11698
2018,0,11698
2089,0,11698
10399,2,11698
11698,1,6118
11698,1,6250
11698,1,6337
11698,1,6665
11698,1,7142
11698,1,7634
11698,1,9050
879,0,11699
2629,0,11699
10399,2,11699
11699,1,6050
11699,1,6249
11699,1,6276
11699,1,6444
11699,1,9368
367,0,11700
474,0,11700
879,0,11700
880,0,11700
2620,0,11700
10399,2,11700
11700,1,5949
11700,1,6276
11700,1,6390
11700,1,6475
11700,1,6945
879,0,11702
880,0,11702
1137,0,11702
10399,2,11702
11702,1,6028
11702,1,6242
11702,1,6250
11702,1,6282
11702,1,6283
11702,1,6604
11702,1,7070
1142,0,11703
1630,0,11703
2573,0,11703
10399,2,11703
11703,1,6001
11703,1,6024
11703,1,6249
11703,1,6275
11703,1,6619
11703,1,7317
11703,1,7725
11703,1,7812
1501,0,11704
3337,0,11704
3721,0,11704
10399,2,11704
11704,1,6185
11704,1,6249
11704,1,6301
11704,1,6424
11704,1,6436
11704,1,6528
11704,1,6833
181,0,11706
2916,0,11706
10399,2,11706
11706,1,6337
11706,1,6420
11706,1,6428
11706,1,6989
11706,1,10321
181,0,11707
2679,0,11707
2916,0,11707
10399,2,11707
11707,1,6264
11707,1,6265
11707,1,6656
11707,1,7128
11707,1,7571
11707,1,7980
11707,1,10322
879,0,11708
2968,0,11708
10399,2,11708
11708,1,5936
11708,1,5972
11708,1,6295
11708,1,6879
11708,1,7470
11708,1,7939
11708,1,8551
11708,1,9836
573,0,11709
1430,0,11709
4554,0,11709
4966,0,11709
10399,2,11709
11709,1,6229
11709,1,6242
11709,1,6264
11709,1,6265
11709,1,6544
11709,1,6843
11709,1,8860
3008,0,11710
4914,0,11710
10399,2,11710
11710,1,5956
11710,1,6094
11710,1,6095
11710,1,6197
11710,1,6206
11710,1,6250
11710,1,6350
11710,1,6377
11710,1,6955
11710,1,8311
11710,1,8839
11710,1,8909
11710,1,10323
3520,0,11711
3521,0,11711
3764,0,11711
4156,0,11711
4968,0,11711
10399,2,11711
11711,1,6191
11711,1,6205
11711,1,6435
11711,1,6577
11711,1,8134
11711,1,8475
11711,1,10190
11711,1,10324
258,0,11713
2042,0,11713
2104,0,11713
4970,0,11713
10399,2,11713
11713,1,5991
11713,1,6205
11713,1,6280
11713,1,6575
11713,1,10325
2675,0,11714
2979,0,11714
3605,0,11714
3826,0,11714
10399,2,11714
11714,1,6016
11714,1,6163
11714,1,6226
11714,1,6250
11714,1,6337
11714,1,6371
11714,1,6637
11714,1,6769
11714,1,7216
11714,1,7704
2921,0,11715
4971,0,11715
10399,2,11715
11715,1,6242
11715,1,6250
11715,1,6361
11715,1,6388
11715,1,6404
11715,1,6513
11715,1,7742
11715,1,8710
11715,1,8740
11715,1,9592
1820,0,11716
3077,0,11716
10399,2,11716
11716,1,6498
11716,1,7988
11716,1,8680
11716,1,9774
1996,0,11717
4570,0,11717
4972,0,11717
10399,2,11717
11717,1,6614
11717,1,7321
11717,1,10326
11717,1,10327
11717,1,10328
1504,0,11718
2946,0,11718
4879,0,11718
10399,2,11718
11718,1,6242
11718,1,6410
11718,1,6663
11718,1,6676
11718,1,7090
11718,1,8180
1996,0,11719
4570,0,11719
4973,0,11719
10399,2,11719
11719,1,6005
11719,1,6249
11719,1,6261
11719,1,6275
11719,1,6322
11719,1,6337
11719,1,6465
11719,1,7052
11719,1,8993
1888,0,11720
1889,0,11720
4904,0,11720
10399,2,11720
11720,1,5951
11720,1,6008
11720,1,6185
11720,1,6501
11720,1,6635
11720,1,6812
11720,1,8125
3180,0,11721
4159,0,11721
10399,2,11721
11721,1,6071
11721,1,6322
11721,1,6337
11721,1,6371
11721,1,7422
11721,1,7423
11721,1,7760
3032,0,11722
3843,0,11722
4294,0,11722
10399,2,11722
11722,1,5970
11722,1,6309
11722,1,6337
11722,1,6338
11722,1,6436
11722,1,6656
216,0,11723
382,0,11723
1779,0,11723
1984,0,11723
10399,2,11723
11723,1,6086
11723,1,6249
11723,1,6250
11723,1,6346
11723,1,6854
11723,1,8066
11723,1,8545
11723,1,8992
11723,1,10329
302,0,11724
3094,0,11724
10399,2,11724
11724,1,6253
11724,1,6425
11724,1,6656
11724,1,6689
11724,1,8559
11724,3,11295
11724,3,15181
11724,3,15228
11724,3,13631
11724,3,14632
181,0,11725
2916,0,11725
10399,2,11725
11725,1,6079
11725,1,6337
11725,1,6428
11725,1,6989
11725,1,10330
2675,0,11726
2979,0,11726
3826,0,11726
10399,2,11726
11726,1,6046
11726,1,6086
11726,1,6136
11726,1,6250
11726,1,7216
11726,1,7704
1996,0,11727
3374,0,11727
4581,0,11727
10399,2,11727
11727,1,6205
11727,1,6249
11727,1,6487
11727,1,7917
11727,1,8946
11727,1,10331
1888,0,11728
1889,0,11728
3821,0,11728
10399,2,11728
11728,1,6001
11728,1,6013
11728,1,6136
11728,1,6185
11728,1,6303
11728,1,6377
11728,1,6926
84,0,11729
3699,0,11729
10399,2,11729
11729,1,6250
11729,1,6314
11729,1,6350
11729,1,6637
11729,1,7005
11729,1,7496
1496,0,11730
1889,0,11730
2969,0,11730
10399,2,11730
11730,1,6030
11730,1,6250
11730,1,7553
11730,1,7619
11730,1,9978
302,0,11733
2664,0,11733
3998,0,11733
4974,0,11733
4975,0,11733
10399,2,11733
11733,1,6307
11733,1,6308
11733,1,6337
11733,1,6361
11733,1,6425
1497,0,11734
2772,0,11734
3358,0,11734
3434,0,11734
4783,0,11734
10399,2,11734
11734,1,5983
11734,1,6136
11734,1,6242
11734,1,6276
11734,1,6295
11734,1,6337
11734,1,6350
11734,1,6366
4788,0,11735
4801,0,11735
10399,2,11735
11735,1,5936
11735,1,6001
11735,1,6050
11735,1,6326
11735,1,6821
11735,1,7481
11735,1,10332
880,0,11736
1504,0,11736
2916,0,11736
3874,0,11736
10399,2,11736
11736,1,5929
11736,1,6295
11736,1,6314
11736,1,6337
11736,1,6587
11736,1,10333
3636,0,11738
3685,0,11738
3798,0,11738
10399,2,11738
11738,1,5980
11738,1,6043
11738,1,6322
11738,1,6361
11738,1,6710
11738,1,7422
11738,1,7423
17,0,11739
4799,0,11739
4976,0,11739
10399,2,11739
11739,1,6159
11739,1,6261
11739,1,7129
11739,1,8926
11739,1,9911
2850,0,11741
2864,0,11741
2876,0,11741
10400,2,11741
11741,1,6089
11741,1,6280
11741,1,6281
11741,1,6499
11741,1,6620
11741,1,10334
2599,0,11742
5002,0,11742
10400,2,11742
11742,1,5992
11742,1,6242
11742,1,6282
11742,1,6350
11742,1,6456
11742,1,6652
11742,1,7641
11742,1,8894
2042,0,11743
5003,0,11743
10400,2,11743
11743,1,6197
11743,1,6475
11743,1,6513
11743,1,6620
11743,1,6686
11743,1,7047
11743,1,7609
11743,1,8288
11743,1,10335
573,0,11744
747,0,11744
1158,0,11744
5004,0,11744
10400,2,11744
11744,1,5924
11744,1,5929
11744,1,6210
11744,1,7136
11744,1,8034
11744,1,8373
474,0,11745
510,0,11745
637,0,11745
879,0,11745
1275,0,11745
1676,0,11745
10400,2,11745
11745,1,5921
11745,1,6009
11745,1,6091
11745,1,6194
11745,1,6203
11745,1,6951
11745,1,7493
11745,1,8468
11745,1,8860
1204,0,11746
3421,0,11746
10400,2,11746
11746,1,6075
11746,1,6100
11746,1,6171
11746,1,6314
11746,1,7418
11746,1,8597
110,0,11747
282,0,11747
283,0,11747
284,0,11747
10400,2,11747
11747,1,5921
11747,1,5936
11747,1,5978
11747,1,6005
11747,1,6065
11747,1,6109
11747,1,6197
11747,1,6470
11747,1,8390
573,0,11748
1529,0,11748
4393,0,11748
10400,2,11748
11748,1,6242
11748,1,6281
11748,1,6435
11748,1,7038
1841,0,11749
1872,0,11749
10400,2,11749
11749,1,6085
11749,1,6250
11749,1,6264
11749,1,6265
11749,1,7551
11749,1,8112
11749,1,10336
2418,0,11750
3189,0,11750
5005,0,11750
10400,2,11750
11750,1,5970
11750,1,5992
11750,1,6242
11750,1,6250
11750,1,6283
11750,1,6303
11750,1,6314
11750,1,6352
11750,1,6697
1901,0,11751
2064,0,11751
2066,0,11751
3087,0,11751
10400,2,11751
11751,1,6079
11751,1,6156
11751,1,6193
11751,1,6250
11751,1,6282
11751,1,7599
1894,0,11752
4655,0,11752
10400,2,11752
11752,1,5929
11752,1,5936
11752,1,6071
11752,1,6240
11752,1,6471
11752,1,9856
371,0,11753
2572,0,11753
5006,0,11753
10400,2,11753
11753,1,6185
11753,1,6242
11753,1,6249
11753,1,6253
11753,1,6280
11753,1,6575
2707,0,11754
5007,0,11754
10400,2,11754
11754,1,5936
11754,1,5987
11754,1,6079
11754,1,6181
11754,1,6250
11754,1,6788
11754,1,9135
879,0,11755
880,0,11755
2679,0,11755
3816,0,11755
10400,2,11755
11755,1,6070
11755,1,6280
11755,1,6281
11755,1,6630
11755,1,7090
11755,1,7430
11755,1,7592
11755,1,7978
273,0,11756
2097,0,11756
10400,2,11756
11756,1,5940
11756,1,6082
11756,1,6242
11756,1,6264
11756,1,6265
11756,1,6590
11756,1,7536
11756,1,7726
762,0,11757
1541,0,11757
5009,0,11757
10400,2,11757
11757,1,6001
11757,1,6007
11757,1,6050
11757,1,6337
11757,1,6600
11757,1,7576
11757,1,8401
1671,0,11758
2253,0,11758
10400,2,11758
11758,1,5929
11758,1,5970
11758,1,6007
11758,1,6024
11758,1,6625
11758,1,7056
11758,1,7512
11758,1,8848
373,0,11759
3176,0,11759
10400,2,11759
11759,1,5936
11759,1,6265
11759,1,6337
11759,1,6694
11759,1,7914
11759,1,8269
11759,1,8618
11759,1,10337
878,0,11760
2968,0,11760
4107,0,11760
10400,2,11760
11760,1,5921
11760,1,6118
11760,1,6206
11760,1,6225
11760,1,6250
11760,1,6283
2949,0,11761
3219,0,11761
5010,0,11761
10400,2,11761
11761,1,6081
11761,1,6337
11761,1,6565
11761,1,6590
11761,1,8187
14,0,11762
2949,0,11762
3219,0,11762
4884,0,11762
5010,0,11762
10400,2,11762
11762,1,6078
11762,1,6250
11762,1,6435
11762,1,6666
11762,1,7586
11762,1,7742
1855,0,11763
1863,0,11763
4331,0,11763
10400,2,11763
11763,1,6052
11763,1,6242
11763,1,6264
11763,1,6410
11763,1,6645
1834,0,11764
2220,0,11764
2221,0,11764
10400,2,11764
11764,1,6131
11764,1,6264
11764,1,6265
11764,1,6584
11764,1,6628
11764,1,8390
5011,0,11765
10400,2,11765
11765,1,5970
11765,1,6200
11765,1,6461
11765,1,7169
11765,1,8413
11765,1,8614
4174,0,11766
4175,0,11766
10400,2,11766
11766,1,5929
11766,1,6005
11766,1,6109
11766,1,6301
11766,1,6576
911,0,11767
2780,0,11767
5012,0,11767
5013,0,11767
10400,2,11767
11767,1,5940
11767,1,6159
11767,1,6241
11767,1,6242
11767,1,6250
11767,1,7357
11767,1,8238
4174,0,11768
4175,0,11768
10400,2,11768
11768,1,5929
11768,1,6530
11768,1,6599
11768,1,6954
11768,1,7511
11768,1,7888
2042,0,11769
2043,0,11769
10400,2,11769
11769,1,6264
11769,1,6344
11769,1,6386
11769,1,6406
11769,1,6479
4173,0,11770
4174,0,11770
4175,0,11770
10400,2,11770
11770,1,6024
11770,1,6109
11770,1,6242
11770,1,6264
11770,1,6303
11770,1,7613
11770,1,7729
11770,1,7969
775,0,11771
779,0,11771
2154,0,11771
10400,2,11771
11771,1,6171
11771,1,6404
11771,1,6484
11771,1,7418
11771,1,7593
11771,1,8337
209,0,11772
1532,0,11772
10400,2,11772
11772,1,6055
11772,1,6183
11772,1,6242
11772,1,6280
11772,1,7580
11772,1,7655
11772,1,7787
2270,0,11773
2445,0,11773
4328,0,11773
5014,0,11773
5015,0,11773
10400,2,11773
11773,1,6096
11773,1,6131
11773,1,6242
11773,1,6250
11773,1,6282
11773,1,6529
11773,1,7430
1532,0,11774
1558,0,11774
1889,0,11774
2905,0,11774
10400,2,11774
11774,1,6242
11774,1,6250
11774,1,6280
11774,1,6625
11774,1,7090
11774,1,8304
1827,0,11775
2431,0,11775
5016,0,11775
10400,2,11775
11775,1,6075
11775,1,6390
11775,1,6788
11775,1,7474
11775,1,7780
11775,1,8337
2254,0,11776
2255,0,11776
10400,2,11776
11776,1,6078
11776,1,6250
11776,1,6435
11776,1,6612
11776,1,8071
2174,0,11777
2175,0,11777
2277,0,11777
3190,0,11777
10400,2,11777
11777,1,6242
11777,1,6280
11777,1,7787
11777,1,8129
11777,1,8289
11777,1,8991
11777,1,10338
706,0,11778
707,0,11778
903,0,11778
1404,0,11778
5017,0,11778
10400,2,11778
11778,1,6007
11778,1,6050
11778,1,6083
11778,1,6948
11778,1,7259
11778,1,9628
259,0,11779
270,0,11779
10400,2,11779
11779,1,5929
11779,1,6082
11779,1,6118
11779,1,7206
11779,1,8632
171,0,11780
3960,0,11780
4640,0,11780
10400,2,11780
11780,1,6018
11780,1,6079
11780,1,6301
11780,1,6943
576,0,11781
1553,0,11781
3522,0,11781
4189,0,11781
10400,2,11781
11781,1,5970
11781,1,6033
11781,1,6079
11781,1,6206
11781,1,6453
11781,1,6513
11781,1,6547
11781,1,6913
11781,1,7888
23,0,11782
251,0,11782
4330,0,11782
10400,2,11782
11782,1,5921
11782,1,5923
11782,1,6118
11782,1,6250
11782,1,6265
11782,1,6421
11782,1,6435
11782,1,7326
11782,1,7546
11782,1,10339
1879,0,11783
4297,0,11783
10400,2,11783
11783,1,5929
11783,1,6051
11783,1,6118
11783,1,6265
11783,1,6956
2900,0,11784
3839,0,11784
4276,0,11784
5018,0,11784
10400,2,11784
11784,1,6079
11784,1,6250
11784,1,6283
11784,1,6314
11784,1,7506
2652,0,11785
2804,0,11785
3715,0,11785
5019,0,11785
10400,2,11785
11785,1,6079
11785,1,6301
11785,1,6560
11785,1,6943
11785,1,7193
1889,0,11786
2652,0,11786
2804,0,11786
10400,2,11786
11786,1,6079
11786,1,6337
11786,1,7511
1263,0,11787
2919,0,11787
5020,0,11787
10400,2,11787
11787,1,6009
11787,1,6242
11787,1,6280
11787,1,6625
11787,1,6655
11787,1,6656
1901,0,11788
2066,0,11788
2945,0,11788
4529,0,11788
4560,0,11788
10400,2,11788
11788,1,6078
11788,1,6079
11788,1,6250
11788,1,6301
11788,1,6435
11788,1,7742
80,0,11789
2939,0,11789
3259,0,11789
3429,0,11789
3430,0,11789
3608,0,11789
10400,2,11789
11789,1,5915
11789,1,5921
11789,1,5929
11789,1,6185
11789,1,6432
11789,1,6529
11789,1,6814
400,0,11790
2697,0,11790
2738,0,11790
10400,2,11790
11790,1,5992
11790,1,6046
11790,1,6237
11790,1,6242
11790,1,6541
11790,1,6604
3277,0,11791
3303,0,11791
3940,0,11791
4231,0,11791
10400,2,11791
11791,1,5992
11791,1,6178
11791,1,6242
11791,1,6968
11791,1,8435
3189,0,11792
5005,0,11792
10400,2,11792
11792,1,5921
11792,1,6181
11792,1,6235
11792,1,6250
11792,1,6269
11792,1,6303
11792,1,6697
11792,1,8503
2076,0,11793
3494,0,11793
3706,0,11793
4068,0,11793
4069,0,11793
4102,0,11793
5021,0,11793
10400,2,11793
11793,1,6166
11793,1,6242
11793,1,6651
11793,1,6761
11793,1,7411
11793,1,7499
11793,1,10340
2160,0,11794
2910,0,11794
3503,0,11794
10400,2,11794
11794,1,5936
11794,1,6071
11794,1,6280
11794,1,6576
11794,1,6718
11794,1,7825
11794,1,8142
11794,1,8676
1349,0,11795
4458,0,11795
10400,2,11795
11795,1,6052
11795,1,6079
11795,1,7304
4722,0,11796
5023,0,11796
10400,2,11796
11796,1,6079
11796,1,6086
11796,1,6250
11796,1,6969
11796,1,8248
11796,1,8708
565,0,11797
644,0,11797
1337,0,11797
10400,2,11797
11797,1,5921
11797,1,5970
11797,1,6203
11797,1,6206
11797,1,6282
11797,1,6298
11797,1,6533
11797,1,6811
11797,1,6968
11797,1,9517
4722,0,11798
5023,0,11798
5024,0,11798
10400,2,11798
11798,1,6078
11798,1,6079
11798,1,6183
11798,1,6247
11798,1,6250
11798,1,6386
11798,1,6435
11798,1,6607
11798,1,8584
828,0,11799
3804,0,11799
10400,2,11799
11799,1,6079
11799,1,6131
11799,1,6193
11799,1,7228
11799,1,7448
11799,1,8618
5025,0,11800
10400,2,11800
11800,1,6164
11800,1,7256
11800,1,8027
11800,1,9303
828,0,11801
1672,0,11801
2940,0,11801
3804,0,11801
3805,0,11801
10400,2,11801
11801,1,6079
11801,1,6181
11801,1,6250
11801,1,6321
11801,1,7107
11801,1,7168
11801,1,7613
11801,1,8017
1401,0,11802
3864,0,11802
10400,2,11802
11802,1,5929
11802,1,5932
11802,1,5936
11802,1,6386
11802,1,6726
11802,1,6858
11802,1,7257
11802,1,8063
828,0,11803
2940,0,11803
3804,0,11803
3805,0,11803
10400,2,11803
11803,1,6078
11803,1,6079
11803,1,6206
11803,1,6250
11803,1,6435
11803,1,6660
11803,1,6688
3229,0,11804
4093,0,11804
10400,2,11804
11804,1,6065
11804,1,6164
11804,1,6166
11804,1,6253
11804,1,6297
1901,0,11805
2064,0,11805
2066,0,11805
4529,0,11805
10400,2,11805
11805,1,6079
11805,1,6607
11805,1,6733
11805,1,6978
11805,1,7268
11805,1,7742
4123,0,11806
4619,0,11806
10400,2,11806
11806,1,6250
11806,1,6625
11806,1,6926
11806,1,8223
11806,1,8346
2174,0,11807
2175,0,11807
3190,0,11807
5026,0,11807
10400,2,11807
11807,1,6055
11807,1,6064
11807,1,6242
11807,1,6280
11807,1,6575
11807,1,6647
11807,1,7215
11807,1,7675
11807,1,9426
1553,0,11808
2538,0,11808
3522,0,11808
10400,2,11808
11808,1,5936
11808,1,5970
11808,1,6079
11808,1,7422
11808,1,7423
11808,1,7618
11808,1,7769
11808,1,8602
2495,0,11809
4638,0,11809
10400,2,11809
11809,1,5936
11809,1,5992
11809,1,6605
11809,1,7501
11809,1,8049
2192,0,11810
2467,0,11810
10400,2,11810
11810,1,6188
11810,1,6242
11810,1,6367
11810,1,6980
11810,1,7190
11810,1,7526
11810,1,9526
2042,0,11811
2104,0,11811
5027,0,11811
10400,2,11811
11811,1,5936
11811,1,6055
11811,1,6138
11811,1,6242
11811,1,7675
11811,1,8309
11811,1,8776
11811,1,10341
1510,0,11812
2066,0,11812
10400,2,11812
11812,1,6676
11812,1,7049
11812,1,7052
11812,1,8227
1136,0,11813
2567,0,11813
10400,2,11813
11813,1,6024
11813,1,7439
11813,1,9085
2066,0,11814
2961,0,11814
3048,0,11814
10400,2,11814
11814,1,5936
11814,1,5980
11814,1,6079
11814,1,6337
11814,1,6400
11814,1,6733
1017,0,11815
5028,0,11815
5029,0,11815
10400,2,11815
11815,1,6264
11815,1,6265
11815,1,6365
11815,1,6647
11815,1,6802
3358,0,11816
3434,0,11816
4528,0,11816
10400,2,11816
11816,1,6075
11816,1,6171
11816,1,7685
11816,1,8886
11816,1,9572
1112,0,11817
4785,0,11817
10400,2,11817
11817,1,5938
11817,1,6250
11817,1,6744
11817,1,7549
11817,1,7819
2900,0,11818
3422,0,11818
3651,0,11818
10400,2,11818
11818,1,6242
11818,1,6264
11818,1,6265
11818,1,6305
11818,1,6481
11818,1,6656
11818,1,7530
11818,1,9365
11818,1,10342
474,0,11819
637,0,11819
821,0,11819
880,0,11819
10400,2,11819
11819,1,6301
11819,1,6406
11819,1,6477
11819,1,6896
11819,1,7318
11819,1,7438
11819,1,7615
11819,1,8344
989,0,11820
1548,0,11820
2934,0,11820
10400,2,11820
11820,1,6405
11820,1,6755
11820,1,7439
5030,0,11821
10400,2,11821
11821,1,6008
11821,1,6079
11821,1,6171
11821,1,6522
11821,1,7418
11821,1,7631
474,0,11822
880,0,11822
4797,0,11822
10400,2,11822
11822,1,5970
11822,1,6007
11822,1,6050
11822,1,6056
11822,1,6250
11822,1,6283
11822,1,6426
11822,1,6674
11822,1,7317
11822,1,7530
11822,1,9509
474,0,11823
1302,0,11823
1609,0,11823
1829,0,11823
3421,0,11823
10400,2,11823
11823,1,5970
11823,1,6235
11823,1,7024
11823,1,7220
11823,1,7254
11823,1,7490
11823,1,7594
11823,1,7868
474,0,11824
879,0,11824
880,0,11824
1302,0,11824
5031,0,11824
10400,2,11824
11824,1,6100
11824,1,7998
215,0,11825
287,0,11825
411,0,11825
5032,0,11825
5033,0,11825
10400,2,11825
11825,1,5936
11825,1,6078
11825,1,6435
11825,1,6475
11825,1,6620
11825,1,6621
11825,1,9008
474,0,11826
879,0,11826
880,0,11826
1333,0,11826
10400,2,11826
11826,1,6003
11826,1,6023
11826,1,6033
11826,1,6384
11826,1,7222
244,0,11827
3505,0,11827
10400,2,11827
11827,1,6513
11827,1,6761
11827,1,7074
11827,1,7839
11827,1,8404
1303,0,11828
10400,2,11828
11828,1,5970
11828,1,6109
11828,1,6205
11828,1,6788
11828,1,7108
11828,1,9139
244,0,11829
3505,0,11829
10400,2,11829
11829,1,5929
11829,1,6250
11829,1,6738
11829,1,6739
11829,1,7810
11829,1,8645
3316,0,11830
5034,0,11830
10400,2,11830
11830,1,5992
11830,1,6079
11830,1,6193
11830,1,6623
11830,1,6716
11830,1,7585
11830,1,8359
11830,1,8690
11830,1,8789
1629,0,11831
1933,0,11831
2418,0,11831
5035,0,11831
10400,2,11831
11831,1,6007
11831,1,6024
11831,1,6166
11831,1,6250
11831,1,6303
11831,1,6337
11831,1,6800
11831,1,10343
1102,0,11832
4049,0,11832
4050,0,11832
10400,2,11832
11832,1,5970
11832,1,6242
11832,1,6280
11832,1,6355
11832,1,7005
11832,1,7465
11832,1,8713
1430,0,11833
2105,0,11833
4185,0,11833
10400,2,11833
11833,1,5949
11833,1,6242
11833,1,6280
11833,1,6575
11833,1,6738
11833,1,6739
11833,1,8335
1887,0,11834
2018,0,11834
2672,0,11834
10400,2,11834
11834,1,5929
11834,1,6127
11834,1,6254
11834,1,6328
11834,1,6337
11834,1,6344
11834,1,6386
11834,1,7846
11834,1,9077
3135,0,11835
3583,0,11835
10400,2,11835
11835,1,5924
11835,1,5946
11835,1,6250
11835,1,6301
11835,1,6405
11835,1,6428
11835,1,6943
11835,1,7430
2700,0,11836
2769,0,11836
2975,0,11836
10400,2,11836
11836,1,6625
11836,1,6794
11836,1,7219
11836,1,7317
11836,1,7737
11836,1,8150
2127,0,11837
2223,0,11837
10400,2,11837
11837,1,5936
11837,1,5970
11837,1,6014
11837,1,6181
11837,1,6296
11837,1,6301
11837,1,6351
11837,1,6542
11837,1,6788
11837,1,10344
5036,0,11838
5037,0,11838
10400,2,11838
11838,1,5936
11838,1,6079
11838,1,6087
11838,1,6420
11838,1,6627
11838,1,6645
3587,0,11839
10400,2,11839
11839,1,5929
11839,1,6126
11839,1,6250
11839,1,6386
11839,1,6475
11839,1,6674
11839,1,7290
11839,1,7317
11839,1,8512
2159,0,11840
3587,0,11840
10400,2,11840
11840,1,5947
11840,1,5970
11840,1,6242
11840,1,6250
11840,1,6386
11840,1,7571
11840,1,7671
11840,1,9512
140,0,11841
142,0,11841
4738,0,11841
10400,2,11841
11841,1,5936
11841,1,6075
11841,1,6250
11841,1,6538
11841,1,6788
11841,1,7730
11841,1,7980
11841,1,8597
11841,1,10345
1661,0,11842
2289,0,11842
2290,0,11842
10400,2,11842
11842,1,5936
11842,1,6003
11842,1,6079
11842,1,6250
11842,1,6645
11842,1,6672
11842,1,7051
407,0,11843
3736,0,11843
3992,0,11843
10400,2,11843
11843,1,5929
11843,1,6386
11843,1,6788
11843,1,7189
11843,1,7980
493,0,11844
5038,0,11844
10400,2,11844
11844,1,6079
11844,1,6250
11844,1,6345
11844,1,6488
2921,0,11845
5039,0,11845
10400,2,11845
11845,1,6242
11845,1,6280
11845,1,6281
11845,1,6388
11845,1,7609
2348,0,11846
3198,0,11846
3199,0,11846
10400,2,11846
11846,1,6131
11846,1,6301
11846,1,6929
11846,1,6943
6,0,11847
4658,0,11847
10400,2,11847
11847,1,6022
11847,1,6420
11847,1,6530
11847,1,6697
11847,1,7021
11847,1,7437
3166,0,11848
4752,0,11848
10400,2,11848
11848,1,6059
11848,1,6118
11848,1,6242
11848,1,6250
11848,1,7050
279,0,11849
1313,0,11849
4262,0,11849
10400,2,11849
11849,1,6109
11849,1,6118
11849,1,6242
11849,1,6264
11849,1,6391
11849,1,6542
403,0,11850
731,0,11850
2441,0,11850
5040,0,11850
10400,2,11850
11850,1,6081
11850,1,6166
11850,1,6229
11850,1,6250
11850,1,6331
11850,1,6332
11850,1,6356
11850,1,6405
11850,1,7476
11850,1,7511
1827,0,11851
2431,0,11851
5016,0,11851
10400,2,11851
11851,1,6075
11851,1,6390
11851,1,6714
11851,1,7474
11851,1,8337
2418,0,11852
4739,0,11852
10400,2,11852
11852,1,6007
11852,1,6024
11852,1,7627
193,0,11853
2418,0,11853
3189,0,11853
4803,0,11853
10400,2,11853
11853,1,6023
11853,1,6250
11853,1,6604
11853,1,6738
11853,1,6739
11853,1,6807
11853,1,8645
2495,0,11854
3202,0,11854
3229,0,11854
4093,0,11854
4508,0,11854
10400,2,11854
11854,1,5921
11854,1,5936
11854,1,6079
11854,1,6420
11854,1,6529
11854,1,6628
11854,1,6814
11854,1,7815
11854,1,8390
2495,0,11855
4508,0,11855
10400,2,11855
11855,1,6079
11855,1,6250
11855,1,6367
11855,1,6391
11855,1,6612
11855,1,6666
11855,1,6837
11855,1,7613
25,0,11856
989,0,11856
2934,0,11856
4091,0,11856
5041,0,11856
5042,0,11856
10400,2,11856
11856,1,6304
11856,1,6604
11856,1,7155
11856,1,7256
11856,1,7455
11856,1,7855
11856,1,8606
273,0,11857
2097,0,11857
10400,2,11857
11857,1,5970
11857,1,6052
11857,1,6079
11857,1,6082
11857,1,6131
11857,1,6180
11857,1,6242
11857,1,6264
11857,1,6265
11857,1,6423
11857,1,6550
11857,1,8390
2222,0,11858
5043,0,11858
10400,2,11858
11858,1,5936
11858,1,6003
11858,1,6321
11858,1,6344
11858,1,6351
11858,1,6371
11858,1,7243
273,0,11859
2097,0,11859
10400,2,11859
11859,1,6052
11859,1,6079
11859,1,6082
11859,1,6131
11859,1,6180
11859,1,6242
11859,1,6264
11859,1,6265
11859,1,8390
11859,1,10346
14,0,11860
2820,0,11860
2821,0,11860
3307,0,11860
10400,2,11860
11860,1,5987
11860,1,6118
11860,1,6242
11860,1,6250
11860,1,6269
11860,1,6475
11860,1,6761
11860,1,6788
11860,1,7586
11860,1,10347
129,0,11861
1504,0,11861
2588,0,11861
5044,0,11861
10400,2,11861
11861,1,6065
11861,1,6242
11861,1,6280
11861,1,6361
11861,1,6625
11861,1,7090
11861,1,7306
1874,0,11862
1875,0,11862
2105,0,11862
10400,2,11862
11862,1,6171
11862,1,6367
11862,1,7418
11862,1,7609
11862,1,7631
11862,1,9038
11862,1,9715
11862,1,9748
828,0,11863
2940,0,11863
3804,0,11863
3805,0,11863
10400,2,11863
11863,1,5915
11863,1,5970
11863,1,6079
11863,1,6239
11863,1,6483
11863,1,7542
1874,0,11864
1875,0,11864
4361,0,11864
10400,2,11864
11864,1,6079
11864,1,6171
11864,1,6561
11864,1,6729
11864,1,7358
11864,1,7418
11864,1,8274
11864,1,10348
11864,1,10349
788,0,11865
4664,0,11865
10400,2,11865
11865,1,6432
11865,1,6625
11865,1,6847
11865,1,7047
11865,1,7320
11865,1,7501
11865,1,7669
11865,1,9478
11865,1,10350
963,0,11866
2054,0,11866
2793,0,11866
10400,2,11866
11866,1,5936
11866,1,6087
11866,1,6627
11866,1,6873
11866,1,6943
11866,1,6978
11866,1,7422
11866,1,7423
11866,1,7490
4408,0,11867
5045,0,11867
10400,2,11867
11867,1,6118
11867,1,6242
11867,1,6250
11867,1,10351
11867,1,10352
4760,0,11868
5046,0,11868
10400,2,11868
11868,1,6178
11868,1,6203
11868,1,6280
11868,1,6462
11868,1,6788
11868,1,8612
11868,1,8638
11868,1,9156
11868,1,9382
11868,1,9482
11868,1,9892
1995,0,11869
2926,0,11869
5001,0,11869
5047,0,11869
5048,0,11869
10400,2,11869
11869,1,6133
11869,1,6163
11869,1,6171
11869,1,6222
11869,1,6484
11869,1,7418
11869,1,7821
5049,0,11870
5050,0,11870
10400,2,11870
11870,1,6001
11870,1,6197
11870,1,6269
11870,1,6315
11870,1,6830
11870,1,6945
11870,1,7256
11870,1,8255
11870,1,9040
666,0,11871
5051,0,11871
10400,2,11871
11871,1,6008
11871,1,6214
11871,1,6242
11871,1,6250
11871,1,6572
11871,1,7205
11871,1,8041
11871,1,10353
11871,1,10354
283,0,11872
286,0,11872
10400,2,11872
11872,1,5937
11872,1,5980
11872,1,6079
11872,1,6614
11872,1,6850
11872,1,8188
11872,1,8632
11872,1,9673
862,0,11873
1811,0,11873
2319,0,11873
2320,0,11873
10400,2,11873
11873,1,5929
11873,1,5970
11873,1,5992
11873,1,6086
11873,1,6165
11873,1,6222
11873,1,6716
11873,1,6761
11873,1,6790
11873,1,7880
11873,1,9455
283,0,11874
286,0,11874
10400,2,11874
11874,1,6165
11874,1,6171
11874,1,6242
11874,1,6250
11874,1,6625
11874,1,6656
11874,1,6784
11874,1,7418
11874,1,7620
11874,1,8440
1901,0,11875
2066,0,11875
2067,0,11875
2563,0,11875
10400,2,11875
11875,1,5936
11875,1,6003
11875,1,6079
11875,1,6303
11875,1,6337
11875,1,6428
1901,0,11876
2066,0,11876
2564,0,11876
3208,0,11876
10400,2,11876
11876,1,6078
11876,1,6079
11876,1,6107
11876,1,6250
11876,1,6337
11876,1,6420
11876,1,6435
11876,1,7742
3598,0,11877
5052,0,11877
10400,2,11877
11877,1,5936
11877,1,6082
11877,1,6242
11877,1,6265
11877,1,6689
11877,1,7661
11877,1,10355
2066,0,11878
2961,0,11878
10400,2,11878
11878,1,5936
11878,1,6079
11878,1,6193
11878,1,6250
11878,1,6411
11878,1,6733
1948,0,11879
10400,2,11879
11879,1,5936
11879,1,5938
11879,1,6280
11879,1,6625
11879,1,7054
11879,1,8055
11879,1,8133
11879,1,9467
666,0,11880
1108,0,11880
10400,2,11880
11880,1,6239
11880,1,6250
11880,1,6485
11880,1,6900
11880,1,8341
666,0,11881
1108,0,11881
1109,0,11881
10400,2,11881
11881,1,6036
11881,1,6075
11881,1,6187
11881,1,6250
11881,1,6475
11881,1,6538
11881,1,6788
393,0,11882
573,0,11882
1534,0,11882
1598,0,11882
2206,0,11882
2389,0,11882
2637,0,11882
10400,2,11882
11882,1,6242
11882,1,6265
11882,1,6488
11882,1,6559
11882,1,6775
11882,1,7284
11882,1,8248
11882,1,8371
11882,1,8488
181,0,11883
4065,0,11883
4066,0,11883
10400,2,11883
11883,1,6242
11883,1,6280
11883,1,6337
11883,1,7777
11883,1,8066
11883,1,9380
79,0,11884
2220,0,11884
2221,0,11884
4229,0,11884
10400,2,11884
11884,1,5991
11884,1,5992
11884,1,6250
11884,1,6264
11884,1,6265
11884,1,7551
11884,1,7558
11884,1,10356
445,0,11885
1867,0,11885
2015,0,11885
10400,2,11885
11885,1,6109
11885,1,6242
11885,1,6264
11885,1,6391
11885,1,7923
11885,1,8851
55,0,11886
1333,0,11886
10400,2,11886
11886,1,6171
11886,1,6242
11886,1,6625
11886,1,6656
11886,1,8365
11886,1,9470
2052,0,11887
2543,0,11887
3950,0,11887
4289,0,11887
4660,0,11887
4835,0,11887
5053,0,11887
5054,0,11887
10400,2,11887
11887,1,5922
11887,1,6594
11887,1,6619
11887,1,7863
11887,1,8388
2145,0,11888
3239,0,11888
4563,0,11888
10400,2,11888
11888,1,5921
11888,1,7115
11888,1,8637
11888,1,8689
1158,0,11889
2100,0,11889
10400,2,11889
11889,1,5967
11889,1,6012
11889,1,6033
11889,1,6301
11889,1,6405
11889,1,7256
1158,0,11890
2100,0,11890
5055,0,11890
10400,2,11890
11890,1,6007
11890,1,6024
11890,1,6384
11890,1,7155
11890,1,7437
11890,1,8034
11890,1,8373
11890,1,8822
2160,0,11891
2910,0,11891
10400,2,11891
11891,1,5991
11891,1,6280
11891,1,9556
2160,0,11892
2910,0,11892
10400,2,11892
11892,1,6280
11892,1,6284
11892,1,7047
11892,1,7777
2160,0,11893
2910,0,11893
10400,2,11893
11893,1,5991
11893,1,6181
11893,1,6280
11893,1,6645
11893,1,9556
11893,1,10357
241,0,11894
1498,0,11894
3742,0,11894
10400,2,11894
11894,1,5949
11894,1,5996
11894,1,6264
11894,1,8910
5056,0,11895
5057,0,11895
10400,2,11895
11895,1,5936
11895,1,5987
11895,1,6171
11895,1,6383
11895,1,6513
11895,1,6733
2066,0,11896
2067,0,11896
2300,0,11896
2632,0,11896
2678,0,11896
3227,0,11896
10400,2,11896
11896,1,5947
11896,1,6276
11896,1,6486
11896,1,6719
11896,1,7021
1883,0,11897
4669,0,11897
10400,2,11897
11897,1,5929
11897,1,6318
11897,1,6514
11897,1,8382
11897,1,9947
1651,0,11898
1816,0,11898
1874,0,11898
3193,0,11898
3204,0,11898
4099,0,11898
10400,2,11898
11898,1,5967
11898,1,6127
11898,1,6171
11898,1,7418
11898,1,8577
213,0,11899
5058,0,11899
10400,2,11899
11899,1,6079
11899,1,6082
11899,1,6155
11899,1,6181
11899,1,6337
11899,1,7118
1651,0,11900
5059,0,11900
5060,0,11900
5061,0,11900
10400,2,11900
11900,1,5936
11900,1,6050
11900,1,6096
11900,1,7563
11900,1,7613
11900,1,8618
11900,1,8772
3866,0,11901
4899,0,11901
10400,2,11901
11901,1,6242
11901,1,6321
11901,1,6444
11901,1,6523
11901,1,6625
11901,1,7056
11901,1,7780
11901,1,8236
32,0,11902
1504,0,11902
3319,0,11902
5062,0,11902
10400,2,11902
11902,1,6242
11902,1,6337
11902,1,6625
11902,1,7094
11902,1,10358
5063,0,11903
5064,0,11903
10400,2,11903
11903,1,6250
11903,1,6278
11903,1,6280
11903,1,6281
11903,1,6282
11903,1,6283
11903,1,6367
11903,1,6388
2900,0,11904
3651,0,11904
3652,0,11904
10400,2,11904
11904,1,6242
11904,1,6264
11904,1,6265
11904,1,6295
11904,1,6305
11904,1,6656
11904,1,9657
166,0,11905
2337,0,11905
4684,0,11905
10400,2,11905
11905,1,6075
11905,1,6575
11905,1,6771
11905,1,7024
11905,1,8458
11905,1,9131
11905,1,9415
363,0,11906
905,0,11906
2234,0,11906
10400,2,11906
11906,1,6171
11906,1,6181
11906,1,6484
11906,1,6612
11906,1,6615
11906,1,7089
11906,1,7479
4028,0,11907
4677,0,11907
10400,2,11907
11907,1,5933
11907,1,5978
11907,1,6397
11907,1,6843
11907,1,7155
11907,1,7376
11907,1,9391
11907,1,10359
3004,0,11908
4756,0,11908
5065,0,11908
10400,2,11908
11908,1,6050
11908,1,6071
11908,1,6242
11908,1,6253
11908,1,6280
11908,1,6337
11908,1,6625
11908,1,10360
1430,0,11909
2105,0,11909
4028,0,11909
4154,0,11909
10400,2,11909
11909,1,6242
11909,1,6625
11909,1,6845
11909,1,9501
23,0,11910
251,0,11910
2098,0,11910
10400,2,11910
11910,1,5970
11910,1,5991
11910,1,6003
11910,1,6615
11910,1,6856
11910,1,7213
11910,1,9106
1326,0,11911
1486,0,11911
10400,2,11911
11911,1,5921
11911,1,6012
11911,1,6130
11911,1,8034
11911,1,8373
11911,1,8867
11911,1,10361
1137,0,11912
1504,0,11912
5066,0,11912
10400,2,11912
11912,1,5929
11912,1,5936
11912,1,6264
11912,1,6265
11912,1,6314
11912,1,6337
11912,1,7056
11912,1,7511
11912,1,10362
55,0,11913
92,0,11913
1655,0,11913
3677,0,11913
10400,2,11913
11913,1,5929
11913,1,6205
11913,1,6250
11913,1,6432
11913,1,8214
11913,1,8385
2591,0,11914
3207,0,11914
3875,0,11914
4182,0,11914
10400,2,11914
11914,1,6134
11914,1,6141
11914,1,6206
11914,1,6242
11914,1,6280
11914,1,6788
23,0,11915
251,0,11915
1815,0,11915
10400,2,11915
11915,1,5921
11915,1,6071
11915,1,6086
11915,1,6181
11915,1,6217
11915,1,6235
11915,1,6697
11915,1,8099
11915,1,8197
11915,1,9125
1852,0,11916
3690,0,11916
10400,2,11916
11916,1,5970
11916,1,6052
11916,1,6242
11916,1,6337
11916,1,6410
11916,1,6447
11916,1,6575
11916,1,7637
11916,1,8899
448,0,11917
3235,0,11917
5067,0,11917
10400,2,11917
11917,1,5921
11917,1,6094
11917,1,6164
11917,1,6181
11917,1,6269
11917,1,6798
11917,1,7169
11917,1,7930
1085,0,11918
10400,2,11918
11918,1,5929
11918,1,6052
11918,1,8226
41,0,11919
1867,0,11919
10400,2,11919
11919,1,6081
11919,1,6109
11919,1,6544
11919,1,7558
134,0,11920
140,0,11920
2777,0,11920
3013,0,11920
4738,0,11920
10400,2,11920
11920,1,5949
11920,1,6001
11920,1,6242
11920,1,6280
11920,1,6281
11920,1,6303
2420,0,11921
2795,0,11921
10400,2,11921
11921,1,6264
11921,1,6265
11921,1,6509
11921,1,8279
11921,1,9197
55,0,11922
136,0,11922
3677,0,11922
10400,2,11922
11922,1,5929
11922,1,5970
11922,1,5996
11922,1,6052
11922,1,7056
11922,1,7638
5068,0,11923
5069,0,11923
10400,2,11923
11923,1,6028
11923,1,6242
11923,1,6250
11923,1,10363
2160,0,11924
5070,0,11924
10400,2,11924
11924,1,5970
11924,1,6055
11924,1,6065
11924,1,6181
11924,1,6280
11924,1,6281
11924,1,6367
11924,1,7307
11924,1,9705
11924,1,10364
2160,0,11925
5070,0,11925
10400,2,11925
11925,1,5970
11925,1,6009
11925,1,6055
11925,1,6065
11925,1,6181
11925,1,6280
11925,1,6367
11925,1,6625
11925,1,7307
11925,1,9705
11925,1,10365
488,0,11926
987,0,11926
10400,2,11926
11926,1,5991
11926,1,5996
11926,1,6052
11926,1,6250
11926,1,6410
11926,1,6538
11926,1,7593
11926,1,10366
181,0,11927
1558,0,11927
2905,0,11927
2916,0,11927
10400,2,11927
11927,1,6250
11927,1,6367
11927,1,6391
11927,1,7443
11927,1,7618
2304,0,11928
2305,0,11928
10400,2,11928
11928,1,6007
11928,1,6050
11928,1,6432
11928,1,6782
11928,1,7257
11928,1,8034
11928,1,8373
3494,0,11929
3706,0,11929
4102,0,11929
10400,2,11929
11929,1,6052
11929,1,6258
11929,1,6366
11929,1,6440
11929,1,6744
11929,1,6962
11929,1,10367
573,0,11930
1158,0,11930
2217,0,11930
5071,0,11930
10400,2,11930
11930,1,6242
11930,1,6612
11930,1,6845
11930,1,10036
11930,1,10368
1995,0,11931
2972,0,11931
3494,0,11931
4512,0,11931
4946,0,11931
5072,0,11931
10400,2,11931
11931,1,5970
11931,1,5987
11931,1,6242
11931,1,6250
11931,1,6530
11931,1,7054
11931,1,8568
1157,0,11932
1158,0,11932
2742,0,11932
3159,0,11932
10400,2,11932
11932,1,6026
11932,1,6383
11932,1,7885
11932,1,8675
11932,1,10369
12,0,11933
3229,0,11933
4087,0,11933
4997,0,11933
10400,2,11933
11933,1,6280
11933,1,6656
11933,1,7047
11933,1,7914
11933,1,10370
1534,0,11934
2206,0,11934
2389,0,11934
2613,0,11934
4647,0,11934
10400,2,11934
11934,1,5929
11934,1,5947
11934,1,5970
11934,1,6276
11934,1,6386
11934,1,6432
11934,1,6486
11934,1,6607
209,0,11935
880,0,11935
1146,0,11935
1149,0,11935
2450,0,11935
10400,2,11935
11935,1,5946
11935,1,5970
11935,1,6059
11935,1,6386
11935,1,6405
11935,1,8511
11935,1,8512
2931,0,11936
5073,0,11936
10400,2,11936
11936,1,5966
11936,1,5970
11936,1,6250
11936,1,6337
11936,1,6660
11936,1,6688
11936,1,7068
11936,1,7954
11936,1,8446
2328,0,11937
2931,0,11937
5073,0,11937
10400,2,11937
11937,1,5918
11937,1,6088
11937,1,6089
11937,1,6237
11937,1,6615
11937,1,6943
11937,1,7954
181,0,11938
3984,0,11938
4066,0,11938
4067,0,11938
5074,0,11938
10400,2,11938
11938,1,6225
11938,1,6242
11938,1,6250
11938,1,6280
11938,1,6281
11938,1,6359
1671,0,11939
2653,0,11939
4322,0,11939
10400,2,11939
11939,1,5936
11939,1,6013
11939,1,6060
11939,1,6255
11939,1,6269
11939,1,6344
11939,1,6635
11939,1,6925
11939,1,7005
181,0,11940
4067,0,11940
5075,0,11940
10400,2,11940
11940,1,6435
11940,1,6513
11940,1,7264
11940,1,7742
11940,1,8600
11940,1,9366
1671,0,11941
2653,0,11941
10400,2,11941
11941,1,5947
11941,1,5970
11941,1,5996
11941,1,6185
11941,1,6407
11941,1,6479
11941,1,6486
11941,1,6694
11941,1,6881
181,0,11942
4067,0,11942
10400,2,11942
11942,1,5956
11942,1,6078
11942,1,6079
11942,1,6435
11942,1,7448
11942,1,10371
11942,1,10372
229,0,11943
393,0,11943
1534,0,11943
2389,0,11943
2416,0,11943
2640,0,11943
5076,0,11943
10400,2,11943
11943,1,5938
11943,1,6297
11943,1,6386
11943,1,7244
1325,0,11944
1326,0,11944
10400,2,11944
11944,1,5921
11944,1,6012
11944,1,6050
11944,1,6961
11944,1,7370
461,0,11945
1160,0,11945
4636,0,11945
10400,2,11945
11945,1,5936
11945,1,5991
11945,1,6420
11945,1,6506
11945,1,6846
11945,1,7803
11945,1,7816
11945,1,8427
11945,1,8854
11945,1,8866
4618,0,11946
10400,2,11946
11946,1,7068
11946,1,7438
11946,1,7869
11946,1,8248
461,0,11947
1160,0,11947
4636,0,11947
10400,2,11947
11947,1,5963
11947,1,5991
11947,1,6192
11947,1,7816
11947,1,8866
10,0,11948
1874,0,11948
1875,0,11948
5077,0,11948
10400,2,11948
11948,1,5949
11948,1,6171
11948,1,6242
11948,1,7418
11948,1,7443
11948,1,7919
4085,0,11949
10400,2,11949
11949,1,6100
11949,1,6403
11949,1,6961
11949,1,6989
11949,1,7885
11949,1,8108
11949,1,8351
1137,0,11950
1138,0,11950
1504,0,11950
2775,0,11950
10400,2,11950
11950,1,6035
11950,1,6280
11950,1,6509
11950,1,6575
11950,1,9050
249,0,11951
250,0,11951
1137,0,11951
1504,0,11951
1887,0,11951
1972,0,11951
10400,2,11951
11951,1,5949
11951,1,6071
11951,1,6242
11951,1,6280
11951,1,6475
11951,1,6625
11951,1,8464
11951,1,8669
4013,0,11952
4060,0,11952
4711,0,11952
10400,2,11952
11952,1,5987
11952,1,6075
11952,1,6131
11952,1,7730
211,0,11953
879,0,11953
880,0,11953
1137,0,11953
1430,0,11953
2588,0,11953
10400,2,11953
11953,1,5967
11953,1,6242
11953,1,6280
11953,1,7090
11953,1,7240
11953,1,7609
1694,0,11954
1696,0,11954
3956,0,11954
10400,2,11954
11954,1,5992
11954,1,6242
11954,1,6322
11954,1,6386
11954,1,6431
11954,1,8801
879,0,11955
880,0,11955
1137,0,11955
5078,0,11955
5079,0,11955
10400,2,11955
11955,1,5936
11955,1,6079
11955,1,6181
11955,1,6388
11955,1,6575
11955,1,7005
11955,1,9776
2921,0,11956
5080,0,11956
10400,2,11956
11956,1,6118
11956,1,6242
11956,1,6269
11956,1,7558
11956,1,7742
11956,1,10373
1008,0,11957
1333,0,11957
10400,2,11957
11957,1,6242
11957,1,6625
11957,1,7216
11957,1,8062
2128,0,11958
2250,0,11958
10400,2,11958
11958,1,5915
11958,1,5929
11958,1,5992
11958,1,6001
11958,1,6193
11958,1,6482
11958,1,6716
367,0,11959
1008,0,11959
1333,0,11959
4765,0,11959
10400,2,11959
11959,1,5970
11959,1,5996
11959,1,6250
11959,1,6526
11959,1,7474
11959,1,7998
11959,1,8526
828,0,11960
4058,0,11960
10400,2,11960
11960,1,6071
11960,1,6247
11960,1,6352
11960,1,6697
11960,1,6929
11960,1,9224
1496,0,11961
1889,0,11961
5081,0,11961
10400,2,11961
11961,1,5970
11961,1,6280
11961,1,6367
11961,1,6480
11961,1,6871
11961,1,6946
11961,1,8337
2094,0,11962
4317,0,11962
10400,2,11962
11962,1,5936
11962,1,5987
11962,1,6079
11962,1,6181
11962,1,6206
11962,1,6295
11962,1,6733
11962,1,6900
243,0,11963
5082,0,11963
10400,2,11963
11963,1,5992
11963,1,6084
11963,1,6242
11963,1,8022
11963,1,10374
367,0,11964
879,0,11964
1008,0,11964
1333,0,11964
10400,2,11964
11964,1,6242
11964,1,6314
11964,1,6420
11964,1,7113
11964,1,7507
11964,1,7571
11964,1,9878
1204,0,11965
3421,0,11965
10400,2,11965
11965,1,5921
11965,1,6075
11965,1,6235
11965,1,6265
11965,1,7334
11965,1,7858
11965,1,8597
367,0,11966
879,0,11966
1008,0,11966
1333,0,11966
10400,2,11966
11966,1,5956
11966,1,6084
11966,1,6242
11966,1,6314
11966,1,6675
11966,1,7169
11966,1,7571
2881,0,11967
10400,2,11967
11967,1,6264
11967,1,6265
11967,1,7135
11967,1,7618
942,0,11968
4085,0,11968
5083,0,11968
10400,2,11968
11968,1,5978
11968,1,6084
11968,1,6397
11968,1,6485
1826,0,11969
5085,0,11969
10400,2,11969
11969,1,5970
11969,1,6087
11969,1,6604
11969,1,6627
11969,1,6738
11969,1,6739
11969,1,8025
11969,1,8645
122,0,11970
2618,0,11970
5084,0,11970
5086,0,11970
10400,2,11970
11970,1,5929
11970,1,6022
11970,1,8474
11970,1,9849
82,0,11971
943,0,11971
978,0,11971
2081,0,11971
10400,2,11971
11971,1,5921
11971,1,6039
11971,1,6242
11971,1,6344
11971,1,6410
4353,0,11972
4354,0,11972
10400,2,11972
11972,1,6039
11972,1,6181
11972,1,6215
11972,1,6269
11972,1,6367
11972,1,6837
11972,1,6871
11972,1,8344
11972,1,9786
11972,1,10375
2077,0,11973
2078,0,11973
4304,0,11973
10400,2,11973
11973,1,6078
11973,1,6181
11973,1,6250
11973,1,6435
11973,1,7005
11973,1,7448
11973,1,9667
2571,0,11974
2829,0,11974
10400,2,11974
11974,1,5921
11974,1,5956
11974,1,7068
11974,1,7110
11974,1,7938
11974,1,8602
11974,1,10295
2850,0,11975
2864,0,11975
10400,2,11975
11975,1,6181
11975,1,6242
11975,1,6269
11975,1,6295
11975,1,6462
11975,1,6475
11975,1,8958
11975,1,9745
1320,0,11976
1321,0,11976
10400,2,11976
11976,1,5951
11976,1,5991
11976,1,6071
11976,1,6420
11976,1,6645
11976,1,10376
130,0,11977
131,0,11977
574,0,11977
10400,2,11977
11977,1,5916
11977,1,6118
11977,1,6229
11977,1,6798
11977,1,6823
11977,1,6943
11977,1,7038
101,0,11978
130,0,11978
131,0,11978
574,0,11978
10400,2,11978
11978,1,5916
11978,1,6083
11978,1,6229
11978,1,6798
11978,1,6943
11978,1,7438
423,0,11979
3105,0,11979
3108,0,11979
10400,2,11979
11979,1,5936
11979,1,5938
11979,1,5970
11979,1,6075
11979,1,6197
11979,1,6250
11979,1,6733
11979,1,7652
11979,1,7729
11979,1,7730
2418,0,11980
3189,0,11980
5087,0,11980
10400,2,11980
11980,1,5921
11980,1,6235
11980,1,6530
11980,1,6697
11980,1,6738
11980,1,7136
4349,0,11981
4676,0,11981
10400,2,11981
11981,1,5922
11981,1,6028
11981,1,6356
11981,1,6890
1321,0,11982
5037,0,11982
10400,2,11982
11982,1,5970
11982,1,5978
11982,1,6079
11982,1,6303
11982,1,6738
11982,1,6739
11982,1,7847
3987,0,11983
5088,0,11983
10400,2,11983
11983,1,5940
11983,1,6100
11983,1,6229
11983,1,6557
11983,1,6843
11983,1,7959
5089,0,11984
5090,0,11984
10400,2,11984
11984,1,6078
11984,1,6079
11984,1,6250
11984,1,6435
11984,1,6475
11984,1,6603
11984,1,6645
11984,1,6788
11984,1,7448
637,0,11985
3987,0,11985
5091,0,11985
10400,2,11985
11985,1,5936
11985,1,5978
11985,1,6005
11985,1,6012
11985,1,6572
2113,0,11986
4332,0,11986
10400,2,11986
11986,1,6118
11986,1,6321
11986,1,6814
11986,1,7740
11986,1,7836
11986,1,8030
1652,0,11987
2794,0,11987
4007,0,11987
10400,2,11987
11987,1,5987
11987,1,6400
11987,1,6537
242,0,11988
269,0,11988
2420,0,11988
10400,2,11988
11988,1,5996
11988,1,6086
11988,1,6242
11988,1,6250
11988,1,6705
11988,1,7812
2077,0,11989
2078,0,11989
4304,0,11989
4362,0,11989
4363,0,11989
4379,0,11989
5092,0,11989
5093,0,11989
5094,0,11989
10400,2,11989
11989,1,6242
11989,1,6264
11989,1,6265
11989,1,6946
11989,1,7867
11989,1,8442
11989,1,8483
2208,0,11990
2978,0,11990
4466,0,11990
5095,0,11990
10400,2,11990
11990,1,5992
11990,1,6242
11990,1,6250
11990,1,6697
11990,1,6707
11990,1,7081
1001,0,11991
1240,0,11991
10400,2,11991
11991,1,6250
11991,1,6352
11991,1,6410
11991,1,7970
1001,0,11992
1240,0,11992
10400,2,11992
11992,1,5978
11992,1,6036
11992,1,6410
11992,1,6486
11992,1,6831
11992,1,7095
1001,0,11993
1240,0,11993
5096,0,11993
10400,2,11993
11993,1,6405
11993,1,6410
11993,1,6697
11993,1,6879
11993,1,8381
1430,0,11994
2105,0,11994
5097,0,11994
10400,2,11994
11994,1,6242
11994,1,6264
11994,1,6265
11994,1,9712
1002,0,11995
1764,0,11995
10400,2,11995
11995,1,6203
11995,1,6386
11995,1,6499
11995,1,6576
11995,1,6744
11995,1,6814
11995,1,7593
3229,0,11996
5098,0,11996
10400,2,11996
11996,1,5929
11996,1,5931
11996,1,5947
11996,1,6039
11996,1,6276
11996,1,6386
11996,1,6486
11996,1,6614
11996,1,7038
573,0,11997
1529,0,11997
5099,0,11997
5100,0,11997
10400,2,11997
11997,1,5936
11997,1,6078
11997,1,6079
11997,1,6250
11997,1,6435
11997,1,7448
11997,1,9789
573,0,11998
1529,0,11998
2324,0,11998
10400,2,11998
11998,1,5936
11998,1,6242
11998,1,6258
11998,1,6264
11998,1,7038
11998,1,8390
1661,0,11999
2289,0,11999
2290,0,11999
5101,0,11999
10400,2,11999
11999,1,6079
11999,1,6207
11999,1,6250
11999,1,6621
11999,1,6919
11999,1,7139
11999,1,8135
11999,1,9367
2289,0,12000
2290,0,12000
5101,0,12000
10400,2,12000
12000,1,5921
12000,1,5936
12000,1,6117
12000,1,6180
12000,1,6352
12000,1,6461
12000,1,7970
3053,0,12001
4633,0,12001
5102,0,12001
10400,2,12001
12001,1,6250
12001,1,6404
12001,1,6405
12001,1,8907
941,0,12002
3759,0,12002
4691,0,12002
10400,2,12002
12002,1,5970
12002,1,6051
12002,1,6352
12002,1,6528
12002,1,6807
12002,1,6906
12002,1,7537
12002,1,7571
4640,0,12003
5103,0,12003
5104,0,12003
10400,2,12003
12003,1,5978
12003,1,6161
12003,1,6171
12003,1,7959
12003,1,8184
1572,0,12004
3150,0,12004
10400,2,12004
12004,1,5929
12004,1,5970
12004,1,5987
12004,1,6086
12004,1,6301
12004,1,6651
12004,1,6943
12004,1,7318
12004,1,7437
12004,1,8483
12004,1,9660
12004,1,10377
1652,0,12005
2794,0,12005
10400,2,12005
12005,1,5987
12005,1,6607
12005,1,8572
1534,0,12006
2206,0,12006
2386,0,12006
2762,0,12006
3513,0,12006
4358,0,12006
10400,2,12006
12006,1,5947
12006,1,6276
12006,1,6344
12006,1,6406
12006,1,6486
12006,1,6814
2036,0,12007
3773,0,12007
10400,2,12007
12007,1,5929
12007,1,6005
12007,1,6193
12007,1,6386
398,0,12008
399,0,12008
3493,0,12008
3494,0,12008
10400,2,12008
12008,1,6075
12008,1,6519
12008,1,6676
12008,1,8030
12008,1,8505
12008,1,8597
5105,0,12009
10400,2,12009
12009,1,6018
12009,1,6023
12009,1,6569
12009,1,6760
12009,1,6772
1746,0,12010
5105,0,12010
10400,2,12010
12010,1,5992
12010,1,6242
12010,1,6389
12010,1,7065
12010,1,7856
12010,1,8465
4186,0,12011
10400,2,12011
12011,1,6014
12011,1,6089
12011,1,6250
12011,1,6291
12011,1,6439
12011,1,6604
12011,1,6900
12011,1,7765
2900,0,12012
3205,0,12012
3600,0,12012
10400,2,12012
12012,1,6242
12012,1,6265
12012,1,7216
12012,1,7530
12012,1,9408
12012,1,9466
5106,0,12013
5107,0,12013
10400,2,12013
12013,1,6118
12013,1,6242
12013,1,6250
12013,1,6386
12013,1,6444
12013,1,6881
12013,1,9001
1130,0,12014
2138,0,12014
4629,0,12014
10400,2,12014
12014,1,6242
12014,1,6249
12014,1,6250
12014,1,6398
12014,1,10378
1130,0,12015
2138,0,12015
4629,0,12015
10400,2,12015
12015,1,5949
12015,1,6024
12015,1,6050
12015,1,6118
12015,1,6157
12015,1,6269
12015,1,6280
12015,1,7047
12015,1,7090
12015,1,10379
1130,0,12016
1235,0,12016
1433,0,12016
2138,0,12016
2506,0,12016
4629,0,12016
10400,2,12016
12016,1,6024
12016,1,6242
12016,1,6337
12016,1,6356
12016,1,6435
12016,1,6875
12016,1,8612
230,0,12017
2125,0,12017
4358,0,12017
10400,2,12017
12017,1,5921
12017,1,5936
12017,1,6197
12017,1,6250
12017,1,6352
12017,1,6697
12017,1,7758
12017,1,9711
230,0,12018
2125,0,12018
4358,0,12018
4359,0,12018
10400,2,12018
12018,1,5921
12018,1,6253
12018,1,6334
12018,1,6352
12018,1,6697
12018,1,6981
170,0,12019
5108,0,12019
5109,0,12019
10400,2,12019
12019,1,6242
12019,1,6280
12019,1,6281
12019,1,6575
12019,1,7090
12019,1,7517
283,0,12020
286,0,12020
10400,2,12020
12020,1,5970
12020,1,6109
12020,1,6351
12020,1,6590
12020,1,6621
12020,1,7126
12020,1,7318
283,0,12021
286,0,12021
10400,2,12021
12021,1,5936
12021,1,5991
12021,1,6081
12021,1,6083
12021,1,6109
12021,1,6575
12021,1,7768
375,0,12022
3166,0,12022
10400,2,12022
12022,1,5978
12022,1,6181
12022,1,6506
12022,1,7001
12022,1,7439
1504,0,12023
4879,0,12023
5044,0,12023
10400,2,12023
12023,1,6009
12023,1,6242
12023,1,6361
12023,1,6625
12023,1,7090
12023,1,9056
3251,0,12024
4008,0,12024
10400,2,12024
12024,1,6075
12024,1,6738
12024,1,6739
12024,1,7730
670,0,12025
2371,0,12025
4959,0,12025
10400,2,12025
12025,1,6250
12025,1,6280
12025,1,6321
12025,1,6509
12025,1,6625
12025,1,7745
2926,0,12026
2927,0,12026
10400,2,12026
12026,1,5970
12026,1,6171
12026,1,6250
12026,1,6608
12026,1,6720
12026,1,7317
12026,1,7418
12026,1,7504
12026,1,8223
1175,0,12027
4027,0,12027
10400,2,12027
12027,1,6301
12027,1,6365
12027,1,6798
12027,1,6943
61,0,12028
1435,0,12028
2359,0,12028
4740,0,12028
10400,2,12028
12028,1,5992
12028,1,6242
12028,1,6250
12028,1,6263
12028,1,6282
12028,1,7434
12028,1,7540
61,0,12029
1435,0,12029
2359,0,12029
10400,2,12029
12029,1,5992
12029,1,6126
12029,1,6143
12029,1,6242
12029,1,6300
12029,1,6397
12029,1,6471
12029,1,7501
12029,1,10304
1553,0,12030
3522,0,12030
4405,0,12030
10400,2,12030
12030,1,5923
12030,1,6079
12030,1,6269
12030,1,6405
12030,1,6420
12030,1,6890
12030,1,7056
12030,1,7454
1333,0,12031
1553,0,12031
10400,2,12031
12031,1,6153
12031,1,6383
12031,1,6656
12031,1,7018
12031,1,8848
903,0,12032
5110,0,12032
5111,0,12032
10400,2,12032
12032,1,6083
12032,1,6109
12032,1,6343
271,0,12033
2251,0,12033
4115,0,12033
5112,0,12033
10400,2,12033
12033,1,5956
12033,1,5970
12033,1,6250
12033,1,6254
12033,1,6263
12033,1,6475
12033,1,6526
12033,1,6621
12033,1,8699
237,0,12034
279,0,12034
440,0,12034
1313,0,12034
10400,2,12034
12034,1,5929
12034,1,6018
12034,1,6733
12034,1,7337
880,0,12035
1430,0,12035
4557,0,12035
10400,2,12035
12035,1,5919
12035,1,5929
12035,1,5936
12035,1,6738
12035,1,7650
12035,1,8998
2339,0,12036
3598,0,12036
5113,0,12036
10400,2,12036
12036,1,6009
12036,1,6425
12036,1,6625
12036,1,6811
12036,1,7163
2339,0,12037
3598,0,12037
5113,0,12037
10400,2,12037
12037,1,5970
12037,1,6009
12037,1,6390
12037,1,6425
12037,1,6475
12037,1,6625
12037,1,6694
12037,1,6811
12037,1,6825
52,0,12038
277,0,12038
10400,2,12038
12038,1,5929
12038,1,6235
12038,1,6573
12038,1,7749
12038,1,7874
367,0,12039
879,0,12039
880,0,12039
1333,0,12039
10400,2,12039
12039,1,6071
12039,1,6242
12039,1,6410
12039,1,6475
12039,1,6575
12039,1,6705
12039,1,6772
181,0,12040
210,0,12040
233,0,12040
879,0,12040
5114,0,12040
10400,2,12040
12040,1,6242
12040,1,6250
12040,1,6283
12040,1,6315
12040,1,7142
12040,1,7438
12040,1,7444
12040,1,9509
879,0,12041
880,0,12041
10400,2,12041
12041,1,6250
12041,1,6645
12041,1,7438
12041,1,7718
12041,1,7742
12041,1,8618
12041,1,10380
880,0,12042
1430,0,12042
2605,0,12042
10400,2,12042
12042,1,5962
12042,1,6242
12042,1,6250
12042,1,6560
12042,1,6738
12042,1,8653
928,0,12043
1589,0,12043
3411,0,12043
10400,2,12043
12043,1,5936
12043,1,6050
12043,1,6079
12043,1,6315
12043,1,6351
12043,1,6621
12043,1,8707
12043,1,10381
181,0,12044
880,0,12044
2916,0,12044
10400,2,12044
12044,1,6268
12044,1,6334
12044,1,6625
12044,1,8490
12044,1,9366
225,0,12045
245,0,12045
260,0,12045
3800,0,12045
10400,2,12045
12045,1,6003
12045,1,6410
12045,1,7245
12045,1,7954
12045,1,8729
1235,0,12046
1433,0,12046
5115,0,12046
10400,2,12046
12046,1,5936
12046,1,5970
12046,1,6079
12046,1,6206
12046,1,6242
12046,1,6280
12046,1,6281
12046,1,6565
12046,1,6733
12046,1,7742
1874,0,12047
2767,0,12047
3195,0,12047
5116,0,12047
10400,2,12047
12047,1,6087
12047,1,6185
12047,1,6337
12047,1,7418
12047,1,7424
12047,1,7656
12047,1,9395
12047,1,10382
91,0,12048
882,0,12048
3815,0,12048
10400,2,12048
12048,1,5946
12048,1,6118
12048,1,6253
12048,1,6719
12048,1,7448
1865,0,12049
2451,0,12049
2783,0,12049
2784,0,12049
2785,0,12049
10400,2,12049
12049,1,6075
12049,1,6088
12049,1,6089
12049,1,6242
12049,1,6250
12049,1,7730
12049,1,10383
4463,0,12050
10400,2,12050
12050,1,5936
12050,1,6247
12050,1,6276
12050,1,6362
12050,1,7422
12050,1,7699
1430,0,12051
2105,0,12051
4185,0,12051
10400,2,12051
12051,1,6301
12051,1,6320
12051,1,6388
12051,1,6557
12051,1,7200
12051,1,7818
12051,1,8278
12051,1,10384
2289,0,12052
2290,0,12052
4696,0,12052
10400,2,12052
12052,1,5949
12052,1,5970
12052,1,6117
12052,1,6118
12052,1,6352
12052,1,6697
12052,1,6881
12052,1,8197
12052,1,8465
1357,0,12053
2090,0,12053
2092,0,12053
10400,2,12053
12053,1,5992
12053,1,6079
12053,1,6167
12053,1,6364
12053,1,7040
12053,1,7129
12053,1,7228
2900,0,12054
3535,0,12054
4016,0,12054
10400,2,12054
12054,1,5936
12054,1,5970
12054,1,6250
12054,1,6328
12054,1,7448
12054,1,7602
12054,1,9667
12054,1,10385
2900,0,12055
3535,0,12055
4016,0,12055
10400,2,12055
12055,1,6079
12055,1,6250
12055,1,6264
12055,1,6351
12055,1,6788
12055,1,7200
12055,1,7768
636,0,12056
637,0,12056
1676,0,12056
10400,2,12056
12056,1,5921
12056,1,5924
12056,1,6212
12056,1,7136
12056,1,7225
12056,1,10386
1431,0,12057
1887,0,12057
2018,0,12057
4161,0,12057
10400,2,12057
12057,1,6050
12057,1,6242
12057,1,6280
12057,1,6420
12057,1,6625
12057,1,7052
1212,0,12058
2042,0,12058
2104,0,12058
10400,2,12058
12058,1,6081
12058,1,6109
12058,1,6242
12058,1,6264
12058,1,6304
12058,1,7005
12058,1,10387
323,0,12059
573,0,12059
1479,0,12059
1534,0,12059
1556,0,12059
2206,0,12059
2386,0,12059
2390,0,12059
10400,2,12059
12059,1,5980
12059,1,5992
12059,1,6181
12059,1,6183
12059,1,6194
12059,1,6406
12059,1,8548
12059,1,10388
403,0,12060
731,0,12060
5118,0,12060
10400,2,12060
12060,1,5929
12060,1,6003
12060,1,6948
12060,1,6989
12060,1,8504
12060,1,8695
1534,0,12061
1887,0,12061
2206,0,12061
2386,0,12061
5119,0,12061
10400,2,12061
12061,1,5929
12061,1,5936
12061,1,6079
12061,1,6250
12061,1,6386
12061,1,6674
12061,1,6871
12061,1,8499
12061,1,10389
1504,0,12062
4879,0,12062
10400,2,12062
12062,1,5936
12062,1,6242
12062,1,6321
12062,1,6575
12062,1,7305
12062,1,9753
573,0,12063
2373,0,12063
10400,2,12063
12063,1,5943
12063,1,6014
12063,1,6035
12063,1,6242
12063,1,6583
573,0,12064
2373,0,12064
10400,2,12064
12064,1,6149
12064,1,6242
12064,1,6463
12064,1,6843
12064,1,7056
532,0,12065
2697,0,12065
2738,0,12065
10400,2,12065
12065,1,6052
12065,1,6237
12065,1,6250
12065,1,6287
12065,1,6356
12065,1,6541
12065,1,7745
12065,1,8228
4314,0,12066
4315,0,12066
10400,2,12066
12066,1,5936
12066,1,5970
12066,1,6079
12066,1,6118
12066,1,6575
12066,1,6639
12066,1,6843
12066,1,8318
668,0,12067
2560,0,12067
5120,0,12067
5121,0,12067
10400,2,12067
12067,1,5921
12067,1,6095
12067,1,6250
12067,1,6265
12067,1,6788
12067,1,9105
618,0,12068
3294,0,12068
10400,2,12068
12068,1,5936
12068,1,5996
12068,1,6171
12068,1,6250
12068,1,6801
12068,1,7418
12068,1,7836
12068,1,8277
181,0,12069
2916,0,12069
10400,2,12069
12069,1,6118
12069,1,6250
12069,1,6283
12069,1,6305
12069,1,7594
12069,1,7980
12069,1,8039
12069,1,8355
181,0,12070
880,0,12070
2916,0,12070
10400,2,12070
12070,1,5967
12070,1,6242
12070,1,6625
12070,1,7910
12070,1,8490
12070,1,10311
402,0,12071
573,0,12071
1158,0,12071
5071,0,12071
10400,2,12071
12071,1,5937
12071,1,6007
12071,1,6024
12071,1,7441
12071,1,8531
12071,1,9463
1660,0,12072
3515,0,12072
4712,0,12072
10400,2,12072
12072,1,6089
12072,1,6131
12072,1,6203
12072,1,6253
12072,1,6280
12072,1,6390
12072,1,7481
2223,0,12073
2226,0,12073
2237,0,12073
10400,2,12073
12073,1,5970
12073,1,6295
12073,1,6461
12073,1,6462
12073,1,7047
12073,1,7608
12073,1,9795
1167,0,12074
5122,0,12074
10400,2,12074
12074,1,5991
12074,1,6301
12074,1,6612
12074,1,6943
12074,1,6948
12074,1,7721
12074,1,8500
2931,0,12075
3218,0,12075
3840,0,12075
5073,0,12075
10400,2,12075
12075,1,5919
12075,1,5996
12075,1,6269
12075,1,6424
12075,1,6510
12075,1,7213
12075,1,7638
12075,1,10390
1157,0,12076
1326,0,12076
10400,2,12076
12076,1,5921
12076,1,6012
12076,1,6945
12076,1,7511
12076,1,8034
12076,1,8373
257,0,12077
2751,0,12077
10400,2,12077
12077,1,6206
12077,1,7100
12077,1,8606
257,0,12078
2751,0,12078
5123,0,12078
10400,2,12078
12078,1,5953
12078,1,5964
12078,1,6153
12078,1,6405
12078,1,6648
12078,1,7439
2932,0,12079
5124,0,12079
10400,2,12079
12079,1,5970
12079,1,6242
12079,1,9055
12079,1,9681
12079,1,10391
402,0,12080
573,0,12080
10400,2,12080
12080,1,5940
12080,1,5978
12080,1,5996
12080,1,5999
12080,1,6079
12080,1,6171
12080,1,6334
12080,1,6925
12080,1,6948
12080,1,7418
209,0,12081
3817,0,12081
3818,0,12081
5125,0,12081
10400,2,12081
12081,1,5970
12081,1,6279
12081,1,6304
12081,1,6369
12081,1,6621
12081,1,6625
12081,1,6783
12081,1,9565
1263,0,12082
4537,0,12082
10400,2,12082
12082,1,5936
12082,1,6079
12082,1,6183
12082,1,6280
12082,1,6575
12082,1,8678
209,0,12083
3817,0,12083
3818,0,12083
3819,0,12083
10400,2,12083
12083,1,5937
12083,1,6239
12083,1,6242
12083,1,6250
12083,1,6420
12083,1,6761
12083,1,7893
12083,1,10282
1928,0,12084
2585,0,12084
5126,0,12084
5127,0,12084
5128,0,12084
10400,2,12084
12084,1,6235
12084,1,6551
12084,1,6573
12084,1,6924
12084,1,7506
12084,1,7632
12084,1,8592
1031,0,12085
1790,0,12085
10400,2,12085
12085,1,5992
12085,1,6206
12085,1,6242
12085,1,6304
12085,1,6336
12085,1,6392
12085,1,7585
12085,1,8755
991,0,12086
4697,0,12086
4989,0,12086
10400,2,12086
12086,1,5945
12086,1,6118
12086,1,6242
12086,1,6436
12086,1,6575
12086,1,7591
12086,1,7704
4314,0,12087
5129,0,12087
10400,2,12087
12087,1,5916
12087,1,5921
12087,1,6250
12087,1,6798
1235,0,12088
1433,0,12088
2239,0,12088
10400,2,12088
12088,1,5936
12088,1,5941
12088,1,6197
12088,1,6206
12088,1,6265
12088,1,6920
12088,1,7306
12088,1,7307
12088,1,9701
1962,0,12089
3494,0,12089
5130,0,12089
10400,2,12089
12089,1,5936
12089,1,5951
12089,1,6075
12089,1,6078
12089,1,6435
12089,1,6620
12089,1,7225
12089,1,7730
746,0,12090
1397,0,12090
3842,0,12090
10400,2,12090
12090,1,6087
12090,1,6301
12090,1,6386
12090,1,6420
12090,1,6943
1504,0,12091
3391,0,12091
3797,0,12091
10400,2,12091
12091,1,5929
12091,1,5992
12091,1,6157
12091,1,6716
12091,1,6832
269,0,12092
2353,0,12092
2420,0,12092
2510,0,12092
2832,0,12092
5131,0,12092
10400,2,12092
12092,1,6242
12092,1,6250
12092,1,6258
12092,1,6410
12092,1,9656
195,0,12093
1504,0,12093
3797,0,12093
5132,0,12093
10400,2,12093
12093,1,6166
12093,1,6242
12093,1,6483
12093,1,6645
12093,1,7090
12093,1,7515
12093,1,8668
12093,1,10392
89,0,12094
393,0,12094
573,0,12094
1534,0,12094
2389,0,12094
4784,0,12094
10400,2,12094
12094,1,5929
12094,1,6337
12094,1,6386
12094,1,6945
12094,1,7437
12094,1,9158
3869,0,12095
3876,0,12095
10400,2,12095
12095,1,5929
12095,1,6050
12095,1,6625
12095,1,9550
12095,1,10393
2420,0,12096
2482,0,12096
2510,0,12096
4266,0,12096
10400,2,12096
12096,1,6052
12096,1,6242
12096,1,6295
12096,1,7500
12096,1,9656
565,0,12097
574,0,12097
5141,0,12097
10401,2,12097
12097,1,6079
12097,1,6529
12097,1,6814
12097,1,9042
657,0,12100
3258,0,12100
3946,0,12100
10401,2,12100
12100,1,6052
12100,1,6079
12100,1,6482
12100,1,6868
12100,1,7560
12100,1,7584
12100,3,14184
12100,3,14183
12100,3,13791
12100,3,12192
12100,3,12890
659,0,12101
661,0,12101
662,0,12101
10401,2,12101
12101,1,5943
12101,1,7245
12101,1,9044
12101,3,12351
2183,0,12103
2185,0,12103
2275,0,12103
2278,0,12103
10401,2,12103
12103,1,5921
12103,1,5996
12103,1,6116
12103,1,6617
12103,1,7735
12103,1,8623
493,0,12105
1728,0,12105
2455,0,12105
10401,2,12105
12105,1,5929
12105,1,6172
12105,1,6390
12105,1,8318
12105,1,8352
12105,1,9046
12105,3,12832
12105,3,12250
12105,3,12220
12105,3,12310
1474,0,12106
3983,0,12106
10401,2,12106
12106,1,5997
12106,1,6572
12106,1,7109
12106,1,7985
4114,0,12108
5170,0,12108
10401,2,12108
12108,1,5921
12108,1,5966
12108,1,5978
12108,1,6131
12108,1,6334
12108,1,6798
12108,1,6948
12108,1,8390
12108,3,12290
3978,0,12110
5171,0,12110
5172,0,12110
10401,2,12110
12110,1,5921
12110,1,6181
12110,1,6314
12110,1,7068
12110,1,7310
12110,1,9047
12110,1,9048
12110,3,12128
811,0,12111
2694,0,12111
10401,2,12111
12111,1,6697
12111,1,9049
565,0,12112
574,0,12112
644,0,12112
10401,2,12112
12112,1,5921
12112,1,5940
12112,1,6079
12112,1,6217
12112,1,6529
12112,1,6663
12112,1,6814
12112,3,12216
12112,3,12097
12112,3,12347
12112,3,12811
495,0,12113
10401,2,12113
12113,1,6109
12113,1,7005
12113,1,7422
12113,1,7423
12113,1,9050
2269,0,12115
2274,0,12115
2275,0,12115
5173,0,12115
10401,2,12115
12115,1,5919
12115,1,6052
12115,1,6345
12115,1,6943
12115,1,7032
12115,1,7056
3978,0,12116
5143,0,12116
10401,2,12116
12116,1,5918
12116,1,6172
12116,1,7104
12116,1,8904
28,0,12117
812,0,12117
2974,0,12117
10401,2,12117
12117,1,5921
12117,1,6050
12117,1,6052
12117,1,6130
3978,0,12118
5171,0,12118
10401,2,12118
12118,1,5918
12118,1,5923
12118,1,6890
12118,1,7068
12118,1,7959
12118,1,8501
12118,3,12310
107,0,12119
2449,0,12119
10401,2,12119
12119,1,5921
12119,1,5970
12119,1,6250
12119,1,6321
12119,1,6674
12119,1,8512
12119,1,9051
1680,0,12120
2449,0,12120
4747,0,12120
5175,0,12120
10401,2,12120
12120,1,5921
12120,1,5970
12120,1,6529
12120,1,6814
12120,1,8025
12120,1,9051
12120,3,12119
798,0,12121
5176,0,12121
10401,2,12121
12121,1,5932
12121,1,6250
12121,1,6587
12121,1,6674
12121,1,6766
12121,1,7486
12121,1,8519
12121,1,9052
1321,0,12122
5023,0,12122
5037,0,12122
5141,0,12122
10401,2,12122
12122,1,5996
12122,1,6022
12122,1,6086
12122,1,6969
12122,1,7687
12122,1,7688
12122,1,7885
12122,1,7907
12122,1,9053
493,0,12123
2960,0,12123
10401,2,12123
12123,1,5936
12123,1,6087
12123,1,6471
12123,1,6627
12123,1,7224
12123,3,15620
2268,0,12124
3088,0,12124
3964,0,12124
4094,0,12124
10401,2,12124
12124,1,5921
12124,1,5966
12124,1,5970
12124,1,6587
12124,1,7301
12124,1,7385
659,0,12125
671,0,12125
10401,2,12125
12125,1,5921
12125,1,6857
12125,1,7366
12125,1,8005
12125,1,8165
12125,1,8369
1141,0,12127
5178,0,12127
10401,2,12127
12127,1,5921
12127,1,6007
12127,1,6183
12127,1,6247
12127,1,6265
12127,1,6607
12127,1,8025
1349,0,12129
4453,0,12129
10401,2,12129
12129,1,5921
12129,1,6065
12129,1,6297
12129,1,7022
12129,3,12251
12129,3,12267
12129,3,12285
12129,3,12259
12129,3,12269
12129,3,12169
12129,3,10935
93,0,12130
94,0,12130
10401,2,12130
12130,1,5921
12130,1,6181
12130,1,6207
12130,1,6305
12130,1,6870
12130,1,6954
12130,1,7164
12130,1,7963
12130,1,8014
12130,1,8052
12130,1,8403
12130,1,9057
12130,1,9058
12130,3,12133
12130,3,12190
12130,3,12132
93,0,12131
94,0,12131
10401,2,12131
12131,1,6142
12131,1,6420
12131,1,6851
12131,1,7841
12131,1,7891
12131,1,7964
12131,1,7965
12131,1,9059
12131,1,9060
93,0,12132
94,0,12132
10401,2,12132
12132,1,5921
12132,1,6794
12132,1,6800
12132,1,6851
12132,1,6940
12132,1,8056
12132,3,12133
1677,0,12134
2464,0,12134
10401,2,12134
12134,1,5936
12134,1,6252
12134,1,7049
12134,1,8430
12134,1,8591
1677,0,12135
1793,0,12135
2464,0,12135
10401,2,12135
12135,1,5921
12135,1,6305
12135,1,6572
12135,1,6635
12135,1,9061
12135,3,12304
1146,0,12136
10401,2,12136
12136,1,5921
12136,1,6013
12136,1,6627
12136,1,7145
741,0,12138
4762,0,12138
10401,2,12138
12138,1,5921
12138,1,6855
12138,1,6869
12138,1,7026
12138,1,9062
12138,3,12133
12138,3,12207
2111,0,12139
2443,0,12139
3944,0,12139
10401,2,12139
12139,1,5947
12139,1,6486
12139,1,7049
12139,3,12304
12139,3,14255
12139,3,10743
4101,0,12140
4474,0,12140
5180,0,12140
10401,2,12140
12140,1,6164
12140,1,6297
12140,1,6452
12140,1,6697
12140,1,9063
12140,3,12343
817,0,12141
1209,0,12141
10401,2,12141
12141,1,6003
12141,1,6405
12141,1,6697
12141,1,7464
12141,1,8373
12141,1,8671
782,0,12142
10401,2,12142
12142,1,5929
12142,1,6065
12142,1,6164
12142,1,6297
12142,1,6525
12142,1,6959
12142,1,7005
12142,1,7068
12142,1,7379
12142,1,7385
12142,1,7547
12142,1,7924
12142,1,8046
782,0,12143
4473,0,12143
10401,2,12143
12143,1,5929
12143,1,6065
12143,1,6164
12143,1,6185
12143,1,6253
12143,1,6359
12143,1,6647
12143,1,7005
12143,1,7068
12143,1,7422
12143,1,8461
649,0,12144
10401,2,12144
12144,1,6096
12144,1,8703
12144,1,9064
780,0,12145
3969,0,12145
5181,0,12145
10401,2,12145
12145,1,5929
12145,1,6193
12145,1,6475
12145,1,8550
12145,3,13897
12145,3,12253
12145,3,12224
828,0,12147
3804,0,12147
10401,2,12147
12147,1,6641
12147,1,6795
12147,1,6925
12147,1,7448
12147,1,9065
12147,3,11801
12147,3,13332
12147,3,11799
3231,0,12148
4527,0,12148
10401,2,12148
12148,1,5929
12148,1,6050
12148,1,6166
12148,1,7615
12148,1,8623
3229,0,12149
4093,0,12149
10401,2,12149
12149,1,5929
12149,1,6052
12149,1,6078
12149,1,6118
12149,1,6322
12149,1,6337
12149,1,6475
12149,1,6620
12149,1,6747
12149,1,6902
12149,1,7422
12149,1,7423
1569,0,12150
5182,0,12150
10401,2,12150
12150,1,5921
12150,1,5936
12150,1,5962
12150,1,6642
12150,1,8592
748,0,12151
5183,0,12151
10401,2,12151
12151,1,5921
12151,1,5978
12151,1,6073
12151,1,6163
12151,1,6200
12151,1,6485
1227,0,12153
2282,0,12153
10401,2,12153
12153,1,5929
12153,1,5996
12153,1,6195
12153,1,6196
12153,1,7256
1227,0,12154
2282,0,12154
10401,2,12154
12154,1,5929
12154,1,6195
12154,1,6196
12154,1,6203
12154,1,6499
12154,1,7256
12154,1,8606
12154,3,12153
1564,0,12155
2452,0,12155
2691,0,12155
10401,2,12155
12155,1,5921
12155,1,5943
12155,1,6194
12155,1,6764
12155,1,7032
12155,1,8829
590,0,12156
881,0,12156
1861,0,12156
10401,2,12156
12156,1,5937
12156,1,6097
12156,1,7971
12156,1,8342
73,0,12158
5184,0,12158
10401,2,12158
12158,1,6065
12158,1,6079
12158,1,6297
12158,1,6525
12158,1,6814
12158,3,13020
12158,3,12347
12158,3,12112
12158,3,12333
12158,3,12823
36,0,12159
1854,0,12159
2454,0,12159
10401,2,12159
12159,1,6195
12159,1,6196
12159,1,6786
12159,1,6854
12159,1,6880
12159,1,7307
12159,1,7897
12159,1,9069
4461,0,12160
10401,2,12160
12160,1,5929
12160,1,6052
12160,1,6301
12160,1,6386
12160,1,6560
12160,1,6943
12160,1,7056
12160,1,9070
12160,3,12260
1225,0,12163
2292,0,12163
10401,2,12163
12163,1,5983
12163,1,5991
12163,1,6014
12163,1,6018
12163,1,6083
12163,1,6089
12163,1,6097
12163,1,7537
12163,1,8905
769,0,12164
1771,0,12164
3900,0,12164
5166,0,12164
10401,2,12164
12164,1,5921
12164,1,5951
12164,1,6052
12164,1,6118
12164,1,6386
12164,1,6406
12164,1,7189
12164,1,7296
12164,1,9071
12164,3,13920
2269,0,12165
2455,0,12165
2465,0,12165
3973,0,12165
10401,2,12165
12165,1,6052
12165,1,6130
12165,1,7049
571,0,12167
650,0,12167
941,0,12167
1755,0,12167
10401,2,12167
12167,1,5921
12167,1,5978
12167,1,6071
12167,1,6410
12167,1,6485
3587,0,12169
10401,2,12169
12169,1,6126
12169,1,6250
12169,1,6386
12169,1,6406
12169,1,6674
12169,1,7296
12169,1,8512
800,0,12170
1110,0,12170
3587,0,12170
10401,2,12170
12170,1,5970
12170,1,6250
12170,1,6268
12170,1,6406
12170,1,6564
12170,1,6625
12170,1,9072
1056,0,12171
2166,0,12171
10401,2,12171
12171,1,5921
12171,1,6171
12171,1,6193
12171,1,6194
12171,1,6926
1056,0,12172
2166,0,12172
10401,2,12172
12172,1,5921
12172,1,6194
12172,1,6612
12172,1,7088
12172,1,8400
12172,1,8857
1056,0,12173
2166,0,12173
10401,2,12173
12173,1,6131
12173,1,6193
12173,1,7365
12173,1,7366
956,0,12174
3974,0,12174
3975,0,12174
10401,2,12174
12174,1,5922
12174,1,5936
12174,1,6131
12174,1,6301
12174,1,6943
12174,1,8550
4286,0,12175
4781,0,12175
10401,2,12175
12175,1,5921
12175,1,5978
12175,1,6697
12175,1,7068
12175,1,8012
12175,3,12377
12175,3,12110
103,0,12176
954,0,12176
10401,2,12176
12176,1,5921
12176,1,5927
12176,1,5975
12176,1,6139
12176,1,6194
12176,1,6247
12176,1,6334
12176,1,6884
12176,1,8197
955,0,12177
956,0,12177
10401,2,12177
12177,1,5996
12177,1,6197
12177,1,6687
12177,1,6688
12177,1,6737
12177,1,8672
4114,0,12178
5185,0,12178
10401,2,12178
12178,1,5921
12178,1,6187
12178,1,6250
12178,1,6444
12178,1,6475
12178,1,6574
12178,1,8034
12178,1,8248
12178,3,14325
766,0,12179
767,0,12179
788,0,12179
10401,2,12179
12179,1,5921
12179,1,5936
12179,1,6315
12179,1,6321
12179,1,6410
722,0,12180
973,0,12180
10401,2,12180
12180,1,5921
12180,1,6017
12180,1,6091
12180,1,6118
12180,1,6194
12180,1,6440
979,0,12182
1513,0,12182
5186,0,12182
10401,2,12182
12182,1,6612
12182,1,6768
12182,1,6892
12182,1,7495
12182,1,8352
12182,1,9076
748,0,12183
979,0,12183
1094,0,12183
10401,2,12183
12183,1,5921
12183,1,6194
12183,1,7759
706,0,12184
707,0,12184
4656,0,12184
10401,2,12184
12184,1,5936
12184,1,6301
12184,1,6414
12184,1,6615
12184,1,6943
12184,1,7437
12184,1,8322
12184,3,13087
1502,0,12185
1503,0,12185
5187,0,12185
10401,2,12185
12185,1,5996
12185,1,6039
12185,1,6202
12185,1,6739
12185,1,7154
12185,1,7262
12185,3,14271
12185,3,13956
2446,0,12186
10401,2,12186
12186,1,6305
12186,1,6873
12186,1,6989
12186,1,7198
12186,1,7891
12186,1,8143
507,0,12187
534,0,12187
1237,0,12187
2367,0,12187
10401,2,12187
12187,1,5918
12187,1,5921
12187,1,6149
12187,1,6193
12187,1,6359
12187,1,9078
12187,3,12230
2798,0,12188
5188,0,12188
10401,2,12188
12188,1,5921
12188,1,6169
12188,1,6675
12188,1,8715
20,0,12189
1198,0,12189
4090,0,12189
10401,2,12189
12189,1,6250
12189,1,6674
12189,1,7327
12189,1,7328
12189,1,8519
1445,0,12190
3977,0,12190
4776,0,12190
5038,0,12190
10401,2,12190
12190,1,5921
12190,1,6869
12190,1,7015
12190,1,8199
12190,1,8403
12190,1,9079
58,0,12191
406,0,12191
2155,0,12191
2485,0,12191
10401,2,12191
12191,1,5921
12191,1,6405
12191,1,6475
12191,1,8182
12191,1,8550
12191,1,8988
1635,0,12192
2302,0,12192
10401,2,12192
12192,1,6356
12192,1,6868
12192,1,7917
12192,1,8346
1040,0,12193
1047,0,12193
10401,2,12193
12193,1,5921
12193,1,5927
12193,1,5991
12193,1,6013
12193,1,6451
12193,1,7959
12193,1,8353
12193,1,9080
529,0,12194
2171,0,12194
10401,2,12194
12194,1,6655
12194,1,6656
12194,1,6660
12194,1,6688
12194,1,7518
12194,1,7954
12194,1,9081
12194,3,12862
1001,0,12195
1240,0,12195
10401,2,12195
12195,1,5921
12195,1,6301
12195,1,6410
12195,1,6943
12195,1,6968
12195,1,7095
12195,1,7615
12195,1,8722
1001,0,12196
1240,0,12196
5189,0,12196
10401,2,12196
12196,1,6250
12196,1,6410
12196,1,7615
12196,1,8083
12196,1,8453
12196,1,8595
12196,1,8632
1144,0,12197
1691,0,12197
3612,0,12197
10401,2,12197
12197,1,5970
12197,1,6086
12197,1,6255
12197,1,6328
12197,1,6626
12197,1,6726
12197,1,7238
12197,3,14079
12197,3,13981
12197,3,14286
12197,3,14181
12197,3,14125
12197,3,14284
12197,3,14012
1251,0,12198
2689,0,12198
3903,0,12198
10401,2,12198
12198,1,5921
12198,1,6235
12198,1,6337
12198,1,6697
12198,1,7438
12198,1,7846
12198,1,8034
12198,1,8373
12198,1,8584
12198,1,8705
73,0,12199
2111,0,12199
2443,0,12199
10401,2,12199
12199,1,6564
12199,1,7048
12199,1,7049
12199,1,7752
1459,0,12200
2376,0,12200
10401,2,12200
12200,1,6118
12200,1,6193
12200,1,6856
12200,1,6890
12200,1,6958
12200,1,7013
12200,3,12171
12200,3,12254
12200,3,12282
2348,0,12202
3199,0,12202
10401,2,12202
12202,1,5921
12202,1,6268
12202,1,8132
12202,1,9082
1318,0,12203
1523,0,12203
4632,0,12203
10401,2,12203
12203,1,5936
12203,1,5970
12203,1,6003
12203,1,6079
12203,1,6118
12203,1,6131
12203,1,6290
12203,1,6910
12203,1,8168
12203,1,9083
391,0,12204
4899,0,12204
10401,2,12204
12204,1,6096
12204,1,6250
12204,1,6529
12204,1,7049
4899,0,12205
5191,0,12205
10401,2,12205
12205,1,5921
12205,1,5936
12205,1,6024
12205,1,6131
12205,1,6390
12205,1,6619
12205,1,6676
12205,1,7068
12205,1,7846
12205,3,12250
12205,3,12204
12205,3,12220
3866,0,12206
4103,0,12206
4899,0,12206
10401,2,12206
12206,1,6674
12206,1,6676
12206,1,7049
12206,1,9084
2570,0,12208
3216,0,12208
5135,0,12208
5192,0,12208
10401,2,12208
12208,1,6181
12208,1,6572
12208,1,6973
12208,1,7005
12208,1,7068
12208,1,8041
1520,0,12209
2136,0,12209
10401,2,12209
12209,1,5921
12209,1,5953
12209,1,6165
12209,1,6479
12209,1,6556
12209,1,7038
12209,1,7620
12209,1,7946
1116,0,12210
1117,0,12210
5193,0,12210
10401,2,12210
12210,1,6410
12210,1,9067
12210,1,9086
12210,3,12146
5025,0,12211
5194,0,12211
10401,2,12211
12211,1,6301
12211,1,6943
12211,1,7366
12211,1,8362
780,0,12212
5195,0,12212
10401,2,12212
12212,1,6831
12212,1,8550
12212,1,9087
2496,0,12213
3113,0,12213
10401,2,12213
12213,1,5921
12213,1,6761
12213,1,6943
12213,1,7286
12213,1,8197
2145,0,12214
3517,0,12214
3732,0,12214
10401,2,12214
12214,1,5929
12214,1,5936
12214,1,6346
12214,1,6386
12214,1,6403
12214,1,7306
386,0,12215
666,0,12215
1108,0,12215
1109,0,12215
10401,2,12215
12215,1,5936
12215,1,5996
12215,1,6197
12215,1,6321
12215,1,6322
12215,1,6367
12215,1,6538
12215,1,6863
12215,1,7005
12215,1,7408
12215,1,7791
1318,0,12216
1523,0,12216
4632,0,12216
10401,2,12216
12216,1,5937
12216,1,5956
12216,1,6008
12216,1,6064
12216,1,6079
12216,1,6130
12216,1,6250
12216,1,6663
12216,1,7514
565,0,12217
574,0,12217
5023,0,12217
5196,0,12217
10401,2,12217
12217,1,6079
12217,1,6118
12217,1,6321
12217,1,6529
12217,1,6814
12217,1,7068
12217,3,12216
12217,3,12347
12217,3,12885
12217,3,12823
97,0,12218
4487,0,12218
10401,2,12218
12218,1,5921
12218,1,7049
12218,1,9088
97,0,12219
4487,0,12219
10401,2,12219
12219,1,5918
12219,1,5953
12219,1,6277
12219,1,6694
12219,1,7068
657,0,12220
1680,0,12220
1704,0,12220
10401,2,12220
12220,1,5978
12220,1,6023
12220,1,6250
12220,1,6485
12220,1,6619
12220,1,6961
12220,1,6989
12220,1,7733
12220,1,8318
221,0,12221
1554,0,12221
1680,0,12221
10401,2,12221
12221,1,5938
12221,1,6023
12221,1,6301
12221,1,6961
12221,1,7068
12221,1,7733
12221,1,8416
12221,3,12220
748,0,12223
1094,0,12223
10401,2,12223
12223,1,5921
12223,1,5929
12223,1,5960
12223,1,6194
12223,1,6405
12223,1,6831
5049,0,12225
5050,0,12225
10401,2,12225
12225,1,5970
12225,1,6092
12225,1,6315
12225,1,7023
12225,1,7037
12225,1,7439
12225,1,8255
12225,3,13079
12225,3,11870
2443,0,12226
3965,0,12226
3978,0,12226
5155,0,12226
5172,0,12226
10401,2,12226
12226,1,5921
12226,1,6117
12226,1,6529
12226,1,6559
12226,1,7068
12226,1,8906
953,0,12227
3746,0,12227
10401,2,12227
12227,1,5929
12227,1,5953
12227,1,7056
12227,1,7739
12227,1,8782
12227,3,14049
209,0,12228
1146,0,12228
10401,2,12228
12228,1,5921
12228,1,5970
12228,1,6059
12228,1,6572
12228,1,6945
12228,1,8041
12228,1,8511
12228,1,8512
1552,0,12229
2479,0,12229
2480,0,12229
4108,0,12229
10401,2,12229
12229,1,6311
12229,1,6485
12229,1,7304
12229,1,7742
12229,1,8709
1123,0,12231
2111,0,12231
10401,2,12231
12231,1,6117
12231,1,6615
12231,1,6620
12231,1,6858
12231,1,9092
55,0,12232
136,0,12232
1333,0,12232
10401,2,12232
12232,1,5936
12232,1,6079
12232,1,6403
12232,1,6404
12232,1,7213
12232,3,15101
12232,3,11473
12232,3,10889
1110,0,12233
1475,0,12233
10401,2,12233
12233,1,5918
12233,1,5929
12233,1,5996
12233,1,6386
12233,1,6406
12233,1,6741
12233,1,7891
2111,0,12234
2473,0,12234
3745,0,12234
3976,0,12234
4387,0,12234
10401,2,12234
12234,1,6181
12234,1,8334
12234,1,9068
12234,1,9092
1134,0,12235
1135,0,12235
5198,0,12235
10401,2,12235
12235,1,6250
12235,1,6572
12235,1,6704
12235,1,7116
12235,1,8041
12235,3,12056
131,0,12236
574,0,12236
10401,2,12236
12236,1,5921
12236,1,6798
12236,1,7439
12236,1,7747
12236,3,12251
12236,3,12098
12236,3,12290
1158,0,12238
5199,0,12238
10401,2,12238
12238,1,6007
12238,1,6012
12238,1,6033
12238,1,6050
573,0,12239
1158,0,12239
1159,0,12239
2241,0,12239
10401,2,12239
12239,1,6007
12239,1,6024
12239,1,6871
12239,1,7100
2111,0,12240
2244,0,12240
10401,2,12240
12240,1,5921
12240,1,6164
12240,1,6391
12240,1,8205
1236,0,12241
2111,0,12241
2244,0,12241
4472,0,12241
10401,2,12241
12241,1,6164
12241,1,6250
12241,1,6391
12241,1,7216
12241,1,7507
12241,1,8205
12241,1,8609
1534,0,12243
2206,0,12243
2613,0,12243
4344,0,12243
10401,2,12243
12243,1,6005
12243,1,6079
12243,1,6301
12243,1,6386
12243,1,6943
209,0,12244
880,0,12244
1146,0,12244
1149,0,12244
10401,2,12244
12244,1,5929
12244,1,6150
12244,1,6346
12244,1,6386
12244,1,6814
1235,0,12245
2352,0,12245
2652,0,12245
10401,2,12245
12245,1,6301
12245,1,6365
12245,1,6806
12245,1,6943
221,0,12246
733,0,12246
1791,0,12246
10401,2,12246
12246,1,5970
12246,1,6003
12246,1,6321
12246,1,6379
12246,1,6383
12246,1,6528
12246,1,6616
12246,1,8661
12246,1,9094
12246,3,12220
12246,3,12221
952,0,12247
1747,0,12247
4096,0,12247
10401,2,12247
12247,1,6079
12247,1,6197
12247,1,6201
12247,1,6528
12247,1,6783
12247,1,8134
941,0,12248
5200,0,12248
10401,2,12248
12248,1,5929
12248,1,5936
12248,1,6538
130,0,12249
1563,0,12249
3987,0,12249
10401,2,12249
12249,1,6005
12249,1,6951
12249,1,7108
12249,1,8452
12249,1,9096
12249,3,13800
12249,3,12242
12249,3,12285
1056,0,12252
10401,2,12252
12252,1,5921
12252,1,5966
12252,1,6194
12252,1,6229
12252,1,9098
12252,1,9099
1459,0,12254
2161,0,12254
10401,2,12254
12254,1,5915
12254,1,5921
12254,1,5970
12254,1,5991
12254,1,6194
12254,1,6733
12254,1,7747
12254,1,8374
1001,0,12255
2161,0,12255
10401,2,12255
12255,1,5921
12255,1,5970
12255,1,6130
12255,1,6250
12255,1,6314
12255,1,6410
12255,1,6444
12255,1,7259
12255,1,7959
938,0,12256
1522,0,12256
2449,0,12256
10401,2,12256
12256,1,5924
12256,1,5966
12256,1,6041
12256,1,7410
12256,1,8066
12256,1,9101
938,0,12257
1092,0,12257
1522,0,12257
10401,2,12257
12257,1,6001
12257,1,6117
12257,1,6142
12257,1,6161
12257,1,6171
12257,1,6205
12257,1,7198
12257,1,7219
12257,1,7675
12257,1,8937
12257,1,9102
823,0,12258
1583,0,12258
5201,0,12258
10401,2,12258
12258,1,5921
12258,1,5970
12258,1,6076
12258,1,6194
12258,1,6435
12258,1,6839
12258,1,7655
12258,1,8571
12258,1,8649
3197,0,12259
10401,2,12259
12259,1,5921
12259,1,5970
12259,1,6133
12259,1,6250
12259,1,6389
12259,1,6533
12259,1,7465
12259,1,8512
2455,0,12262
5202,0,12262
10401,2,12262
12262,1,5921
12262,1,6164
12262,1,9107
666,0,12263
1460,0,12263
10401,2,12263
12263,1,5921
12263,1,5995
12263,1,6071
12263,1,6235
12263,1,6247
12263,1,6269
12263,1,6612
12263,1,6697
12263,1,7511
12263,1,8824
12263,1,9108
2798,0,12264
3317,0,12264
10401,2,12264
12264,1,5921
12264,1,6126
12264,1,6194
12264,1,8715
12264,1,8804
12264,1,8867
12264,3,12309
12264,3,12296
12264,3,12297
1144,0,12265
3612,0,12265
10401,2,12265
12265,1,6003
12265,1,6006
12265,1,6087
12265,1,6627
12265,1,7687
82,0,12266
978,0,12266
2081,0,12266
4085,0,12266
10401,2,12266
12266,1,5978
12266,1,6403
12266,1,6961
12266,1,7885
12266,1,8351
479,0,12267
527,0,12267
1091,0,12267
10401,2,12267
12267,1,5921
12267,1,5951
12267,1,6052
12267,1,6529
12267,1,6798
12267,1,6814
12267,1,7304
479,0,12269
527,0,12269
1091,0,12269
10401,2,12269
12269,1,5915
12269,1,6075
12269,1,6206
12269,1,6398
12269,1,7131
12269,1,7304
666,0,12270
4491,0,12270
10401,2,12270
12270,1,6079
12270,1,6972
12270,1,8351
12270,1,8900
12270,1,8975
702,0,12272
5203,0,12272
10401,2,12272
12272,1,6193
12272,1,6485
12272,1,6550
12272,1,6796
12272,1,8351
12272,1,8371
12272,1,9100
12272,3,12107
12272,3,12268
1141,0,12273
2766,0,12273
10401,2,12273
12273,1,5921
12273,1,6001
12273,1,6052
12273,1,6194
12273,1,6978
12273,1,7815
12273,3,12314
517,0,12274
896,0,12274
1141,0,12274
2486,0,12274
2766,0,12274
5204,0,12274
10401,2,12274
12274,1,5921
12274,1,5978
12274,1,6126
12274,1,6265
12274,1,6485
12274,1,6833
2144,0,12275
2362,0,12275
10401,2,12275
12275,1,5970
12275,1,6282
12275,1,6301
12275,1,6943
12275,1,8821
823,0,12276
3978,0,12276
10401,2,12276
12276,1,6165
12276,1,6301
12276,1,6697
12276,1,6943
12276,1,7214
12276,1,7438
12276,1,8005
12276,1,8364
12276,1,9090
2626,0,12277
2627,0,12277
10401,2,12277
12277,1,6065
12277,1,6197
12277,1,6297
12277,1,6337
12277,1,6525
12277,1,7133
1241,0,12278
3978,0,12278
4228,0,12278
10401,2,12278
12278,1,5918
12278,1,5929
12278,1,5970
12278,1,6075
12278,1,6947
12278,1,7068
619,0,12279
1459,0,12279
10401,2,12279
12279,1,5921
12279,1,5943
12279,1,6194
12279,1,6788
12279,1,6946
12279,1,9111
1219,0,12281
2162,0,12281
10401,2,12281
12281,1,5921
12281,1,6547
12281,1,9112
1459,0,12282
1509,0,12282
10401,2,12282
12282,1,5921
12282,1,6181
12282,1,6194
12282,1,6755
12282,1,6845
12282,1,7147
12282,1,7893
12282,1,9113
1056,0,12283
5205,0,12283
10401,2,12283
12283,1,6007
12283,1,6118
12283,1,6146
12283,1,6149
12283,1,6401
12283,1,6892
12283,1,6948
12283,1,9114
12283,3,12183
653,0,12286
938,0,12286
2753,0,12286
10401,2,12286
12286,1,5921
12286,1,5923
12286,1,6078
12286,1,6451
12286,1,7959
12286,3,10461
1638,0,12287
1657,0,12287
2503,0,12287
4092,0,12287
10401,2,12287
12287,1,5915
12287,1,6452
12287,1,6600
12287,1,6821
12287,1,7327
12287,1,7959
3987,0,12288
10401,2,12288
12288,1,6003
12288,1,6301
12288,1,8822
856,0,12289
2109,0,12289
2110,0,12289
2111,0,12289
10401,2,12289
12289,1,5921
12289,1,5929
12289,1,5978
12289,1,6052
12289,1,6193
12289,1,6328
12289,1,6386
12289,3,13897
12289,3,12253
12289,3,12224
12289,3,10720
12289,3,12145
657,0,12290
687,0,12290
10401,2,12290
12290,1,5921
12290,1,5997
12290,1,6018
12290,1,6022
12290,1,6365
12290,1,6612
12290,1,6688
12290,1,6798
1107,0,12291
4661,0,12291
10401,2,12291
12291,1,5970
12291,1,6180
12291,1,6181
12291,1,6375
12291,1,7422
12291,1,7423
12291,1,7438
12291,1,7526
12291,1,7571
12291,1,7634
12291,1,7892
858,0,12292
1040,0,12292
2369,0,12292
10401,2,12292
12292,1,5921
12292,1,5936
12292,1,6040
12292,1,6055
12292,1,6126
12292,1,6194
12292,1,6206
12292,1,6211
12292,1,6656
12292,1,9118
12292,3,12166
1608,0,12293
3299,0,12293
5206,0,12293
5207,0,12293
10401,2,12293
12293,1,6386
12293,1,6405
12293,1,7817
12293,1,8034
12293,1,8373
12293,1,9119
12293,1,9120
2571,0,12294
2829,0,12294
10401,2,12294
12294,1,5921
12294,1,5956
12294,1,6206
12294,1,6250
12294,1,6463
12294,1,6943
12294,1,7110
12294,1,8691
1654,0,12295
2145,0,12295
3517,0,12295
3736,0,12295
10401,2,12295
12295,1,5929
12295,1,6003
12295,1,6225
12295,1,6359
12295,1,6386
12295,1,6439
12295,1,6619
12295,1,7758
12295,3,11177
2233,0,12296
10401,2,12296
12296,1,5921
12296,1,5970
12296,1,5978
12296,1,6068
12296,1,6194
12296,1,6204
12296,1,6874
12296,1,9095
12296,1,9121
1459,0,12298
4667,0,12298
10401,2,12298
12298,1,6463
12298,1,6679
12298,1,8292
12298,1,8330
12298,1,9123
798,0,12299
2378,0,12299
10401,2,12299
12299,1,5921
12299,1,6110
12299,1,6130
12299,1,6203
12299,1,6314
12299,1,6814
12299,1,6951
12299,3,12356
12299,3,12165
12299,3,12332
666,0,12300
4104,0,12300
10401,2,12300
12300,1,5970
12300,1,5978
12300,1,6022
12300,1,6733
12300,1,7149
12300,1,7687
12300,1,9124
3985,0,12302
5208,0,12302
10401,2,12302
12302,1,6559
12302,1,6627
12302,1,6873
12302,1,7005
12302,1,7284
12302,1,7885
12302,1,8550
100,0,12303
642,0,12303
949,0,12303
2472,0,12303
2498,0,12303
10401,2,12303
12303,1,5936
12303,1,5970
12303,1,6022
12303,1,6100
12303,1,6122
12303,1,6733
12303,1,6858
12303,1,6961
12303,1,6977
12303,1,7955
2109,0,12305
2111,0,12305
5209,0,12305
10401,2,12305
12305,1,6355
12305,1,7068
12305,1,7939
12305,1,9126
99,0,12307
100,0,12307
642,0,12307
1040,0,12307
2761,0,12307
10401,2,12307
12307,1,5921
12307,1,5927
12307,1,6451
12307,1,7959
956,0,12308
3971,0,12308
5210,0,12308
5211,0,12308
10401,2,12308
12308,1,6003
12308,1,6139
12308,1,6301
12308,1,6857
12308,1,6943
12308,1,6948
12308,1,7296
12308,1,7846
12308,3,10743
1382,0,12311
1458,0,12311
1459,0,12311
10401,2,12311
12311,1,5921
12311,1,6194
12311,1,6321
12311,1,6607
12311,1,7259
12311,1,7613
12311,1,7893
12311,1,8374
12311,3,12254
12311,3,12282
12311,3,12330
2917,0,12312
3985,0,12312
10401,2,12312
12312,1,5923
12312,1,6690
12312,1,6945
12312,1,8501
100,0,12315
936,0,12315
10401,2,12315
12315,1,5921
12315,1,6194
12315,1,7064
12315,1,7126
12315,1,8021
728,0,12316
5174,0,12316
10401,2,12316
12316,1,6857
12316,1,7032
12316,1,8025
12316,3,11171
956,0,12317
5211,0,12317
5213,0,12317
10401,2,12317
12317,1,6139
12317,1,6484
12317,1,6541
12317,1,6857
12317,1,6948
12317,1,6989
12317,1,7593
12317,1,7687
12317,1,8160
1141,0,12318
5214,0,12318
10401,2,12318
12318,1,5921
12318,1,5936
12318,1,6003
12318,1,6193
12318,1,6194
12318,1,7088
12318,1,8857
1439,0,12320
2878,0,12320
10401,2,12320
12320,1,5918
12320,1,5996
12320,1,6687
12320,1,6688
12320,1,6925
12320,1,7518
12320,1,7954
780,0,12321
823,0,12321
3970,0,12321
10401,2,12321
12321,1,5921
12321,1,6282
12321,1,7598
12321,1,7823
12321,1,8070
12321,3,14181
12321,3,12234
1632,0,12322
10401,2,12322
12322,1,6365
12322,1,6424
12322,1,6924
12322,1,7507
12322,1,8159
12322,1,8197
1632,0,12323
10401,2,12323
12323,1,6193
12323,1,6247
12323,1,6337
12323,1,7365
12323,1,8159
1632,0,12324
5215,0,12324
5216,0,12324
10401,2,12324
12324,1,5970
12324,1,6195
12324,1,6196
12324,1,6247
12324,1,6365
12324,1,6424
12324,1,6544
12324,1,6616
12324,1,6948
666,0,12325
1632,0,12325
10401,2,12325
12325,1,5970
12325,1,6039
12325,1,6247
12325,1,6544
12325,1,7365
12325,1,8223
12325,1,9129
1608,0,12326
4762,0,12326
5206,0,12326
5207,0,12326
10401,2,12326
12326,1,5936
12326,1,6250
12326,1,6333
12326,1,6386
12326,1,6688
12326,1,8032
1635,0,12327
2787,0,12327
10401,2,12327
12327,1,6027
12327,1,6121
12327,1,7760
666,0,12328
5217,0,12328
10401,2,12328
12328,1,5921
12328,1,5927
12328,1,5956
12328,1,6475
12328,1,6854
12328,1,7005
12328,1,9130
12328,3,11063
671,0,12329
1383,0,12329
10401,2,12329
12329,1,5921
12329,1,6309
12329,1,7005
12329,1,8042
12329,1,8679
12329,1,9095
1382,0,12330
1459,0,12330
10401,2,12330
12330,1,5921
12330,1,5970
12330,1,6194
12330,1,6656
12330,1,6709
12330,1,7111
12330,1,7124
12330,1,7616
12330,1,7893
12330,3,12254
12330,3,12282
12330,3,12207
657,0,12331
5205,0,12331
5218,0,12331
10401,2,12331
12331,1,5978
12331,1,6001
12331,1,6023
12331,1,6250
12331,1,6485
12331,1,6619
12331,1,6961
12331,1,6989
12331,1,7733
12331,1,8318
12331,1,8862
2448,0,12332
3235,0,12332
4112,0,12332
5067,0,12332
10401,2,12332
12332,1,5921
12332,1,5936
12332,1,6130
12332,1,6314
12332,1,6359
12332,1,6510
12332,1,7437
12332,1,7788
12332,1,7860
12332,3,12356
571,0,12333
1755,0,12333
4089,0,12333
10401,2,12333
12333,1,5921
12333,1,6352
12333,1,6948
12333,1,7782
12333,3,12220
12333,3,14424
571,0,12334
979,0,12334
1755,0,12334
4089,0,12334
10401,2,12334
12334,1,5921
12334,1,5978
12334,1,6096
12334,1,6118
12334,1,6475
12334,1,6873
12334,1,8550
571,0,12335
1755,0,12335
5219,0,12335
10401,2,12335
12335,1,5921
12335,1,6191
12335,1,6210
12335,1,6250
12335,1,6831
12335,1,9132
1,0,12338
1346,0,12338
10401,2,12338
12338,1,5996
12338,1,6258
12338,1,7121
12338,1,7638
3272,0,12339
4101,0,12339
10401,2,12339
12339,1,5921
12339,1,5978
12339,1,6607
12339,1,8160
12339,1,8831
12339,1,9133
12339,1,9134
12339,3,12343
823,0,12340
1318,0,12340
1783,0,12340
10401,2,12340
12340,1,5921
12340,1,5978
12340,1,6023
12340,1,6389
12340,1,6760
12340,1,7146
12340,1,7970
12340,1,8108
12340,3,14012
97,0,12341
4487,0,12341
5220,0,12341
10401,2,12341
12341,1,5919
12341,1,6297
12341,1,6475
12341,1,6572
12341,1,7205
12341,3,12310
1175,0,12342
2291,0,12342
4027,0,12342
10401,2,12342
12342,1,5929
12342,1,6003
12342,1,6193
12342,1,6344
12342,1,8904
12342,3,13897
12342,3,15467
12342,3,12253
12342,3,12007
12342,3,15640
2455,0,12344
2456,0,12344
2474,0,12344
10401,2,12344
12344,1,9137
702,0,12346
4493,0,12346
10401,2,12346
12346,1,6052
12346,1,6065
12346,1,6193
12346,1,6197
12346,1,6297
12346,1,6525
12346,1,7056
12346,3,12833
12346,3,13897
735,0,12347
850,0,12347
1335,0,12347
1451,0,12347
10401,2,12347
12347,1,5937
12347,1,6079
12347,1,6155
12347,1,6361
12347,1,6815
12347,1,6946
426,0,12348
659,0,12348
976,0,12348
3980,0,12348
10401,2,12348
12348,1,6365
12348,1,6424
12348,1,6697
12348,1,6911
12348,1,8248
12348,1,8857
12348,3,12319
12348,3,12207
342,0,12349
2062,0,12349
10401,2,12349
12349,1,6021
12349,1,6100
12349,1,6612
12349,1,6873
969,0,12350
976,0,12350
1602,0,12350
1611,0,12350
5148,0,12350
10401,2,12350
12350,1,5947
12350,1,5972
12350,1,6023
12350,1,6100
12350,1,6675
12350,1,6766
12350,1,6899
12350,1,6948
12350,1,6990
12350,1,7733
12350,1,9127
1438,0,12351
1439,0,12351
2878,0,12351
10401,2,12351
12351,1,5921
12351,1,6559
12351,1,6687
12351,1,6688
12351,1,7068
12351,1,7954
1616,0,12353
1761,0,12353
5221,0,12353
10401,2,12353
12353,1,6359
12353,1,6854
12353,1,6948
12353,1,7507
12353,1,7719
12353,1,8145
1134,0,12354
1135,0,12354
1455,0,12354
5198,0,12354
10401,2,12354
12354,1,5929
12354,1,5970
12354,1,6250
12354,1,6572
12354,1,7758
12354,1,8041
671,0,12355
1456,0,12355
10401,2,12355
12355,1,5921
12355,1,6002
12355,1,6097
12355,1,6848
12355,1,7225
12355,1,9140
1040,0,12357
1047,0,12357
2764,0,12357
10401,2,12357
12357,1,5921
12357,1,5927
12357,1,6013
12357,1,6451
12357,1,7959
12357,1,8353
12357,1,9080
12357,3,12286
12357,3,12193
666,0,12358
1209,0,12358
1460,0,12358
1461,0,12358
10401,2,12358
12358,1,6075
12358,1,6235
12358,1,6575
12358,1,6697
12358,1,8483
12358,1,8597
12358,1,9141
1251,0,12359
4413,0,12359
5137,0,12359
10401,2,12359
12359,1,6615
12359,1,6992
12359,1,7438
12359,1,8622
12359,1,8637
1791,0,12360
2715,0,12360
3978,0,12360
10401,2,12360
12360,1,6078
12360,1,6250
12360,1,6301
12360,1,6435
12360,1,6943
12360,1,7765
12360,1,8304
1791,0,12361
3978,0,12361
4052,0,12361
10401,2,12361
12361,1,6067
12361,1,6172
12361,1,6697
12361,1,6854
12361,1,8904
12361,1,9142
353,0,12362
2066,0,12362
2300,0,12362
2632,0,12362
2678,0,12362
10401,2,12362
12362,1,5921
12362,1,6369
12362,1,6410
12362,1,8904
12362,3,14259
4778,0,12363
5222,0,12363
5223,0,12363
5224,0,12363
10401,2,12363
12363,1,6205
12363,1,6786
12363,1,7303
12363,1,7402
12363,1,7438
12363,1,9143
12363,1,9144
12363,1,9145
92,0,12364
2931,0,12364
3218,0,12364
3840,0,12364
10401,2,12364
12364,1,5996
12364,1,6237
12364,1,6510
12364,1,6615
12364,1,6943
12364,1,7638
12364,1,9146
2300,0,12365
2678,0,12365
3796,0,12365
10401,2,12365
12365,1,5921
12365,1,6314
12365,1,6887
12365,1,6892
12365,1,8352
268,0,12367
10401,2,12367
12367,1,5919
12367,1,6572
12367,1,6786
12367,1,7198
12367,1,8248
268,0,12368
10401,2,12368
12368,1,6039
12368,1,6065
12368,1,6297
12368,1,6306
12368,1,6397
12368,1,6525
12368,1,6858
268,0,12369
10401,2,12369
12369,1,5919
12369,1,5954
12369,1,5970
12369,1,5975
12369,1,6131
12369,1,6354
12369,1,6475
12369,1,6615
12369,1,6873
12369,1,7366
12369,1,8312
403,0,12370
2441,0,12370
10401,2,12370
12370,1,5921
12370,1,6150
12370,1,6229
12370,1,6332
12370,1,6356
12370,1,7801
12370,1,8173
1325,0,12371
1326,0,12371
1486,0,12371
10401,2,12371
12371,1,6012
12371,1,7246
12371,1,8034
12371,1,8373
12371,3,12285
97,0,12372
245,0,12372
813,0,12372
10401,2,12372
12372,1,6003
12372,1,6131
12372,1,6572
12372,1,8041
12372,1,8683
12372,1,8931
1158,0,12373
2238,0,12373
10401,2,12373
12373,1,6153
12373,1,7841
12373,1,8034
12373,1,8373
12373,1,8584
12373,1,9147
1158,0,12374
2238,0,12374
10401,2,12374
12374,1,6352
12374,1,6697
12374,1,7198
12374,1,7219
12374,1,9082
35,0,12375
257,0,12375
727,0,12375
10401,2,12375
12375,1,5921
12375,1,5936
12375,1,6087
12375,1,6206
12375,1,6697
12375,1,6798
12375,1,7169
12375,1,7930
268,0,12376
1718,0,12376
10401,2,12376
12376,1,6058
12376,1,6858
12376,1,8005
97,0,12377
245,0,12377
813,0,12377
10401,2,12377
12377,1,5921
12377,1,5970
12377,1,6181
12377,1,6250
12377,1,6559
12377,1,6697
12377,1,6854
12377,1,7068
12377,1,8460
12377,1,8641
12377,1,9148
12377,1,9149
192,0,12378
380,0,12378
1566,0,12378
2206,0,12378
3332,0,12378
10401,2,12378
12378,1,5992
12378,1,6023
12378,1,6086
12378,1,6199
12378,1,6237
12378,1,6961
12378,1,7733
12378,3,12250
12378,3,12220
12378,3,13824
12378,3,13002
12378,3,15602
12378,3,15639
2433,0,12379
2685,0,12379
2704,0,12379
10402,2,12379
12379,1,6337
12379,1,7184
12379,1,7226
12379,1,7230
12379,1,8207
506,0,12380
2370,0,12380
10402,2,12380
12380,1,6041
12380,1,7013
12380,3,10486
12380,3,10484
489,0,12381
506,0,12381
10402,2,12381
12381,1,6087
12381,1,6464
589,0,12382
1376,0,12382
4320,0,12382
10402,2,12382
12382,1,6245
12382,1,6848
12382,1,7052
12382,1,7943
718,0,12383
10402,2,12383
12383,1,5993
12383,1,6003
12383,1,6222
12383,1,6282
12383,1,6305
12383,1,6485
12383,3,10519
1130,0,12384
3096,0,12384
3097,0,12384
4341,0,12384
4394,0,12384
10402,2,12384
12384,1,6089
12384,1,6326
12384,1,6367
12384,1,8553
12384,1,9206
12384,3,15567
12384,3,15600
12384,3,14788
811,0,12385
2694,0,12385
10402,2,12385
12385,1,5929
12385,1,6024
12385,1,6572
12385,1,6697
12385,1,6766
12385,1,7549
12385,1,8314
507,0,12386
1237,0,12386
1238,0,12386
1581,0,12386
4635,0,12386
10402,2,12386
12386,1,6252
12386,1,7909
12386,1,7910
12386,1,9207
4657,0,12387
10402,2,12387
12387,1,7003
12387,1,8211
550,0,12388
552,0,12388
2752,0,12388
10402,2,12388
12388,1,6013
12388,1,6040
12388,1,6053
12388,1,6086
12388,1,6163
12388,1,6235
12388,1,6268
12388,1,8537
750,0,12389
4732,0,12389
10402,2,12389
12389,1,5956
12389,1,6171
12389,1,6485
12389,1,6612
12389,1,6854
12389,1,9089
620,0,12390
958,0,12390
1517,0,12390
10402,2,12390
12390,1,5921
12390,1,5972
12390,1,6013
12390,1,6052
12390,1,6053
467,0,12391
468,0,12391
10402,2,12391
12391,1,6012
12391,1,6013
12391,1,6415
12391,1,7098
533,0,12392
3300,0,12392
10402,2,12392
12392,1,5936
12392,1,6137
12392,1,6156
12392,1,7356
12392,1,7434
12392,1,8662
12392,1,8698
533,0,12393
3300,0,12393
10402,2,12393
12393,1,6052
12393,1,6097
12393,1,6125
12393,1,6827
12393,1,7063
12393,1,7388
12393,1,8034
12393,1,9211
12393,3,10511
4395,0,12394
5259,0,12394
10402,2,12394
12394,1,6007
12394,1,6012
12394,1,6024
12394,1,6197
12394,1,6284
12394,1,6829
12394,1,9212
12394,1,9213
26,0,12395
522,0,12395
10402,2,12395
12395,1,6013
12395,1,6247
12395,1,6526
12395,1,6544
12395,1,6853
12395,1,7478
12395,1,8788
506,0,12396
10402,2,12396
12396,1,5921
12396,1,5943
12396,1,5978
12396,1,6150
12396,1,6151
12396,1,6824
12396,3,13536
490,0,12397
1515,0,12397
10402,2,12397
12397,1,5993
12397,1,6213
12397,1,6222
12397,1,7005
12397,1,7395
451,0,12398
10402,2,12398
12398,1,5932
12398,1,5934
12398,1,5935
12398,1,5941
12398,1,6116
12398,1,6790
12398,1,6848
12398,1,7175
12398,1,7182
12398,1,9214
451,0,12399
10402,2,12399
12399,1,5934
12399,1,5935
12399,1,5941
12399,1,6116
12399,1,7175
12399,1,9214
451,0,12401
2941,0,12401
3254,0,12401
10402,2,12401
12401,1,5941
12401,1,5942
12401,1,6127
12401,1,6764
451,0,12402
452,0,12402
2941,0,12402
10402,2,12402
12402,1,7950
12402,1,8175
12402,1,8959
12402,3,10498
600,0,12403
1423,0,12403
1424,0,12403
10402,2,12403
12403,1,6041
12403,1,6656
12403,1,6835
12403,1,6940
12403,1,7154
0,0,12404
600,0,12404
10402,2,12404
12404,1,5937
12404,1,6409
12404,1,7481
102,0,12405
921,0,12405
2363,0,12405
10402,2,12405
12405,1,5970
12405,1,6132
12405,1,6167
12405,1,6627
12405,1,7172
12405,1,7318
12405,1,9215
564,0,12406
634,0,12406
10402,2,12406
12406,1,6464
12406,1,6663
12406,1,7989
12406,1,8069
12406,3,10437
859,0,12407
1568,0,12407
10402,2,12407
12407,1,6097
12407,1,6142
12407,1,6216
12407,1,6235
12407,1,6337
12407,1,6382
12407,1,6497
12407,1,7191
12407,1,7890
12407,1,8149
12407,1,8447
12407,1,9216
12407,1,9217
577,0,12408
1109,0,12408
10402,2,12408
12408,1,6247
12408,1,7365
12408,1,9219
468,0,12409
5260,0,12409
10402,2,12409
12409,1,6009
12409,1,6013
12409,1,6052
12409,1,6053
12409,1,6086
12409,1,7036
12409,1,8309
580,0,12410
581,0,12410
10402,2,12410
12410,1,5996
12410,1,6013
12410,1,6121
12410,1,6250
12410,1,6303
12410,1,6365
12410,1,6465
12410,1,6675
12410,1,7055
12410,1,8248
12410,1,8636
582,0,12411
583,0,12411
584,0,12411
10402,2,12411
12411,1,5919
12411,1,7230
12411,1,7395
12411,1,7480
12411,1,8355
12411,1,9220
582,0,12412
584,0,12412
10402,2,12412
12412,1,5919
12412,1,6142
12412,1,7230
12412,1,7480
12412,1,8355
1723,0,12413
1784,0,12413
1795,0,12413
10402,2,12413
12413,1,5929
12413,1,6331
12413,1,6386
12413,1,6577
12413,1,6614
12413,1,6846
12413,1,8171
12413,1,8797
12413,3,14049
12413,3,13859
585,0,12414
1232,0,12414
10402,2,12414
12414,1,6131
12414,1,6474
12414,1,6485
12414,1,7979
12414,1,8098
596,0,12415
597,0,12415
1005,0,12415
10402,2,12415
12415,1,6194
12415,1,6401
12415,1,7005
12415,1,7257
12415,3,12133
120,0,12416
476,0,12416
497,0,12416
498,0,12416
669,0,12416
5261,0,12416
10402,2,12416
12416,1,5936
12416,1,8333
12416,1,9225
199,0,12417
505,0,12417
10402,2,12417
12417,1,6116
12417,1,6150
12417,1,6189
12417,1,6442
12417,1,6877
12417,1,6882
12417,1,6946
12417,1,7187
12417,1,7319
12417,1,7717
609,0,12418
610,0,12418
10402,2,12418
12418,1,5975
12418,1,6001
12418,1,6176
12418,1,7332
12418,1,8127
697,0,12419
698,0,12419
2374,0,12419
10402,2,12419
12419,1,6041
12419,1,6835
12419,1,7046
12419,1,7239
12419,3,10450
508,0,12420
770,0,12420
771,0,12420
772,0,12420
10402,2,12420
12420,1,5967
12420,1,6003
12420,1,6041
12420,1,6138
12420,1,6152
12420,1,6153
12420,1,6213
12420,1,8423
12420,3,10461
624,0,12421
1063,0,12421
5262,0,12421
10402,2,12421
12421,1,5954
12421,1,6055
12421,1,6679
12421,1,6978
12421,1,7655
12421,1,9229
12421,1,9230
624,0,12422
632,0,12422
633,0,12422
634,0,12422
1618,0,12422
10402,2,12422
12422,1,5919
12422,1,6663
12422,1,6902
12422,1,7788
12422,1,8339
12422,1,8708
12422,1,9231
12422,3,10437
646,0,12423
647,0,12423
648,0,12423
895,0,12423
1506,0,12423
2901,0,12423
3268,0,12423
10402,2,12423
12423,1,6091
12423,1,6354
12423,1,6612
12423,1,6747
12423,1,6820
12423,1,6969
12423,1,7878
179,0,12424
883,0,12424
2130,0,12424
3270,0,12424
10402,2,12424
12424,1,5954
12424,1,6050
12424,1,6055
12424,1,6097
12424,1,6204
12424,1,6247
12424,1,6306
12424,1,6607
12424,1,6957
1542,0,12425
1543,0,12425
10402,2,12425
12425,1,5950
12425,1,7154
12425,1,8878
12425,1,9232
12425,1,9233
798,0,12427
5176,0,12427
10402,2,12427
12427,1,5975
12427,1,5976
12427,1,6071
12427,1,6133
12427,1,7054
12427,1,7074
87,0,12428
88,0,12428
10402,2,12428
12428,1,6016
12428,1,6116
12428,1,6488
12428,1,6978
12428,1,7089
12428,1,8339
87,0,12429
88,0,12429
10402,2,12429
12429,1,6013
12429,1,6426
12429,1,6906
12429,1,7220
569,0,12430
1133,0,12430
4057,0,12430
5263,0,12430
5264,0,12430
5265,0,12430
10402,2,12430
12430,1,6007
12430,1,6118
12430,1,6846
12430,1,6969
12430,1,8059
12430,1,8784
12430,1,9236
1768,0,12431
2531,0,12431
10402,2,12431
12431,1,5996
12431,1,6040
12431,1,6386
12431,1,6656
12431,1,7248
12431,1,9237
12431,3,14130
3939,0,12432
10402,2,12432
12432,1,5937
12432,1,6116
12432,1,6117
12432,1,6306
12432,1,6409
12432,1,6650
12432,1,9238
12432,1,9239
1594,0,12433
10402,2,12433
12433,1,5978
12433,1,6040
12433,1,7012
12433,1,7991
1594,0,12434
10402,2,12434
12434,1,5941
12434,1,5942
12434,1,6001
12434,1,7788
12434,1,8107
12434,1,9241
1223,0,12435
4118,0,12435
10402,2,12435
12435,1,5927
12435,1,6053
12435,1,7002
12435,1,7093
12435,1,7318
12435,1,7840
569,0,12436
10402,2,12436
12436,1,6415
12436,1,6823
12436,1,7038
569,0,12437
816,0,12437
995,0,12437
1273,0,12437
10402,2,12437
12437,1,6013
12437,1,6141
12437,1,6335
12437,1,6509
12437,1,6947
12437,1,7000
12437,1,7209
12437,1,8181
569,0,12438
935,0,12438
10402,2,12438
12438,1,5939
12438,1,6010
12438,1,6979
12438,1,8478
569,0,12439
976,0,12439
1133,0,12439
1271,0,12439
10402,2,12439
12439,1,5919
12439,1,5936
12439,1,6007
12439,1,6055
12439,1,6869
12439,1,7036
12439,1,7038
12439,3,10441
569,0,12440
652,0,12440
1595,0,12440
10402,2,12440
12440,1,6001
12440,1,6117
12440,1,6213
12440,1,6833
12440,1,6958
659,0,12441
671,0,12441
1051,0,12441
10402,2,12441
12441,1,6041
12441,1,6521
12441,1,6870
12441,1,7346
659,0,12442
671,0,12442
10402,2,12442
12442,1,5921
12442,1,5975
12442,1,6851
12442,1,7890
12442,1,8610
12442,3,12125
12442,3,12133
659,0,12443
671,0,12443
10402,2,12443
12443,1,5921
12443,1,5925
12443,1,6052
12443,1,8309
12443,1,9243
795,0,12444
1674,0,12444
2415,0,12444
3856,0,12444
10402,2,12444
12444,1,5992
12444,1,6089
12444,1,6247
12444,1,6301
12444,1,6627
12444,1,6900
468,0,12445
645,0,12445
10402,2,12445
12445,1,5921
12445,1,6171
12445,1,6181
12445,1,6194
12445,1,6286
12445,1,6305
12445,1,6612
12445,1,6880
12445,1,7168
12445,1,7495
12445,3,12133
12445,3,12207
506,0,12446
689,0,12446
690,0,12446
10402,2,12446
12446,1,6485
12446,1,6833
12446,1,6854
12446,1,7031
148,0,12447
693,0,12447
694,0,12447
10402,2,12447
12447,1,6391
12447,1,6424
12447,1,7160
389,0,12448
914,0,12448
1333,0,12448
5266,0,12448
10402,2,12448
12448,1,5952
12448,1,5953
12448,1,6013
12448,1,6091
12448,1,6303
12448,1,6798
12448,1,7362
88,0,12449
1549,0,12449
2152,0,12449
10402,2,12449
12449,1,6053
12449,1,6397
12449,1,6412
12449,1,9245
12449,1,9246
363,0,12450
905,0,12450
2234,0,12450
10402,2,12450
12450,1,5936
12450,1,5996
12450,1,6121
12450,1,6354
12450,1,6720
12450,1,6921
12450,1,8061
12450,1,9247
2444,0,12451
4084,0,12451
10402,2,12451
12451,1,5919
12451,1,6055
12451,1,6934
12451,1,9250
641,0,12452
721,0,12452
969,0,12452
1129,0,12452
10402,2,12452
12452,1,6053
12452,1,6228
12452,1,6247
12452,1,7078
12452,1,9251
603,0,12453
630,0,12453
912,0,12453
10402,2,12453
12453,1,6370
12453,1,6940
12453,1,7060
12453,1,7091
12453,1,8443
814,0,12454
10402,2,12454
12454,1,6213
12454,1,6475
12454,1,6614
12454,1,6735
12454,1,7661
12454,1,9248
616,0,12455
814,0,12455
10402,2,12455
12455,1,6081
12455,1,7039
12455,1,9253
358,0,12456
470,0,12456
472,0,12456
10402,2,12456
12456,1,5941
12456,1,5942
12456,1,6239
12456,1,6461
12456,1,6462
12456,1,6663
12456,3,13508
1005,0,12457
1379,0,12457
10402,2,12457
12457,1,6031
12457,1,7005
12457,1,8005
12457,1,8108
736,0,12458
1213,0,12458
10402,2,12458
12458,1,6019
12458,1,6084
12458,1,6089
12458,1,6347
12458,1,6951
12458,1,7082
12458,1,7374
12458,1,9307
749,0,12459
750,0,12459
10402,2,12459
12459,1,5970
12459,1,6411
12459,1,6485
12459,1,6649
12459,1,6819
12459,1,7906
749,0,12460
750,0,12460
10402,2,12460
12460,1,5996
12460,1,6352
12460,1,6896
12460,1,6948
750,0,12461
1029,0,12461
10402,2,12461
12461,1,6071
12461,1,6352
12461,1,6607
12461,1,6697
12461,1,7866
756,0,12462
10402,2,12462
12462,1,7091
12462,1,8566
756,0,12463
10402,2,12463
12463,1,5922
12463,1,5937
12463,1,5938
12463,1,6014
12463,1,7088
12463,1,9309
756,0,12464
10402,2,12464
12464,1,7706
12464,1,9309
756,0,12465
5267,0,12465
10402,2,12465
12465,1,6003
12465,1,6023
12465,1,6146
12465,1,6876
12465,1,6877
12465,1,7226
761,0,12466
883,0,12466
884,0,12466
10402,2,12466
12466,1,5938
12466,1,6337
12466,1,6663
12466,1,9310
2079,0,12467
3264,0,12467
10402,2,12467
12467,1,5921
12467,1,6197
12467,1,6249
12467,1,6346
12467,1,6485
12467,1,6580
12467,3,13604
12467,3,12250
12467,3,12220
570,0,12468
3184,0,12468
10402,2,12468
12468,1,6003
12468,1,6118
12468,1,6528
12468,1,7961
12468,1,9311
883,0,12469
884,0,12469
2621,0,12469
10402,2,12469
12469,1,6767
12469,1,6821
12469,1,7496
12469,1,7504
570,0,12470
5268,0,12470
10402,2,12470
12470,1,6510
12470,1,6823
12470,1,7038
12470,1,7333
12470,1,9312
12470,1,9313
570,0,12471
5268,0,12471
10402,2,12471
12471,1,6007
12471,1,6109
12471,1,6510
12471,1,6823
12471,1,6867
12471,1,7038
12471,1,7333
12471,1,8143
12471,1,9312
795,0,12472
2193,0,12472
4426,0,12472
10402,2,12472
12472,1,6163
12472,1,6247
12472,1,6505
770,0,12473
3187,0,12473
4643,0,12473
10402,2,12473
12473,1,5920
12473,1,6003
12473,1,6138
12473,1,6213
12473,1,7739
12473,1,8484
776,0,12474
777,0,12474
1586,0,12474
4042,0,12474
10402,2,12474
12474,1,6187
12474,1,6388
12474,1,6663
12474,1,6972
12474,1,7056
12474,3,12519
776,0,12475
777,0,12475
1998,0,12475
10402,2,12475
12475,1,5922
12475,1,6055
12475,1,6311
12475,1,6528
12475,1,6890
12475,1,6934
12475,1,7007
12475,1,8017
12475,1,8467
568,0,12476
1619,0,12476
1788,0,12476
10402,2,12476
12476,1,5921
12476,1,5992
12476,1,6143
12476,1,6300
12476,1,7332
12476,1,7481
736,0,12477
939,0,12477
10402,2,12477
12477,1,5921
12477,1,6059
12477,1,6065
12477,1,6146
12477,1,6207
12477,1,6828
12477,1,9318
93,0,12478
94,0,12478
10402,2,12478
12478,1,6198
12478,1,6940
12478,1,7205
12478,1,9319
12478,3,10683
93,0,12479
94,0,12479
10402,2,12479
12479,1,5945
12479,1,6940
12479,1,7346
12479,1,8199
93,0,12480
94,0,12480
10402,2,12480
12480,1,6441
12480,1,6853
12480,1,7214
12480,1,7251
12480,1,8143
12480,1,8229
12480,1,9320
93,0,12481
94,0,12481
10402,2,12481
12481,1,5919
12481,1,6940
12481,1,7830
12481,1,8044
12481,1,8264
1621,0,12482
1622,0,12482
2280,0,12482
10402,2,12482
12482,1,6007
12482,1,6024
12482,1,6656
12482,1,6956
12482,1,9321
12482,1,9322
602,0,12483
711,0,12483
10402,2,12483
12483,1,5943
12483,1,7066
12483,1,7067
12483,1,7695
795,0,12484
2196,0,12484
10402,2,12484
12484,1,5945
12484,1,6120
12484,1,6247
587,0,12485
750,0,12485
10402,2,12485
12485,1,5937
12485,1,5968
12485,1,6029
816,0,12486
994,0,12486
995,0,12486
1272,0,12486
10402,2,12486
12486,1,6053
12486,1,6569
12486,1,6868
12486,1,6926
12486,1,7955
12486,1,8819
2422,0,12487
10402,2,12487
12487,1,5917
12487,1,6013
12487,1,6041
12487,1,6159
862,0,12488
2204,0,12488
2320,0,12488
10402,2,12488
12488,1,5921
12488,1,5992
12488,1,6013
12488,1,6181
12488,1,6716
12488,1,7795
12488,3,15550
12488,3,15053
862,0,12489
2204,0,12489
2320,0,12489
10402,2,12489
12489,1,5921
12489,1,5992
12489,1,5997
12489,1,6611
12489,1,6716
12489,1,6821
12489,3,15550
12489,3,12137
12489,3,15053
828,0,12490
10402,2,12490
12490,1,6079
12490,1,6207
12490,1,6250
12490,1,6352
12490,1,6364
12490,1,7741
12490,1,8371
12490,1,9327
12490,3,12891
12490,3,11021
12490,3,11801
12490,3,13332
443,0,12491
2316,0,12491
2317,0,12491
10402,2,12491
12491,1,6509
12491,1,6764
12491,1,6833
12491,1,6877
12491,1,8472
12491,1,8672
12491,1,9329
12491,1,9330
645,0,12492
669,0,12492
670,0,12492
10402,2,12492
12492,1,5936
12492,1,5992
12492,1,6471
12492,1,6716
12492,1,6765
12492,1,7898
634,0,12493
669,0,12493
1298,0,12493
1299,0,12493
10402,2,12493
12493,1,5945
12493,1,6040
12493,1,6604
12493,1,6663
12493,1,6786
12493,1,6940
12493,1,6961
12493,1,6972
12493,1,6978
1543,0,12494
10402,2,12494
12494,1,6579
12494,1,9331
499,0,12495
500,0,12495
1612,0,12495
10402,2,12495
12495,1,5953
12495,1,6102
12495,1,6103
12495,1,6229
12495,1,6663
12495,1,6795
12495,1,9332
868,0,12496
871,0,12496
874,0,12496
10402,2,12496
12496,1,6003
12496,1,6086
12496,1,6237
12496,1,6485
12496,1,6767
12496,3,15553
787,0,12497
2746,0,12497
10402,2,12497
12497,1,5970
12497,1,6008
12497,1,6181
12497,1,6247
12497,1,7294
12497,1,7395
12497,1,8139
603,0,12498
851,0,12498
854,0,12498
4121,0,12498
10402,2,12498
12498,1,6116
12498,1,6420
12498,1,6520
12498,1,6617
12498,1,7173
12498,1,7481
603,0,12499
851,0,12499
2188,0,12499
4343,0,12499
10402,2,12499
12499,1,6000
12499,1,6040
12499,1,6117
12499,1,6391
12499,1,6787
12499,1,6833
12499,1,7017
12499,1,7160
12499,1,7947
12499,1,9074
603,0,12500
851,0,12500
852,0,12500
10402,2,12500
12500,1,6117
12500,1,6391
12500,1,6560
12500,1,7160
12500,1,8298
748,0,12501
5183,0,12501
10402,2,12501
12501,1,5951
12501,1,6702
12501,1,6995
12501,1,7005
12501,1,7894
12501,1,8309
12501,1,8492
12501,1,8840
12501,1,9337
732,0,12502
968,0,12502
1505,0,12502
1707,0,12502
1708,0,12502
1709,0,12502
10402,2,12502
12502,1,6086
12502,1,6420
12502,1,6485
12502,1,7185
12502,1,7814
12502,1,8224
12502,3,10519
1537,0,12503
1538,0,12503
2149,0,12503
2150,0,12503
10402,2,12503
12503,1,5936
12503,1,6116
12503,1,6216
12503,1,7251
12503,1,9338
120,0,12504
1437,0,12504
10402,2,12504
12504,1,5970
12504,1,6023
12504,1,6365
12504,1,6979
12504,1,7507
12504,1,7718
12504,1,8495
1642,0,12505
2101,0,12505
2183,0,12505
2184,0,12505
10402,2,12505
12505,1,6114
12505,1,6115
12505,1,8409
12505,1,8733
12505,1,9339
12505,3,12152
1227,0,12506
2282,0,12506
10402,2,12506
12506,1,5922
12506,1,6195
12506,1,6196
12506,1,6828
12506,1,6858
12506,1,8606
2452,0,12507
2691,0,12507
3979,0,12507
10402,2,12507
12507,1,5921
12507,1,6194
12507,1,7325
12507,1,9340
12507,3,12207
495,0,12508
598,0,12508
1966,0,12508
10402,2,12508
12508,1,5970
12508,1,6075
12508,1,6116
12508,1,6119
12508,1,7730
787,0,12509
3095,0,12509
10402,2,12509
12509,1,5970
12509,1,6052
12509,1,6053
12509,1,6054
12509,1,6247
12509,1,6607
272,0,12510
482,0,12510
881,0,12510
10402,2,12510
12510,1,5930
12510,1,5937
12510,1,7825
12510,1,8482
12510,1,8844
474,0,12511
879,0,12511
880,0,12511
5031,0,12511
10402,2,12511
12511,1,5921
12511,1,6009
12511,1,6250
12511,1,6668
12511,1,8910
12511,3,15400
12511,3,11824
2101,0,12512
2102,0,12512
2103,0,12512
2184,0,12512
10402,2,12512
12512,1,6219
12512,1,7060
12512,1,7148
12512,1,7390
12512,1,7507
647,0,12513
893,0,12513
895,0,12513
1476,0,12513
10402,2,12513
12513,1,5949
12513,1,6575
12513,1,6973
12513,1,9345
726,0,12514
1597,0,12514
5269,0,12514
10402,2,12514
12514,1,6290
12514,1,8292
12514,1,9346
4399,0,12516
10402,2,12516
12516,1,6776
12516,1,6961
12516,1,7474
12516,1,7916
12516,1,7940
599,0,12517
885,0,12517
2608,0,12517
4043,0,12517
10402,2,12517
12517,1,6122
12517,1,8281
12517,1,9347
1626,0,12518
4589,0,12518
10402,2,12518
12518,1,5936
12518,1,6086
12518,1,6159
12518,1,6216
12518,1,6721
12518,1,7000
12518,3,10845
513,0,12521
633,0,12521
634,0,12521
1575,0,12521
1618,0,12521
10402,2,12521
12521,1,6663
12521,1,6795
12521,1,9349
1713,0,12522
1714,0,12522
10402,2,12522
12522,1,5992
12522,1,6247
12522,1,6255
12522,1,6277
12522,1,6478
12522,1,7850
12522,3,14185
1226,0,12523
1227,0,12523
2276,0,12523
2285,0,12523
10402,2,12523
12523,1,5921
12523,1,5994
12523,1,6400
12523,1,6938
12523,1,7474
505,0,12524
599,0,12524
4686,0,12524
10402,2,12524
12524,1,6082
12524,1,6154
12524,1,6155
12524,1,6265
12524,1,6624
12524,1,7123
12524,1,8643
890,0,12525
922,0,12525
10402,2,12525
12525,1,6063
12525,1,6389
12525,1,6432
12525,1,6478
12525,1,6899
12525,1,6985
950,0,12526
1010,0,12526
1011,0,12526
1588,0,12526
10402,2,12526
12526,1,6306
12526,1,6933
12526,1,6937
12526,1,6945
12526,1,7350
12526,1,9214
12526,1,9353
951,0,12527
952,0,12527
953,0,12527
10402,2,12527
12527,1,6118
12527,1,6485
12527,1,6899
12527,1,7033
12527,1,7071
753,0,12528
932,0,12528
10402,2,12528
12528,1,8224
12528,1,9354
442,0,12529
2167,0,12529
2499,0,12529
10402,2,12529
12529,1,5966
12529,1,6082
12529,1,6116
12529,1,6650
12529,1,6962
934,0,12530
1392,0,12530
1576,0,12530
10402,2,12530
12530,1,5919
12530,1,6055
12530,1,6876
12530,1,6934
12530,1,7344
12530,1,7349
12530,1,9356
148,0,12531
601,0,12531
1187,0,12531
1232,0,12531
10402,2,12531
12531,1,6125
12531,1,6306
12531,1,6940
12531,1,7154
12531,1,8137
12531,1,8242
912,0,12532
1591,0,12532
2182,0,12532
10402,2,12532
12532,1,5919
12532,1,6055
12532,1,6528
12532,1,6876
12532,1,6934
12532,1,6940
12532,1,7175
12532,3,10463
625,0,12533
1557,0,12533
2214,0,12533
10402,2,12533
12533,1,5952
12533,1,6013
12533,1,6253
12533,1,6924
12533,1,7474
570,0,12534
10402,2,12534
12534,1,6118
12534,1,6122
12534,1,6305
12534,1,6507
12534,1,7115
12534,1,8186
12534,3,10509
570,0,12535
589,0,12535
10402,2,12535
12535,1,6003
12535,1,6118
12535,1,6528
12535,1,6867
12535,1,6923
12535,1,9357
1188,0,12536
1189,0,12536
3290,0,12536
4303,0,12536
10402,2,12536
12536,1,5921
12536,1,5936
12536,1,6003
12536,1,6004
12536,1,7318
12536,1,7360
12536,1,8790
12536,1,9358
12536,1,9359
533,0,12537
992,0,12537
10402,2,12537
12537,1,5972
12537,1,6222
12537,1,7388
12537,1,7432
12537,1,7769
12537,1,8663
12537,1,9360
722,0,12538
973,0,12538
10402,2,12538
12538,1,5921
12538,1,5972
12538,1,6091
12538,1,6097
12538,1,6137
12538,1,6363
12538,1,6749
12538,1,7384
12538,3,12578
623,0,12539
625,0,12539
4400,0,12539
10402,2,12539
12539,1,5936
12539,1,5938
12539,1,6064
12539,1,6341
12539,1,6435
12539,1,6715
12539,1,6856
12539,1,7474
726,0,12540
975,0,12540
10402,2,12540
12540,1,6042
12540,1,6149
12540,1,6911
12540,1,8293
12540,1,9361
997,0,12541
1571,0,12541
1724,0,12541
10402,2,12541
12541,1,6237
12541,1,6409
12541,1,7322
12541,1,7359
977,0,12542
978,0,12542
10402,2,12542
12542,1,5921
12542,1,6194
12542,1,6314
12542,1,6766
12542,1,7279
12542,1,7365
12542,1,7366
12542,1,9363
12542,3,12181
4117,0,12543
5237,0,12543
10402,2,12543
12543,1,5943
12543,1,5993
571,0,12544
748,0,12544
979,0,12544
10402,2,12544
12544,1,6958
12544,1,7013
12544,1,7168
12544,1,8071
12544,1,9066
969,0,12545
976,0,12545
981,0,12545
10402,2,12545
12545,1,5921
12545,1,6054
12545,1,6405
12545,3,12220
2361,0,12546
5139,0,12546
10402,2,12546
12546,1,5970
12546,1,6065
12546,1,6164
12546,1,6171
12546,1,6206
12546,1,6250
12546,1,6283
12546,1,6297
12546,1,7781
12546,1,9054
1193,0,12547
1195,0,12547
10402,2,12547
12547,1,5936
12547,1,5937
12547,1,5938
12547,1,5973
12547,3,14617
12547,3,14752
12547,3,15621
12547,3,15552
12547,3,13593
12547,3,10580
12547,3,14876
12547,3,14495
2439,0,12548
3940,0,12548
4000,0,12548
10402,2,12548
12548,1,5992
12548,1,6241
12548,1,6247
12548,1,7604
12548,3,14458
12548,3,13840
1551,0,12549
10402,2,12549
12549,1,5958
12549,1,6153
12549,1,6930
12549,1,7050
1133,0,12550
4057,0,12550
10402,2,12550
12550,1,5954
12550,1,6475
12550,1,6924
12550,1,6926
12550,1,7325
12550,1,7507
12550,1,8194
12550,3,10461
996,0,12551
1344,0,12551
2514,0,12551
3323,0,12551
4659,0,12551
4662,0,12551
10402,2,12551
12551,1,5947
12551,1,5996
12551,1,6181
12551,1,6486
12551,1,8192
750,0,12552
1028,0,12552
10402,2,12552
12552,1,5936
12552,1,6071
12552,1,6104
12552,1,6795
12552,1,6836
12552,1,6857
750,0,12553
1028,0,12553
10402,2,12553
12553,1,5937
12553,1,5968
12553,1,6104
12553,1,8487
12553,1,9370
628,0,12554
4046,0,12554
10402,2,12554
12554,1,5919
12554,1,6055
12554,1,6612
12554,1,6934
12554,1,9371
454,0,12555
1023,0,12555
10402,2,12555
12555,1,5941
12555,1,6040
12555,1,6116
12555,1,6199
12555,1,6721
12555,1,9373
809,0,12556
1035,0,12556
10402,2,12556
12556,1,6118
12556,1,6279
12556,1,6650
12556,1,7746
12556,1,8421
454,0,12557
1023,0,12557
10402,2,12557
12557,1,6112
12557,1,6400
12557,1,7085
12557,1,7926
12557,1,8498
12557,1,8958
12557,3,10498
12557,3,12400
454,0,12558
1023,0,12558
10402,2,12558
12558,1,6007
12558,1,6850
12558,1,9374
12558,1,9375
436,0,12559
454,0,12559
1617,0,12559
10402,2,12559
12559,1,5941
12559,1,5942
12559,1,6040
12559,1,6250
12559,1,6940
12559,1,7208
1730,0,12560
10402,2,12560
12560,1,5916
12560,1,5936
12560,1,6537
12560,1,7176
12560,1,8568
12560,1,8960
12560,1,9376
935,0,12561
1577,0,12561
1578,0,12561
10402,2,12561
12561,1,5954
12561,1,5975
12561,1,6247
12561,1,6337
12561,1,6607
12561,1,7030
48,0,12562
335,0,12562
1191,0,12562
10402,2,12562
12562,1,5921
12562,1,5936
12562,1,5940
12562,1,6130
12562,1,6314
12562,1,6353
12562,1,7218
12562,3,15552
12562,3,15467
12562,3,12224
1526,0,12563
1527,0,12563
10402,2,12563
12563,1,6116
12563,1,7301
12563,1,8103
57,0,12564
2284,0,12564
10402,2,12564
12564,1,5936
12564,1,5978
12564,1,6013
12564,1,6200
12564,1,6303
12564,1,6839
12564,1,7304
12564,1,8196
12564,1,8630
12564,1,9377
969,0,12565
970,0,12565
10402,2,12565
12565,1,6285
12565,1,6337
12565,1,6884
969,0,12566
970,0,12566
10402,2,12566
12566,1,6001
12566,1,6117
12566,1,6215
12566,1,6277
12566,1,6285
12566,1,6337
12566,1,6911
100,0,12567
2761,0,12567
10402,2,12567
12567,1,5927
12567,1,5991
12567,1,5994
12567,1,6190
12567,1,6981
12567,3,12319
12567,3,12330
867,0,12568
1061,0,12568
1062,0,12568
10402,2,12568
12568,1,6097
12568,1,6258
12568,1,6754
12568,1,6846
12568,1,7854
12568,1,9379
1040,0,12569
1047,0,12569
2764,0,12569
10402,2,12569
12569,1,5927
12569,1,6126
12569,1,6139
12569,1,6451
12569,1,7894
12569,1,7959
12569,3,12286
12569,3,12193
2207,0,12570
5270,0,12570
10402,2,12570
12570,1,5921
12570,1,5978
12570,1,6084
12570,1,6250
12570,1,6305
12570,1,6652
12570,1,6695
12570,1,6831
12570,3,13965
801,0,12571
1048,0,12571
4587,0,12571
10402,2,12571
12571,1,5937
12571,1,5970
12571,1,6014
12571,1,6220
12571,1,6250
12571,1,6567
12571,1,6996
12571,1,7238
490,0,12572
1066,0,12572
10402,2,12572
12572,1,5952
12572,1,6052
12572,1,6053
12572,1,6131
12572,1,6220
12572,1,6906
12572,1,6998
613,0,12573
10402,2,12573
12573,1,5937
12573,1,6526
12573,1,6625
12573,1,8432
12573,1,8639
1318,0,12574
1523,0,12574
4632,0,12574
10402,2,12574
12574,1,5921
12574,1,6925
12574,3,12216
1012,0,12575
1579,0,12575
10402,2,12575
12575,1,6649
12575,1,6650
12575,1,7746
12575,1,8192
1255,0,12576
1256,0,12576
2284,0,12576
4719,0,12576
10402,2,12576
12576,1,5925
12576,1,5996
12576,1,6341
12576,1,6569
12576,1,6826
12576,1,7368
120,0,12577
475,0,12577
476,0,12577
477,0,12577
755,0,12577
1072,0,12577
10402,2,12577
12577,1,5919
12577,1,6087
12577,1,6096
12577,1,7966
12577,1,9383
959,0,12579
1298,0,12579
1584,0,12579
1585,0,12579
10402,2,12579
12579,1,6040
12579,1,6055
12579,1,6656
12579,1,6978
12579,3,12519
930,0,12580
10402,2,12580
12580,1,6003
12580,1,6877
12580,1,6969
12580,1,7816
12580,1,9386
12580,3,10501
12580,3,13624
459,0,12581
634,0,12581
1075,0,12581
10402,2,12581
12581,1,9205
12581,1,9334
12581,1,9388
672,0,12582
1077,0,12582
10402,2,12582
12582,1,5954
12582,1,6072
12582,1,6488
12582,1,6958
12582,1,7013
12582,1,7613
530,0,12583
613,0,12583
10402,2,12583
12583,1,5937
12583,1,5978
12583,1,5996
12583,1,6172
530,0,12584
613,0,12584
10402,2,12584
12584,1,5937
12584,1,6174
12584,1,6526
12584,1,7979
12584,1,8432
545,0,12585
552,0,12585
10402,2,12585
12585,1,6041
12585,1,6163
12585,1,6420
12585,1,6800
12585,1,7821
953,0,12586
3746,0,12586
10402,2,12586
12586,1,5921
12586,1,5970
12586,1,6059
12586,1,8786
12586,1,9389
683,0,12587
5271,0,12587
10402,2,12587
12587,1,5956
12587,1,5970
12587,1,6025
12587,1,6090
12587,1,6220
12587,1,7833
12587,1,9210
1512,0,12588
2700,0,12588
2974,0,12588
5272,0,12588
10402,2,12588
12588,1,5936
12588,1,5992
12588,1,6050
12588,1,6086
12588,1,6237
12588,1,6346
12588,1,6607
12588,1,6854
12588,1,9234
12588,1,9390
12588,3,13420
744,0,12589
1531,0,12589
10402,2,12589
12589,1,5919
12589,1,6474
12589,1,6836
12589,1,6909
12589,1,7221
12589,1,7337
12589,1,9392
979,0,12590
1513,0,12590
10402,2,12590
12590,1,5978
12590,1,6086
12590,1,6131
12590,1,6229
12590,1,6337
12590,1,6414
12590,1,6612
12590,1,7122
12590,1,7369
12590,1,8391
12590,3,15077
713,0,12591
777,0,12591
4042,0,12591
10402,2,12591
12591,1,5929
12591,1,6488
12591,1,6940
12591,1,7322
12591,1,7395
12591,1,7590
12591,1,7830
12591,1,8066
12591,1,9387
12591,1,9393
773,0,12592
1108,0,12592
1840,0,12592
10402,2,12592
12592,1,5936
12592,1,5977
12592,1,6053
12592,1,6073
12592,1,6090
12592,1,6207
12592,1,6799
12592,1,6853
12592,1,8532
1729,0,12593
10402,2,12593
12593,1,6201
12593,1,6304
12593,1,6455
12593,1,6891
12593,1,7436
12593,1,9104
818,0,12594
1004,0,12594
10402,2,12594
12594,1,5954
12594,1,6118
12594,1,6881
12594,1,6958
12594,1,7013
12594,1,8159
796,0,12595
825,0,12595
2789,0,12595
10402,2,12595
12595,1,6730
12595,1,8102
2365,0,12596
10402,2,12596
12596,1,6141
12596,1,6352
12596,1,6656
12596,1,6940
12596,1,8044
2365,0,12597
10402,2,12597
12597,1,5936
12597,1,6141
12597,1,6165
12597,1,6247
12597,1,6474
12597,1,6571
12597,1,6946
12597,1,7395
12597,1,9394
748,0,12599
1094,0,12599
10402,2,12599
12599,1,5970
12599,1,6359
12599,1,6405
12599,1,6475
12599,1,7365
12599,1,7960
12599,1,8550
98,0,12600
1615,0,12600
2760,0,12600
10402,2,12600
12600,1,5921
12600,1,5939
12600,1,6010
12600,1,6135
12600,1,6322
12600,1,6439
12600,1,6979
12600,1,7506
12600,1,9395
12600,1,9396
667,0,12601
726,0,12601
10402,2,12601
12601,1,6409
12601,1,7639
12601,1,7676
12601,1,7893
12601,1,7940
390,0,12602
2133,0,12602
2134,0,12602
10402,2,12602
12602,1,5919
12602,1,6077
12602,1,6104
12602,1,6599
12602,1,7045
12602,1,7168
1010,0,12603
1011,0,12603
10402,2,12603
12603,1,5958
12603,1,6104
12603,1,6306
12603,1,6607
12603,1,6945
12603,1,7168
12603,1,7322
12603,1,7350
886,0,12604
1011,0,12604
10402,2,12604
12604,1,6106
12604,1,6306
12604,1,6607
12604,1,6945
12604,1,6954
12604,1,7732
12604,1,7918
49,0,12605
147,0,12605
4717,0,12605
5273,0,12605
10402,2,12605
12605,1,5966
12605,1,6153
12605,1,6488
12605,1,6747
12605,1,6787
12605,1,7226
12605,1,8070
1550,0,12606
1560,0,12606
10402,2,12606
12606,1,6118
12606,1,6306
12606,1,6933
12606,1,7001
12606,1,9228
12606,1,9399
930,0,12607
933,0,12607
10402,2,12607
12607,1,5943
12607,1,5972
12607,1,5986
12607,1,7037
12607,1,7380
2446,0,12608
2468,0,12608
10402,2,12608
12608,1,6216
12608,1,6456
12608,1,6988
12608,1,7220
12608,1,8143
1467,0,12609
2686,0,12609
3994,0,12609
4414,0,12609
4634,0,12609
10402,2,12609
12609,1,6100
12609,1,6118
12609,1,6569
12609,1,6881
12609,1,8110
111,0,12610
667,0,12610
10402,2,12610
12610,1,5937
12610,1,6001
12610,1,6013
12610,1,6040
12610,1,6133
12610,1,6187
12610,1,6833
12610,1,6845
12610,1,7216
12610,1,7758
2652,0,12611
4482,0,12611
5274,0,12611
5275,0,12611
10402,2,12611
12611,1,5921
12611,1,5929
12611,1,6277
12611,1,6798
12611,1,7439
124,0,12612
1038,0,12612
1054,0,12612
1792,0,12612
4047,0,12612
10402,2,12612
12612,1,6118
12612,1,6181
12612,1,6301
12612,1,9043
12612,3,12222
468,0,12613
1054,0,12613
10402,2,12613
12613,1,6607
12613,1,6851
12613,1,8249
12613,3,12133
1169,0,12615
5235,0,12615
10402,2,12615
12615,1,5956
12615,1,6191
12615,1,6306
12615,1,7066
12615,1,7154
12615,1,7995
12615,1,8741
12615,3,11064
477,0,12616
725,0,12616
1139,0,12616
10402,2,12616
12616,1,5936
12616,1,5970
12616,1,6061
12616,1,6222
12616,1,6352
12616,1,6410
12616,1,6948
12616,1,7704
12616,3,10549
12616,3,12220
2216,0,12617
10402,2,12617
12617,1,6116
12617,1,6296
12617,1,6874
12617,1,7093
12617,1,9402
2216,0,12618
4009,0,12618
10402,2,12618
12618,1,6040
12618,1,6116
12618,1,6650
12618,1,6882
12618,1,6962
12618,1,7250
602,0,12619
711,0,12619
4401,0,12619
10402,2,12619
12619,1,5970
12619,1,6070
12619,1,6086
12619,1,7066
12619,1,7067
12619,1,7525
858,0,12620
1215,0,12620
2685,0,12620
2706,0,12620
10402,2,12620
12620,1,5919
12620,1,6656
12620,1,7259
12620,1,7672
12620,1,9403
1168,0,12621
1169,0,12621
1170,0,12621
10402,2,12621
12621,1,5925
12621,1,5943
12621,1,5970
12621,1,6052
12621,1,6228
12621,1,6296
12621,1,6301
12621,1,6887
12621,1,7000
12621,1,7361
12621,1,9404
655,0,12622
656,0,12622
846,0,12622
1153,0,12622
10402,2,12622
12622,1,5970
12622,1,6070
12622,1,6097
12622,1,6206
12622,1,6306
12622,1,6795
12622,1,6933
149,0,12623
2377,0,12623
2484,0,12623
10402,2,12623
12623,1,6181
12623,1,6269
12623,1,6673
12623,1,6855
12623,1,8361
12623,1,9154
149,0,12624
288,0,12624
10402,2,12624
12624,1,5953
12624,1,6077
12624,1,6078
12624,1,6197
12624,1,6269
12624,1,7541
12624,1,9406
725,0,12625
1139,0,12625
1257,0,12625
10402,2,12625
12625,1,5977
12625,1,6073
12625,1,6163
12625,1,6410
12625,1,7361
12625,3,12220
927,0,12626
10402,2,12626
12626,1,6073
12626,1,6207
12626,1,6241
12626,1,8847
12626,1,9315
684,0,12627
1530,0,12627
10402,2,12627
12627,1,5936
12627,1,6116
12627,1,6117
12627,1,6186
12627,1,6269
12627,1,6850
12627,1,6965
12627,1,8044
12627,1,8103
684,0,12628
1530,0,12628
10402,2,12628
12628,1,6013
12628,1,6323
12628,1,6965
12628,1,7635
12628,1,8476
12628,1,8908
1269,0,12629
1533,0,12629
5153,0,12629
5276,0,12629
10402,2,12629
12629,1,6784
12629,1,7229
12629,1,7259
12629,1,8875
12629,1,9407
1158,0,12630
1326,0,12630
2100,0,12630
10402,2,12630
12630,1,6384
12630,1,6698
12630,1,6988
12630,1,8212
12630,1,8822
12630,1,9408
12630,3,13252
12630,3,12285
452,0,12631
454,0,12631
1023,0,12631
2313,0,12631
10402,2,12631
12631,1,6153
12631,1,7450
12631,1,8323
12631,1,9410
2702,0,12632
10402,2,12632
12632,1,6321
12632,1,6414
12632,1,6689
12632,1,6788
12632,1,7160
12632,1,8322
111,0,12633
667,0,12633
10402,2,12633
12633,1,5937
12633,1,6035
12633,1,6040
12633,1,6833
12633,1,7007
12633,1,7758
12633,1,8558
12633,3,13602
12633,3,13559
12633,3,15487
12633,3,13558
506,0,12634
531,0,12634
578,0,12634
5277,0,12634
10402,2,12634
12634,1,5936
12634,1,5937
12634,1,6035
12634,1,6066
12634,1,6475
12634,1,6642
12634,1,6930
12634,1,7636
567,0,12635
1563,0,12635
4088,0,12635
5278,0,12635
10402,2,12635
12635,1,5929
12635,1,5970
12635,1,6386
12635,1,6405
12635,1,7128
12635,3,14161
56,0,12636
4688,0,12636
10402,2,12636
12636,1,6171
12636,1,7318
634,0,12637
1620,0,12637
4048,0,12637
10402,2,12637
12637,1,5936
12637,1,5975
12637,1,6055
12637,1,6117
12637,1,8871
1171,0,12638
10402,2,12638
12638,1,5921
12638,1,5924
12638,1,6798
12638,1,7136
12638,3,12242
12638,3,11180
489,0,12639
979,0,12639
1173,0,12639
5279,0,12639
10402,2,12639
12639,1,5921
12639,1,6193
12639,1,6194
12639,1,6401
5280,0,12640
10402,2,12640
12640,1,6401
12640,1,6926
12640,1,9412
657,0,12641
1205,0,12641
5225,0,12641
10402,2,12641
12641,1,5991
12641,1,6112
12641,1,6352
12641,1,6483
12641,1,6906
12641,3,13077
1450,0,12642
3206,0,12642
10402,2,12642
12642,1,5937
12642,1,6250
12642,1,6352
12642,1,6573
12642,1,7486
12642,1,8656
12642,1,9413
1176,0,12643
1450,0,12643
3206,0,12643
10402,2,12643
12643,1,5937
12643,1,6237
12643,1,6352
12643,1,6607
12643,1,6741
506,0,12644
578,0,12644
10402,2,12644
12644,1,6066
12644,1,6096
12644,1,6930
12644,1,7060
4100,0,12645
4101,0,12645
10402,2,12645
12645,1,5929
12645,1,6199
12645,1,6255
12645,1,6686
923,0,12646
4402,0,12646
10402,2,12646
12646,1,5936
12646,1,6686
12646,1,6719
12646,1,7654
12646,1,7938
131,0,12647
574,0,12647
10402,2,12647
12647,1,5970
12647,1,6059
12647,1,7220
12647,1,7329
12647,1,7438
12647,1,7439
12647,1,7486
12647,1,7747
489,0,12648
1173,0,12648
1610,0,12648
4126,0,12648
4127,0,12648
4128,0,12648
10402,2,12648
12648,1,5978
12648,1,5980
12648,1,6485
12648,1,7490
12648,1,8398
12648,3,12167
858,0,12649
1215,0,12649
10402,2,12649
12649,1,5919
12649,1,6247
12649,1,6291
12649,1,6607
12649,1,6656
12649,1,6802
1113,0,12650
5282,0,12650
10402,2,12650
12650,1,6116
12650,1,6309
12650,1,6386
12650,1,6931
997,0,12651
1113,0,12651
5282,0,12651
10402,2,12651
12651,1,5938
12651,1,6040
12651,1,6133
12651,1,6656
571,0,12652
653,0,12652
1224,0,12652
1228,0,12652
10402,2,12652
12652,1,6087
12652,1,6181
12652,1,6477
12652,1,6702
12652,1,6995
12652,1,7324
12652,1,8068
12652,1,8309
12652,1,9058
12652,1,9128
12652,1,9416
1169,0,12653
1698,0,12653
2890,0,12653
10402,2,12653
12653,1,6082
12653,1,6127
12653,1,6137
12653,1,6458
12653,1,6651
12653,1,6676
12653,1,7025
12653,3,14100
507,0,12654
534,0,12654
1237,0,12654
1238,0,12654
2372,0,12654
4635,0,12654
10402,2,12654
12654,1,5936
12654,1,5940
12654,1,6014
12654,1,6040
12654,1,6846
12654,1,6890
12654,1,9417
12654,3,10486
479,0,12655
527,0,12655
1091,0,12655
10402,2,12655
12655,1,5921
12655,1,6014
12655,1,6083
12655,1,6089
12655,1,6308
12655,1,6798
12655,1,7352
12655,1,8063
12655,1,8366
12655,3,14048
12655,3,12098
12655,3,12267
12655,3,12269
4614,0,12656
10402,2,12656
12656,1,5953
12656,1,6091
12656,1,6247
12656,1,6402
12656,1,6474
12656,1,6607
12656,1,8573
12656,1,9418
574,0,12657
1244,0,12657
10402,2,12657
12657,1,6127
12657,1,6242
12657,1,6250
12657,1,6265
12657,1,6972
12657,1,7071
421,0,12658
967,0,12658
1041,0,12658
1245,0,12658
1310,0,12658
10402,2,12658
12658,1,6337
12658,1,6689
12658,1,6870
12658,1,6947
12658,1,7210
12658,1,7325
12658,1,7365
12658,1,8720
421,0,12659
1041,0,12659
1245,0,12659
1246,0,12659
10402,2,12659
12659,1,6055
12659,1,6303
12659,1,6424
12659,1,6808
12659,1,7325
12659,1,8345
59,0,12660
1013,0,12660
1247,0,12660
1248,0,12660
5234,0,12660
10402,2,12660
12660,1,5977
12660,1,6161
12660,1,6171
12660,1,6314
12660,1,6761
12660,1,6830
12660,1,8154
12660,1,9419
649,0,12661
910,0,12661
5283,0,12661
10402,2,12661
12661,1,6087
12661,1,6171
12661,1,6926
12661,1,7324
823,0,12662
3978,0,12662
4763,0,12662
10402,2,12662
12662,1,5996
12662,1,6538
12662,1,6929
12662,1,8657
12662,3,13806
12662,3,14266
698,0,12663
1241,0,12663
10402,2,12663
12663,1,5967
12663,1,6041
12663,1,6833
12663,1,9421
696,0,12664
698,0,12664
10402,2,12664
12664,1,5927
12664,1,5956
12664,1,6149
12664,1,6282
12664,1,7520
4022,0,12665
4403,0,12665
10402,2,12665
12665,1,6264
12665,1,6265
12665,1,6314
12665,1,6587
12665,1,7942
2973,0,12666
10402,2,12666
12666,1,6224
12666,1,6820
12666,1,6944
12666,1,7872
12666,1,7873
839,0,12667
1243,0,12667
10402,2,12667
12667,1,6007
12667,1,6008
12667,1,6100
12667,1,6171
12667,1,6870
12667,1,7259
12667,1,7386
12667,1,7843
2273,0,12668
3919,0,12668
10402,2,12668
12668,1,6118
12668,1,6212
12668,1,6269
12668,1,6386
12668,1,6406
12668,1,6879
12668,1,8256
12668,1,8352
12668,1,8427
12668,3,10743
12668,3,11177
795,0,12669
2209,0,12669
10402,2,12669
12669,1,5936
12669,1,6087
12669,1,6325
12669,1,6614
12669,1,9422
1197,0,12670
1260,0,12670
1261,0,12670
4586,0,12670
4666,0,12670
5284,0,12670
5285,0,12670
10402,2,12670
12670,1,5970
12670,1,6449
12670,1,6494
12670,1,7146
12670,1,7815
12670,1,7896
12670,1,9242
12670,1,9423
628,0,12671
846,0,12671
4045,0,12671
10402,2,12671
12671,1,6055
12671,1,6526
12671,1,6828
12671,1,6934
12671,1,9138
12671,3,10529
795,0,12672
1121,0,12672
2258,0,12672
10402,2,12672
12672,1,6014
12672,1,6085
12672,1,6089
12672,1,6105
12672,1,6418
12672,1,6692
12672,1,7171
12672,1,9424
12672,1,9425
12672,3,14104
863,0,12673
3701,0,12673
10402,2,12673
12673,1,6216
12673,1,7613
12673,1,8110
12673,3,14334
97,0,12674
573,0,12674
1259,0,12674
2502,0,12674
10402,2,12674
12674,1,5923
12674,1,5924
12674,1,5970
12674,1,6022
12674,1,7049
12674,1,7511
12674,1,7704
12674,3,10549
2366,0,12675
2550,0,12675
2595,0,12675
10402,2,12675
12675,1,5936
12675,1,6014
12675,1,6185
12675,1,6186
12675,1,6303
12675,3,15342
12675,3,13498
534,0,12676
863,0,12676
1265,0,12676
10402,2,12676
12676,1,6050
12676,1,6247
12676,1,6475
12676,1,6650
12676,1,6820
12676,1,7162
12676,1,9427
98,0,12677
352,0,12677
5286,0,12677
10402,2,12677
12677,1,5936
12677,1,7191
12677,1,7204
12677,1,9217
12677,1,9383
12677,1,9428
12677,1,9429
12677,1,9430
802,0,12678
10402,2,12678
12678,1,5946
12678,1,5947
12678,1,5992
12678,1,7652
12678,1,9431
12678,1,9432
12678,3,15576
3958,0,12679
10402,2,12679
12679,1,5936
12679,1,5972
12679,1,5976
12679,1,6053
12679,1,6118
12679,1,6137
12679,1,6299
12679,1,6509
12679,1,8197
12679,1,9433
619,0,12680
1459,0,12680
10402,2,12680
12680,1,5927
12680,1,5996
12680,1,6247
12680,1,6455
12680,1,6836
12680,1,7507
12680,1,7991
12680,1,9111
1279,0,12681
1280,0,12681
4406,0,12681
10402,2,12681
12681,1,6007
12681,1,6892
12681,1,6948
12681,1,7050
1314,0,12682
10402,2,12682
12682,1,6118
12682,1,6528
12682,1,7350
12682,1,7484
12682,1,7788
910,0,12683
1219,0,12683
10402,2,12683
12683,1,6086
12683,1,6235
12683,1,6237
12683,1,6697
12683,3,12250
787,0,12684
1281,0,12684
10402,2,12684
12684,1,6181
12684,1,6291
12684,1,6303
12684,1,6604
12684,1,8031
12684,1,8139
787,0,12685
1281,0,12685
10402,2,12685
12685,1,6055
12685,1,6197
12685,1,6424
12685,1,6645
12685,1,6870
653,0,12686
938,0,12686
1034,0,12686
10402,2,12686
12686,1,5936
12686,1,6181
12686,1,6229
12686,1,6959
12686,1,7059
12686,1,7325
12686,1,7960
180,0,12687
508,0,12687
772,0,12687
5245,0,12687
10402,2,12687
12687,1,5937
12687,1,5992
12687,1,6041
12687,1,6045
12687,1,6046
12687,1,6064
12687,1,6550
180,0,12688
772,0,12688
10402,2,12688
12688,1,6003
12688,1,6041
12688,1,6138
12688,1,6153
12688,1,6296
12688,1,6488
12688,1,6824
12688,1,6835
124,0,12689
972,0,12689
10402,2,12689
12689,1,5921
12689,1,6139
12689,1,6142
12689,1,8052
12689,3,12190
569,0,12690
1595,0,12690
10402,2,12690
12690,1,5921
12690,1,6118
12690,1,6194
12690,1,6218
12690,1,6697
12690,3,12284
12690,3,12133
1304,0,12691
10402,2,12691
12691,1,5919
12691,1,6481
12691,1,8207
12691,1,8208
690,0,12692
691,0,12692
1027,0,12692
2457,0,12692
10402,2,12692
12692,1,5921
12692,1,6854
12692,1,6946
12692,1,7271
12692,3,12250
12692,3,12220
1311,0,12693
1312,0,12693
1313,0,12693
10402,2,12693
12693,1,6035
12693,1,6650
12693,1,6699
12693,1,7044
12693,1,8184
12693,1,8426
795,0,12694
2201,0,12694
10402,2,12694
12694,1,6087
12694,1,6091
12694,1,6301
12694,1,6627
12694,1,7200
12694,3,13965
1190,0,12695
1331,0,12695
5287,0,12695
10402,2,12695
12695,1,6301
12695,1,6526
12695,1,6943
12695,3,13390
12695,3,13873
348,0,12696
506,0,12696
10402,2,12696
12696,1,6189
12696,1,6833
12696,1,7060
12696,1,7476
12696,1,8222
580,0,12697
581,0,12697
10402,2,12697
12697,1,5978
12697,1,5987
12697,1,6131
12697,1,6172
12697,1,6364
12697,1,8352
2433,0,12698
2705,0,12698
10402,2,12698
12698,1,6126
12698,1,6247
12698,1,6576
12698,1,6607
12698,1,7613
12698,1,9135
1459,0,12699
4667,0,12699
10402,2,12699
12699,1,5994
12699,1,6007
12699,1,6118
12699,1,6529
12699,1,6892
12699,1,6948
12699,1,7050
12699,1,8291
12699,1,9438
12699,3,10439
798,0,12700
2378,0,12700
10402,2,12700
12700,1,5978
12700,1,6071
12700,1,6086
12700,1,6237
12700,1,6334
12700,1,6507
12700,1,6898
12700,1,6948
12700,3,12250
1385,0,12702
2283,0,12702
2294,0,12702
10402,2,12702
12702,1,6121
12702,1,6133
12702,1,6352
12702,1,6485
12702,1,6821
12702,1,6848
12702,1,8580
2803,0,12703
10402,2,12703
12703,1,5987
12703,1,6675
12703,1,7547
12703,1,7590
12703,1,7914
12703,1,9439
1332,0,12704
10402,2,12704
12704,1,6041
12704,1,6485
12704,1,6940
12704,1,7088
12704,1,7997
1332,0,12705
10402,2,12705
12705,1,5956
12705,1,6041
12705,1,6650
12705,1,6924
12705,1,6961
12705,3,10611
509,0,12706
1334,0,12706
10402,2,12706
12706,1,6086
12706,1,6871
12706,1,7291
12706,1,9441
364,0,12707
912,0,12707
10402,2,12707
12707,1,6021
12707,1,6116
12707,1,6485
12707,1,6961
12707,1,6962
12707,1,7280
12707,1,8324
12707,1,8370
4120,0,12708
10402,2,12708
12708,1,6109
12708,1,6116
12708,1,6117
12708,1,6668
12708,1,7106
12708,1,8092
1338,0,12709
1459,0,12709
10402,2,12709
12709,1,5925
12709,1,6247
12709,1,6544
12709,1,7365
12709,1,9442
1231,0,12710
1405,0,12710
10402,2,12710
12710,1,5994
12710,1,6097
12710,1,6121
12710,1,6550
12710,3,10579
304,0,12711
778,0,12711
2147,0,12711
10402,2,12711
12711,1,6036
12711,1,7431
12711,1,8470
12711,1,9443
12711,1,9444
665,0,12712
1231,0,12712
10402,2,12712
12712,1,6055
12712,1,6142
12712,1,6213
12712,1,6247
12712,1,6424
12712,1,6854
2149,0,12713
2150,0,12713
2186,0,12713
10402,2,12713
12713,1,6141
12713,1,6216
12713,1,6648
12713,1,8215
12713,1,8716
12713,1,9010
1527,0,12714
10402,2,12714
12714,1,6119
12714,1,6795
12714,1,7060
1011,0,12715
1118,0,12715
1587,0,12715
10402,2,12715
12715,1,5918
12715,1,6050
12715,1,6087
12715,1,6432
12715,1,6741
12715,1,6890
489,0,12716
2375,0,12716
10402,2,12716
12716,1,5927
12716,1,6165
12716,1,6247
12716,1,6337
12716,1,6650
12716,1,9446
94,0,12717
10402,2,12717
12717,1,6008
12717,1,6440
12717,1,6509
12717,1,7127
12717,1,7677
12717,1,9396
12717,1,9448
94,0,12718
1340,0,12718
10402,2,12718
12718,1,7602
12718,1,9449
94,0,12719
944,0,12719
1340,0,12719
2754,0,12719
10402,2,12719
12719,1,6010
12719,1,6181
12719,1,6612
12719,1,6979
12719,1,7005
12719,1,9450
703,0,12721
10402,2,12721
12721,1,6761
12721,1,8144
12721,1,8212
12721,1,9221
12721,1,9452
764,0,12722
774,0,12722
5288,0,12722
10402,2,12722
12722,1,5993
12722,1,6040
12722,1,6485
12722,1,7731
12722,3,12309
68,0,12723
752,0,12723
1462,0,12723
1700,0,12723
1819,0,12723
10402,2,12723
12723,1,5972
12723,1,6137
12723,1,6309
617,0,12724
855,0,12724
10402,2,12724
12724,1,6088
12724,1,6089
12724,1,6116
12724,1,6617
12724,1,6765
612,0,12725
640,0,12725
683,0,12725
1368,0,12725
1369,0,12725
2750,0,12725
10402,2,12725
12725,1,5956
12725,1,6216
12725,1,6303
12725,1,6659
12725,1,8244
12725,1,9453
895,0,12726
976,0,12726
1019,0,12726
10402,2,12726
12726,1,6117
12726,1,6181
12726,1,6836
12726,1,7226
12726,1,9115
12726,1,9454
610,0,12727
1377,0,12727
10402,2,12727
12727,1,6528
12727,1,7184
12727,1,8207
456,0,12728
509,0,12728
1544,0,12728
10402,2,12728
12728,1,6040
12728,1,6303
12728,1,6721
12728,1,6799
12728,1,7195
12728,3,13509
509,0,12729
906,0,12729
1540,0,12729
10402,2,12729
12729,1,5920
12729,1,5934
12729,1,5937
12729,1,5972
12729,1,6702
12729,1,7826
1226,0,12730
1227,0,12730
2288,0,12730
10402,2,12730
12730,1,5921
12730,1,6476
12730,1,7480
12730,1,8421
12730,3,12114
505,0,12731
2680,0,12731
10402,2,12731
12731,1,5919
12731,1,5970
12731,1,6080
12731,1,6116
12731,1,6882
12731,1,7272
12731,1,7296
12731,1,8818
506,0,12732
1559,0,12732
10402,2,12732
12732,1,6087
12732,1,6464
12732,1,6833
12732,3,13536
124,0,12733
468,0,12733
10402,2,12733
12733,1,7767
12733,1,8999
2235,0,12734
4105,0,12734
4106,0,12734
10402,2,12734
12734,1,6199
12734,1,6228
12734,1,6285
12734,1,6911
12734,1,6912
686,0,12735
688,0,12735
10402,2,12735
12735,1,5918
12735,1,5936
12735,1,6277
12735,1,6995
12735,1,7155
499,0,12736
3097,0,12736
10402,2,12736
12736,1,6337
12736,1,6367
12736,1,9206
1001,0,12737
1382,0,12737
10402,2,12737
12737,1,5970
12737,1,6247
12737,1,6352
12737,1,6947
12737,1,8595
12737,1,8632
12737,1,9457
12737,3,15053
834,0,12738
836,0,12738
10402,2,12738
12738,1,5977
12738,1,6239
12738,1,7431
12738,3,12220
798,0,12739
2378,0,12739
5289,0,12739
10402,2,12739
12739,1,5978
12739,1,6086
12739,1,6193
12739,1,6237
12739,1,6334
12739,1,6948
12739,3,12250
12739,3,12220
459,0,12740
634,0,12740
10402,2,12740
12740,1,6424
12740,1,6786
12740,1,8001
1391,0,12741
5290,0,12741
10402,2,12741
12741,1,6073
12741,1,8388
12741,1,9459
12741,1,9460
795,0,12742
2196,0,12742
2199,0,12742
2200,0,12742
2202,0,12742
3856,0,12742
4396,0,12742
10402,2,12742
12742,1,5992
12742,1,6005
12742,1,6084
12742,1,6247
12742,1,6627
12742,1,8635
795,0,12743
2196,0,12743
2199,0,12743
2202,0,12743
4396,0,12743
10402,2,12743
12743,1,5992
12743,1,6247
12743,1,6627
12743,3,14095
795,0,12744
1207,0,12744
10402,2,12744
12744,1,6135
12744,1,7508
3102,0,12745
10402,2,12745
12745,1,6206
12745,1,6207
12745,1,7193
12745,1,7324
1229,0,12746
1343,0,12746
10402,2,12746
12746,1,6299
12746,1,6937
12746,1,7154
12746,1,8305
1540,0,12747
2299,0,12747
10402,2,12747
12747,1,5950
12747,1,6279
12747,1,6799
12747,1,7409
12747,3,13508
12747,3,14367
460,0,12748
503,0,12748
855,0,12748
1322,0,12748
10402,2,12748
12748,1,6003
12748,1,6216
12748,1,7387
12748,1,8308
12748,1,8422
1635,0,12749
2787,0,12749
10402,2,12749
12749,1,5921
12749,1,6126
12749,1,6572
12749,1,6663
12749,1,7128
12749,3,12327
1635,0,12750
2787,0,12750
5291,0,12750
10402,2,12750
12750,1,5985
12750,1,6565
12750,1,6873
12750,1,9461
12750,3,12327
2350,0,12751
10402,2,12751
12751,1,6003
12751,1,6006
12751,1,6039
12751,1,6351
12751,1,6355
571,0,12752
1755,0,12752
5292,0,12752
10402,2,12752
12752,1,5929
12752,1,6079
12752,1,6250
12752,1,6410
12752,1,6485
468,0,12753
10402,2,12753
12753,1,5996
12753,1,7027
12753,1,7890
1258,0,12754
1613,0,12754
1614,0,12754
10402,2,12754
12754,1,6074
12754,1,6216
12754,1,6505
12754,1,6783
12754,1,6835
12754,1,8083
466,0,12755
653,0,12755
938,0,12755
2190,0,12755
5240,0,12755
5293,0,12755
10402,2,12755
12755,1,5921
12755,1,5936
12755,1,6181
12755,1,6234
12755,1,6250
12755,1,6674
12755,1,7177
12755,1,7383
12755,1,7887
12755,1,8042
12755,1,8512
12755,1,9075
571,0,12756
1419,0,12756
10402,2,12756
12756,1,5921
12756,1,6071
12756,1,6352
12756,1,6697
12756,1,6798
1744,0,12757
2246,0,12757
10402,2,12757
12757,1,5915
12757,1,5936
12757,1,5952
12757,1,5994
12757,1,6331
12757,1,6796
12757,1,8423
3272,0,12758
4101,0,12758
10402,2,12758
12758,1,5921
12758,1,5978
12758,1,6607
12758,1,8160
12758,1,8831
115,0,12759
133,0,12759
10402,2,12759
12759,1,5921
12759,1,6026
12759,1,6131
12759,1,6216
12759,1,6226
12759,1,6411
12759,1,7602
12759,1,8996
1234,0,12760
2139,0,12760
5294,0,12760
10402,2,12760
12760,1,5936
12760,1,6003
12760,1,6165
12760,1,6768
12760,1,7008
12760,1,8311
12760,1,8484
12760,1,9462
12760,1,9464
12760,1,9465
1023,0,12761
3099,0,12761
10402,2,12761
12761,1,5941
12761,1,5963
12761,1,6040
12761,1,6116
12761,1,6795
12761,3,13508
390,0,12762
4044,0,12762
10402,2,12762
12762,1,5953
12762,1,6118
12762,1,6590
12762,1,6881
12762,1,8273
12762,1,9128
623,0,12763
625,0,12763
4641,0,12763
10402,2,12763
12763,1,6242
12763,1,6295
12763,1,6390
12763,1,6625
12763,1,6656
12763,1,6668
12763,1,7474
1524,0,12764
10402,2,12764
12764,1,6081
12764,1,6950
12764,1,9468
1443,0,12765
10402,2,12765
12765,1,5919
12765,1,5954
12765,1,6041
12765,1,6267
12765,1,6475
12765,1,7078
857,0,12766
1040,0,12766
2368,0,12766
10402,2,12766
12766,1,5921
12766,1,5966
12766,1,6851
12766,1,7991
12766,1,8280
673,0,12767
1452,0,12767
10402,2,12767
12767,1,5921
12767,1,6171
12767,1,6235
12767,1,6455
12767,1,6573
12767,1,6946
12767,1,7418
12767,1,7923
12767,1,8316
12767,1,9471
486,0,12768
10402,2,12768
12768,1,5951
12768,1,6052
12768,1,6118
12768,1,6431
12768,1,6494
12768,1,6623
12768,1,9405
1033,0,12769
2757,0,12769
10402,2,12769
12769,1,6216
12769,1,6397
12769,1,6428
12769,1,6960
12769,1,7014
12769,1,8313
12769,3,10486
634,0,12770
10402,2,12770
12770,1,6247
12770,1,6435
12770,1,6676
12770,1,8632
857,0,12771
1015,0,12771
1041,0,12771
1273,0,12771
10402,2,12771
12771,1,6189
12771,1,6576
12771,1,7230
12771,1,7602
12771,1,8687
569,0,12772
5295,0,12772
10402,2,12772
12772,1,6007
12772,1,6253
12772,1,6869
12772,1,7036
12772,1,7038
12772,1,7156
12772,1,7213
237,0,12773
2536,0,12773
10402,2,12773
12773,1,5936
12773,1,5951
12773,1,6006
12773,1,6021
12773,1,6351
12773,1,6988
12773,1,7086
1235,0,12774
1433,0,12774
4337,0,12774
10402,2,12774
12774,1,5927
12774,1,6171
12774,1,6334
12774,1,6981
12774,1,7047
12774,1,7069
12774,1,7138
12774,1,7231
12774,1,8191
12774,1,8369
12774,1,9474
521,0,12777
834,0,12777
868,0,12777
1114,0,12777
1444,0,12777
3261,0,12777
3275,0,12777
10402,2,12777
12777,1,6068
12777,1,6084
12777,1,6759
12777,1,9475
760,0,12778
1370,0,12778
2497,0,12778
10402,2,12778
12778,1,5925
12778,1,5946
12778,1,6444
12778,1,7150
12778,1,9136
659,0,12779
661,0,12779
662,0,12779
10402,2,12779
12779,1,5921
12779,1,6041
12779,1,6451
12779,1,6628
12779,3,12286
12779,3,12193
1232,0,12780
10402,2,12780
12780,1,6007
12780,1,6689
12780,1,7152
12780,1,7217
12780,1,8714
1278,0,12781
3301,0,12781
10402,2,12781
12781,1,6022
12781,1,6131
12781,1,6165
12781,1,6569
12781,1,7052
12781,1,7864
12781,1,7885
12781,1,8057
12781,1,8265
12781,1,8487
12781,1,8645
12781,1,8769
12781,1,9476
492,0,12782
1120,0,12782
3981,0,12782
10402,2,12782
12782,1,5921
12782,1,6049
12782,1,6153
12782,1,6194
12782,1,6303
12782,1,6851
12782,3,12133
455,0,12783
1518,0,12783
10402,2,12783
12783,1,6040
12783,1,8772
1059,0,12784
1078,0,12784
1679,0,12784
2529,0,12784
10402,2,12784
12784,1,5939
12784,1,6034
12784,1,6068
12784,1,6481
12784,1,6735
12784,1,7155
12784,1,9477
63,0,12785
1550,0,12785
4040,0,12785
4041,0,12785
10402,2,12785
12785,1,6003
12785,1,6441
12785,1,6879
12785,1,7966
12785,1,8173
12785,1,9095
312,0,12786
1153,0,12786
10402,2,12786
12786,1,6008
12786,1,6181
12786,1,6612
12786,1,9472
1078,0,12787
1785,0,12787
10402,2,12787
12787,1,5915
12787,1,5947
12787,1,6112
12787,1,6619
12787,1,8067
12787,1,8697
209,0,12788
5296,0,12788
10402,2,12788
12788,1,5992
12788,1,6018
12788,1,6212
12788,1,6242
12788,1,6716
12788,1,6943
12788,1,8341
12788,3,10832
12788,3,15510
12788,3,13959
12788,3,13840
93,0,12789
94,0,12789
1041,0,12789
1043,0,12789
1252,0,12789
10402,2,12789
12789,1,6226
12789,1,6851
12789,1,7384
12789,1,8161
12789,1,8162
12789,3,10683
1298,0,12790
1299,0,12790
1485,0,12790
10402,2,12790
12790,1,6040
12790,1,6122
12790,1,6656
12790,1,6978
1472,0,12791
1530,0,12791
5281,0,12791
10402,2,12791
12791,1,5978
12791,1,6103
12791,1,6116
12791,1,6370
12791,1,6617
12791,1,6788
12791,1,7160
12791,1,7301
767,0,12792
788,0,12792
1465,0,12792
4664,0,12792
10402,2,12792
12792,1,6156
12792,1,6456
12792,1,6847
12792,1,7775
5297,0,12793
10402,2,12793
12793,1,5922
12793,1,5955
12793,1,6007
12793,1,6121
12793,1,6882
12793,1,8206
12793,1,9479
567,0,12794
3803,0,12794
10402,2,12794
12794,1,5929
12794,1,5937
12794,1,5940
12794,1,6386
12794,1,6815
12794,3,11018
12794,3,14048
12794,3,12366
86,0,12795
10402,2,12795
12795,1,6003
12795,1,6464
12795,1,6560
12795,1,8199
12795,1,8407
12795,3,10576
12795,3,10679
86,0,12796
796,0,12796
10402,2,12796
12796,1,6040
12796,1,6116
12796,1,6856
12796,1,9480
0,0,12797
796,0,12797
855,0,12797
10402,2,12797
12797,1,5954
12797,1,6018
12797,1,6116
12797,1,6693
12797,1,6699
12797,1,7352
12797,1,8063
12797,1,9481
132,0,12798
187,0,12798
10402,2,12798
12798,1,6003
12798,1,6229
12798,1,6325
12798,1,6477
12798,1,6724
12798,1,7265
12798,1,7573
97,0,12799
245,0,12799
813,0,12799
10402,2,12799
12799,1,5921
12799,1,6086
12799,1,6217
12799,1,6661
12799,1,7189
12799,1,7385
312,0,12800
1153,0,12800
10402,2,12800
12800,1,6306
12800,1,6391
12800,1,7335
123,0,12801
1528,0,12801
2280,0,12801
4095,0,12801
5298,0,12801
5299,0,12801
10402,2,12801
12801,1,6003
12801,1,6013
12801,1,6043
12801,1,6118
12801,1,6303
12801,1,6675
12801,1,6881
33,0,12802
1468,0,12802
10402,2,12802
12802,1,6529
12802,1,6572
12802,1,6814
12802,1,7486
12802,3,12119
12802,3,10935
1468,0,12803
2648,0,12803
2800,0,12803
5137,0,12803
10402,2,12803
12803,1,5936
12803,1,6180
12803,1,6181
12803,1,6235
12803,1,6573
12803,1,6806
12803,1,7256
969,0,12804
1300,0,12804
1493,0,12804
1494,0,12804
1495,0,12804
10402,2,12804
12804,1,5970
12804,1,5978
12804,1,5992
12804,1,6397
12804,1,6606
12804,1,6644
12804,1,7315
12804,1,7526
12804,1,9483
108,0,12805
116,0,12805
117,0,12805
118,0,12805
119,0,12805
10402,2,12805
12805,1,6420
12805,1,7602
12805,1,8429
12805,1,9484
12805,1,9485
94,0,12806
124,0,12806
685,0,12806
10402,2,12806
12806,1,6010
12806,1,6975
12806,1,8478
12806,1,8479
12806,1,9494
666,0,12807
4690,0,12807
5170,0,12807
5357,0,12807
10403,2,12807
12807,1,6572
12807,1,7005
12807,1,7170
12807,1,7954
12807,1,8588
12807,1,8666
12807,1,9502
3231,0,12810
4652,0,12810
4653,0,12810
5358,0,12810
10403,2,12810
12810,1,5938
12810,1,5970
12810,1,6009
12810,1,6242
12810,1,6575
12810,1,6703
12810,3,11625
574,0,12811
644,0,12811
10403,2,12811
12811,1,5970
12811,1,6075
12811,1,6206
12811,1,6351
12811,1,6355
12811,1,6780
12811,1,6967
12811,1,7115
12811,3,13064
12811,3,12847
12811,3,13020
12811,3,14579
12811,3,12162
1995,0,12812
4760,0,12812
10403,2,12812
12812,1,6023
12812,1,6028
12812,1,6202
12812,1,6250
12812,1,6277
12812,1,6386
12812,1,6687
12812,1,6688
1995,0,12813
3870,0,12813
4760,0,12813
10403,2,12813
12813,1,6250
12813,1,7398
12813,1,9128
12813,3,14325
779,0,12814
4619,0,12814
10403,2,12814
12814,1,5955
12814,1,5991
12814,1,6183
12814,1,6267
12814,1,6575
12814,1,7917
12814,3,12875
12814,3,12903
12814,3,14325
12814,3,11806
510,0,12815
1676,0,12815
5359,0,12815
5360,0,12815
10403,2,12815
12815,1,5921
12815,1,6194
12815,1,6320
12815,1,6647
12815,1,6763
12815,1,8860
12815,3,13043
1321,0,12816
3949,0,12816
5023,0,12816
5037,0,12816
5141,0,12816
10403,2,12816
12816,1,6079
12816,1,6118
12816,1,6403
12816,1,6510
12816,1,6559
12816,1,6786
12816,1,7885
12816,1,8852
636,0,12817
637,0,12817
1676,0,12817
10403,2,12817
12817,1,5921
12817,1,5924
12817,1,6052
12817,1,6183
12817,1,6197
12817,1,7056
12817,1,7136
12817,3,11168
12817,3,12157
12817,3,12104
12817,3,12056
1321,0,12818
4468,0,12818
5023,0,12818
5141,0,12818
10403,2,12818
12818,1,5936
12818,1,6003
12818,1,6079
12818,1,6250
12818,1,7847
12818,1,8576
12818,3,15620
12818,3,11798
565,0,12819
574,0,12819
1321,0,12819
5141,0,12819
5361,0,12819
10403,2,12819
12819,1,5936
12819,1,6003
12819,1,6079
12819,1,6549
12819,3,12823
2560,0,12821
5247,0,12821
5362,0,12821
10403,2,12821
12821,1,5937
12821,1,5991
12821,1,6623
12821,1,7443
12821,1,7833
12821,1,7971
12821,1,8153
12821,1,8259
12821,1,9503
12821,1,9504
565,0,12823
574,0,12823
644,0,12823
10403,2,12823
12823,1,6079
12823,1,6420
12823,1,6485
12823,1,6529
12823,1,6814
12823,3,12216
12823,3,12097
12823,3,12347
12823,3,12818
12823,3,12811
12823,3,11796
565,0,12824
574,0,12824
1321,0,12824
5363,0,12824
10403,2,12824
12824,1,5937
12824,1,5970
12824,1,6265
12824,1,6386
12824,1,6614
12824,1,6899
12824,1,7616
12824,1,8018
12824,3,15147
12824,3,10837
1826,0,12825
5364,0,12825
10403,2,12825
12825,1,5970
12825,1,6242
12825,1,6250
12825,1,6604
12825,1,6738
12825,1,6739
12825,1,7164
12825,1,8025
12825,3,13093
880,0,12826
1504,0,12826
2588,0,12826
3435,0,12826
10403,2,12826
12826,1,5929
12826,1,6250
12826,1,6283
12826,1,7506
12826,3,13491
3045,0,12827
3046,0,12827
5366,0,12827
10403,2,12827
12827,1,5936
12827,1,6079
12827,1,6280
12827,1,6386
12827,1,6479
12827,3,13883
1156,0,12829
3231,0,12829
3967,0,12829
10403,2,12829
12829,1,5921
12829,1,6250
12829,1,6414
12829,1,6420
12829,1,6541
12829,1,8685
12829,1,9097
12829,3,14495
12829,3,15110
12829,3,15306
1060,0,12830
3983,0,12830
5022,0,12830
10403,2,12830
12830,1,5918
12830,1,6250
12830,1,6766
12830,1,7256
12830,1,8512
12830,3,13079
2442,0,12832
3194,0,12832
3983,0,12832
10403,2,12832
12832,1,5978
12832,1,6157
12832,1,6181
12832,1,6858
12832,1,7068
12832,1,9328
12832,3,12899
12832,3,12304
3494,0,12834
4726,0,12834
10403,2,12834
12834,1,6171
12834,1,6235
12834,1,6486
12834,1,7181
12834,1,7312
12834,1,7324
12834,1,7418
12834,1,8306
12834,1,8634
12834,1,9280
12834,3,12844
1073,0,12835
3181,0,12835
10403,2,12835
12835,1,5970
12835,1,5992
12835,1,7052
12835,1,7376
12835,1,7377
12835,1,7448
12835,1,7475
12835,1,9174
12835,1,9505
12835,3,12860
4025,0,12836
4663,0,12836
5365,0,12836
10403,2,12836
12836,1,5992
12836,1,5996
12836,1,6300
12836,1,6526
12836,1,7052
12836,1,7334
12836,3,12860
3181,0,12837
5368,0,12837
10403,2,12837
12837,1,5970
12837,1,6008
12837,1,6087
12837,1,6159
12837,1,6303
12837,1,6627
12837,1,7540
12837,1,9506
12837,3,12828
12837,3,15620
566,0,12838
2114,0,12838
2115,0,12838
3452,0,12838
10403,2,12838
12838,1,5916
12838,1,6206
12838,1,6247
12838,1,6449
12838,1,6450
12838,1,7422
12838,1,7423
367,0,12839
635,0,12839
1333,0,12839
10403,2,12839
12839,1,6033
12839,1,6404
12839,1,6475
12839,1,6620
12839,1,6621
12839,1,6795
12839,1,7005
12839,3,13020
12839,3,14507
5369,0,12840
5370,0,12840
5371,0,12840
5372,0,12840
10403,2,12840
12840,1,5951
12840,1,6242
12840,1,6250
12840,1,6645
12840,1,6801
12840,1,8232
12840,1,8593
12840,3,14687
639,0,12841
5373,0,12841
5374,0,12841
10403,2,12841
12841,1,5937
12841,1,6078
12841,1,6242
12841,1,6250
12841,1,6435
12841,1,7438
2297,0,12843
2298,0,12843
5375,0,12843
10403,2,12843
12843,1,5921
12843,1,6079
12843,1,6097
12843,1,6235
12843,1,6657
12843,1,6697
12843,1,7394
3494,0,12844
4836,0,12844
5158,0,12844
10403,2,12844
12844,1,6242
12844,1,6250
12844,1,6252
12844,1,7443
12844,1,7994
12844,1,9507
12844,3,15080
1685,0,12845
5340,0,12845
5376,0,12845
10403,2,12845
12845,1,5945
12845,1,6242
12845,1,6314
12845,1,6692
12845,1,7622
12845,1,8000
12845,1,8085
12845,1,8782
268,0,12846
1474,0,12846
3983,0,12846
10403,2,12846
12846,1,5918
12846,1,6081
12846,1,6858
12846,1,7049
12846,1,7687
12846,1,9035
12846,3,12832
568,0,12847
5377,0,12847
10403,2,12847
12847,1,5921
12847,1,6000
12847,1,6078
12847,1,6250
12847,1,6274
12847,1,6435
12847,1,6475
12847,1,6788
12847,1,7448
12847,3,14522
12847,3,14579
12847,3,13020
568,0,12850
2915,0,12850
5142,0,12850
10403,2,12850
12850,1,6827
12850,1,7499
12850,1,8299
12850,1,9513
1858,0,12851
2872,0,12851
5169,0,12851
10403,2,12851
12851,1,6171
12851,1,6630
12851,1,7005
12851,1,7418
12851,1,8677
12851,1,8798
12851,3,14687
12851,3,14794
12851,3,15222
12851,3,15087
12851,3,15106
12851,3,15103
12851,3,14633
12851,3,14743
12851,3,13096
12851,3,11613
2435,0,12852
2804,0,12852
2951,0,12852
3715,0,12852
3760,0,12852
10403,2,12852
12852,1,6250
12852,1,6337
12852,1,6688
12852,1,9514
12852,3,12889
12852,3,14569
12852,3,14325
12852,3,11466
12852,3,15449
303,0,12853
1504,0,12853
5379,0,12853
10403,2,12853
12853,1,6009
12853,1,6242
12853,1,6304
12853,1,6625
12853,1,7090
12853,3,12934
12853,3,11625
12853,3,11694
3231,0,12855
3336,0,12855
3872,0,12855
3873,0,12855
10403,2,12855
12855,1,6051
12855,1,6181
12855,1,6281
12855,1,6663
12855,1,6973
12855,1,9515
12855,3,14325
12855,3,11343
12855,3,14712
12855,3,14713
12855,3,13044
12855,3,11624
5380,0,12856
5381,0,12856
10403,2,12856
12856,1,5929
12856,1,5936
12856,1,6050
12856,1,6242
12856,1,6250
12856,1,6572
12856,1,7815
2159,0,12857
3587,0,12857
5179,0,12857
5302,0,12857
10403,2,12857
12857,1,6250
12857,1,6383
12857,1,6843
12857,1,7059
12857,1,7467
12857,1,9500
12857,1,9517
12857,1,9518
12857,3,12849
12857,3,12253
318,0,12858
319,0,12858
320,0,12858
321,0,12858
2587,0,12858
4744,0,12858
4746,0,12858
10403,2,12858
12858,1,5937
12858,1,5991
12858,1,6574
12858,1,8333
834,0,12861
1199,0,12861
1535,0,12861
4837,0,12861
5383,0,12861
10403,2,12861
12861,1,5929
12861,1,9243
12861,3,13012
12861,3,13066
12861,3,12956
10,0,12862
1874,0,12862
1876,0,12862
10403,2,12862
12862,1,5991
12862,1,6171
12862,1,6485
12862,1,7418
12862,1,7919
12862,3,12863
12862,3,11691
12862,3,15222
12862,3,11732
12862,3,15087
12862,3,15106
666,0,12864
1109,0,12864
5384,0,12864
10403,2,12864
12864,1,5927
12864,1,6013
12864,1,6576
12864,1,6650
12864,1,8502
12864,1,9519
12864,1,9520
736,0,12865
2343,0,12865
3156,0,12865
10403,2,12865
12865,1,5991
12865,1,6334
12865,1,6475
12865,1,6645
12865,1,9005
12865,1,9521
12865,3,15515
12865,3,10754
12865,3,12313
2604,0,12866
2696,0,12866
3292,0,12866
4611,0,12866
10403,2,12866
12866,1,5947
12866,1,6276
12866,1,6486
12866,1,6857
12866,3,14159
2119,0,12867
3391,0,12867
10403,2,12867
12867,1,5951
12867,1,6008
12867,1,6118
12867,1,6127
12867,1,6416
12867,1,7256
12867,1,7404
12867,3,14619
12867,3,14355
12867,3,14823
12867,3,14841
12867,3,14495
1813,0,12868
1822,0,12868
5317,0,12868
10403,2,12868
12868,1,5937
12868,1,6018
12868,1,6027
12868,1,6250
12868,1,6421
12868,3,14402
2853,0,12869
2861,0,12869
2862,0,12869
10403,2,12869
12869,1,5970
12869,1,6034
12869,1,6250
12869,1,6409
12869,1,6665
12869,1,7637
12869,1,8138
12869,1,9522
12869,3,13156
12869,3,15061
12869,3,14966
12869,3,14567
819,0,12870
4132,0,12870
5385,0,12870
5386,0,12870
5387,0,12870
10403,2,12870
12870,1,6608
12870,1,7159
12870,1,7641
12870,3,13015
12870,3,12831
821,0,12871
4306,0,12871
5334,0,12871
5388,0,12871
10403,2,12871
12871,1,6118
12871,1,6131
12871,1,6242
12871,1,6250
12871,1,6305
12871,1,6421
12871,1,8707
12871,1,9523
821,0,12872
1274,0,12872
10403,2,12872
12872,1,6646
12872,1,6651
12872,1,8085
12872,1,9524
12872,3,12049
866,0,12874
2310,0,12874
5382,0,12874
5389,0,12874
10403,2,12874
12874,1,5978
12874,1,6079
12874,1,6431
12874,1,7687
12874,1,7811
12874,1,8581
12874,3,12905
2310,0,12875
5389,0,12875
10403,2,12875
12875,1,5991
12875,1,6148
12875,1,6390
12875,1,6575
12875,1,6948
209,0,12876
588,0,12876
10403,2,12876
12876,1,6242
12876,1,6843
12876,1,6844
12876,1,8891
12876,3,13021
12876,3,13933
12876,3,10613
12876,3,11071
3493,0,12877
3494,0,12877
3949,0,12877
4946,0,12877
10403,2,12877
12877,1,5915
12877,1,6320
12877,1,6772
12877,1,8252
12877,3,13089
12877,3,12268
12877,3,12890
12877,3,10993
2401,0,12878
3423,0,12878
10403,2,12878
12878,1,6182
12878,1,6250
12878,1,6278
12878,1,6280
12878,1,6281
12878,1,6282
12878,1,6283
12878,1,6367
12878,3,12822
12878,3,10857
12878,3,14403
3156,0,12879
3318,0,12879
5372,0,12879
5390,0,12879
10403,2,12879
12879,1,5951
12879,1,6078
12879,1,6304
12879,1,6435
12879,1,6689
12879,1,6801
12879,1,8593
12879,1,8707
3540,0,12880
3760,0,12880
10403,2,12880
12880,1,5936
12880,1,6079
12880,1,6086
12880,1,6255
12880,1,6479
12880,1,6635
12880,1,6801
12880,1,7739
12880,1,8647
12880,1,8962
12880,3,13916
12880,3,13927
12880,3,10781
12880,3,14039
12880,3,14089
12880,3,14095
12880,3,14155
12880,3,14267
12880,3,14284
55,0,12881
10403,2,12881
12881,1,6003
12881,1,6079
12881,1,6250
12881,1,6305
12881,1,6586
12881,3,14184
12881,3,14271
12881,3,14324
12881,3,12232
12881,3,14270
12881,3,11803
12881,3,12890
1656,0,12882
2900,0,12882
4456,0,12882
10403,2,12882
12882,1,5936
12882,1,6075
12882,1,6206
12882,1,7474
12882,1,7589
12882,1,8004
12882,1,8275
12882,1,9527
12882,3,13778
5023,0,12883
10403,2,12883
12883,1,5970
12883,1,6079
12883,1,6321
12883,1,6346
12883,1,6925
12883,1,7229
12883,1,7613
12883,1,8505
12883,3,13791
12883,3,13877
12883,3,13883
1656,0,12884
2263,0,12884
4456,0,12884
10403,2,12884
12884,1,6053
12884,1,6206
12884,1,6207
12884,1,6262
12884,1,7304
12884,1,9528
12884,3,13973
12884,3,11038
4722,0,12885
5023,0,12885
5196,0,12885
10403,2,12885
12885,1,6079
12885,1,6155
12885,1,6361
12885,1,6925
12885,1,7068
12885,1,8617
12885,1,8659
12885,3,11798
4722,0,12886
5023,0,12886
5196,0,12886
10403,2,12886
12886,1,5936
12886,1,6079
12886,1,6181
12886,1,6321
12886,1,6489
12886,1,7005
12886,1,7068
12886,3,12885
12886,3,11798
1668,0,12887
3201,0,12887
10403,2,12887
12887,1,5996
12887,1,6050
12887,1,6071
12887,1,6235
12887,1,6277
12887,1,6697
12887,1,7438
12887,1,8566
12887,1,8711
12887,1,8712
12887,1,9529
2709,0,12888
5023,0,12888
5391,0,12888
10403,2,12888
12888,1,5929
12888,1,6079
12888,1,6193
12888,1,6369
12888,1,6386
12888,1,6389
12888,3,13791
12888,3,13798
12888,3,12224
2951,0,12889
3715,0,12889
3760,0,12889
10403,2,12889
12889,1,5936
12889,1,6181
12889,1,6264
12889,1,6265
12889,1,6269
12889,1,6365
12889,1,7047
12889,1,7480
12889,3,14326
12889,3,12822
12889,3,14325
12889,3,14403
12889,3,11395
12889,3,15099
12889,3,14569
12889,3,15449
3949,0,12890
5023,0,12890
5391,0,12890
10403,2,12890
12890,1,6079
12890,1,6086
12890,1,6969
12890,3,14184
12890,3,12883
828,0,12891
2940,0,12891
3804,0,12891
10403,2,12891
12891,1,5992
12891,1,6197
12891,1,6321
12891,1,6925
12891,1,7741
12891,1,8481
12891,1,9316
12891,1,9530
12891,3,13806
3032,0,12892
3084,0,12892
10403,2,12892
12892,1,6078
12892,1,6181
12892,1,6242
12892,1,6250
12892,1,6351
12892,1,6435
12892,1,6436
12892,1,6475
12892,1,6645
12892,1,6788
12892,1,7507
12892,1,9531
12892,3,14356
12892,3,14511
12892,3,14525
12892,3,14307
12892,3,13504
12892,3,15393
12892,3,10704
12892,3,11339
12892,3,14637
12892,3,11543
12892,3,15468
1504,0,12894
2373,0,12894
4879,0,12894
10403,2,12894
12894,1,6009
12894,1,6242
12894,1,6253
12894,1,6295
12894,1,6475
12894,1,6625
12894,1,9534
12894,3,12810
12894,3,10920
12894,3,11409
12894,3,11625
12894,3,13321
12894,3,11694
12894,3,13124
3231,0,12895
4527,0,12895
10403,2,12895
12895,1,6050
12895,1,6181
12895,1,6572
12895,1,6615
12895,1,6645
12895,1,9524
1808,0,12896
5392,0,12896
10403,2,12896
12896,1,5929
12896,1,6007
12896,1,6050
12896,1,6131
12896,1,8907
2598,0,12897
5140,0,12897
5393,0,12897
10403,2,12897
12897,1,5953
12897,1,5956
12897,1,5970
12897,1,6075
12897,1,6118
12897,1,6943
12897,1,7068
12897,1,8329
12897,1,8597
12897,3,12948
12897,3,12818
1572,0,12899
3972,0,12899
10403,2,12899
12899,1,6065
12899,1,6164
12899,1,6297
12899,1,6405
12899,1,9158
12899,3,12898
1327,0,12901
1572,0,12901
5394,0,12901
10403,2,12901
12901,1,6065
12901,1,6109
12901,1,6237
12901,1,6297
12901,1,6525
12901,1,6615
12901,3,12899
12901,3,12128
5008,0,12902
5395,0,12902
10403,2,12902
12902,1,6003
12902,1,6028
12902,1,6250
12902,1,6365
12902,1,6905
12902,1,7054
12902,1,8462
12902,1,8702
12902,1,9535
12902,3,12904
5250,0,12903
5395,0,12903
10403,2,12903
12903,1,6052
12903,1,6772
12903,1,6951
12903,1,7200
12903,1,8034
12903,1,8849
12903,3,12904
12903,3,14325
12903,3,14403
2495,0,12906
4378,0,12906
4638,0,12906
10403,2,12906
12906,1,5970
12906,1,5992
12906,1,6172
12906,1,6300
12906,1,6409
12906,1,7768
12906,1,8049
12906,1,8477
12906,1,9536
12906,3,15571
12906,3,15076
2042,0,12907
2104,0,12907
10403,2,12907
12907,1,5991
12907,1,6133
12907,1,6242
12907,1,6280
12907,1,6337
12907,1,6469
12907,1,6475
12907,1,6526
12907,1,6559
12907,1,6620
12907,1,7530
12907,3,13009
12907,3,14569
12907,3,14325
12907,3,14403
12907,3,11894
12907,3,11769
328,0,12908
3486,0,12908
5145,0,12908
10403,2,12908
12908,1,9435
12908,1,9537
12908,1,9538
12908,1,9539
12908,1,9540
12908,1,9541
12908,1,9542
157,0,12909
2206,0,12909
2380,0,12909
2631,0,12909
2661,0,12909
10403,2,12909
12909,1,6079
12909,1,6096
12909,1,6157
12909,1,6250
12909,1,6321
12909,1,6435
12909,1,6512
12909,1,6698
12909,1,6833
12909,1,7613
12909,1,8505
12909,3,14243
12909,3,12883
12909,3,11021
12909,3,11801
12909,3,12890
4024,0,12910
4492,0,12910
10403,2,12910
12910,1,5966
12910,1,5970
12910,1,6242
12910,1,6250
12910,1,6387
12910,1,7135
12910,1,8248
12910,1,9543
2944,0,12912
3045,0,12912
4153,0,12912
5232,0,12912
10403,2,12912
12912,1,5953
12912,1,6242
12912,1,6250
12912,1,6258
12912,1,6484
12912,1,6843
12912,1,8890
12912,1,9163
12912,3,13104
12912,3,12848
12912,3,11291
12912,3,12051
2066,0,12913
2067,0,12913
3045,0,12913
10403,2,12913
12913,1,5992
12913,1,6162
12913,1,6242
12913,1,6269
12913,1,6300
12913,1,6482
12913,1,7673
12913,1,8589
12913,1,8803
12913,1,9532
12913,1,9545
12913,3,14424
12913,3,13179
12913,3,12987
3587,0,12914
10403,2,12914
12914,1,6010
12914,1,6048
12914,1,6282
12914,1,6873
12914,1,6977
12914,3,12303
12914,3,12168
12914,3,11840
243,0,12915
5082,0,12915
5397,0,12915
10403,2,12915
12915,1,6235
12915,1,6242
12915,1,7282
12915,1,9546
12915,1,9547
2144,0,12916
5226,0,12916
10403,2,12916
12916,1,6075
12916,1,6282
12916,1,6390
12916,1,6656
12916,1,7616
12916,3,15223
12916,3,12968
2904,0,12917
2972,0,12917
4512,0,12917
4946,0,12917
10403,2,12917
12917,1,6079
12917,1,6660
12917,1,7820
12917,3,14304
12917,3,14815
12917,3,13544
12917,3,15106
12917,3,11442
12917,3,15023
12917,3,14324
1995,0,12918
2972,0,12918
5398,0,12918
10403,2,12918
12918,1,6188
12918,1,6833
12918,3,14325
2542,0,12919
3292,0,12919
3494,0,12919
10403,2,12919
12919,1,5991
12919,1,6915
12919,1,7005
12919,1,7777
12919,3,15570
12919,3,12890
799,0,12920
2533,0,12920
4072,0,12920
4631,0,12920
5399,0,12920
5400,0,12920
10403,2,12920
12920,1,6282
12920,1,6456
12920,1,6745
12920,1,7921
12920,1,8860
12920,3,12251
12920,3,15515
12920,3,14048
407,0,12921
3992,0,12921
4455,0,12921
10403,2,12921
12921,1,5970
12921,1,6052
12921,1,6065
12921,1,6297
12921,1,6525
12921,1,6771
12921,1,7056
12921,1,7126
12921,1,9548
12921,3,10743
12921,3,12168
12921,3,12224
2700,0,12922
2975,0,12922
2976,0,12922
10403,2,12922
12922,1,6050
12922,1,6242
12922,1,6321
12922,1,6322
1142,0,12923
2573,0,12923
3877,0,12923
10403,2,12923
12923,1,5970
12923,1,6191
12923,1,6239
12923,1,6265
12923,1,9293
12923,1,9549
12923,3,14582
888,0,12924
1001,0,12924
2758,0,12924
10403,2,12924
12924,1,6326
12924,1,6352
12924,1,6755
12924,1,6906
12924,1,7412
12924,1,8751
493,0,12925
5038,0,12925
10403,2,12925
12925,1,6079
12925,1,6345
12925,1,6488
12925,1,6961
12925,1,7439
12925,3,12216
12925,3,11844
12925,3,12112
3229,0,12927
3636,0,12927
3966,0,12927
10403,2,12927
12927,1,6158
12927,1,6250
12927,1,6283
12927,1,9104
12927,1,9550
2600,0,12928
3966,0,12928
10403,2,12928
12928,1,5997
12928,1,6250
12928,1,6283
12928,1,6488
12928,1,7552
12928,1,8214
12928,1,8281
12928,1,9551
12928,3,15293
12928,3,15103
12928,3,14689
12928,3,15127
12928,3,15197
980,0,12929
2604,0,12929
2692,0,12929
3146,0,12929
10403,2,12929
12929,1,5992
12929,1,6346
12929,1,9552
12929,3,15515
12929,3,14206
12929,3,13776
864,0,12931
4461,0,12931
5402,0,12931
10403,2,12931
12931,1,6344
12931,1,6367
12931,1,6475
12931,1,6784
12931,1,7421
12931,1,8791
3578,0,12932
4415,0,12932
10403,2,12932
12932,1,5921
12932,1,6023
12932,1,6164
12932,1,6266
12932,1,8071
12932,3,14794
12932,3,12812
5395,0,12933
5403,0,12933
5404,0,12933
10403,2,12933
12933,1,6242
12933,1,6250
12933,1,6625
12933,1,6697
12933,1,6951
12933,1,7047
12933,1,7340
12933,1,8860
12933,1,8913
12933,1,9153
12933,3,12904
12933,3,12903
1636,0,12935
2818,0,12935
10403,2,12935
12935,1,5970
12935,1,5987
12935,1,6023
12935,1,6079
12935,1,6250
12935,1,8495
1504,0,12937
2119,0,12937
3391,0,12937
10403,2,12937
12937,1,5992
12937,1,6118
12937,1,6185
12937,1,6242
12937,1,6400
12937,1,6759
12937,1,6801
12937,1,7047
12937,1,9553
12937,3,14435
12937,3,14355
12937,3,14325
12937,3,14495
12937,3,14597
12937,3,11902
12937,3,14841
1006,0,12938
10403,2,12938
12938,1,5978
12938,1,6242
12938,1,6250
12938,1,7369
1017,0,12939
5029,0,12939
10403,2,12939
12939,1,6388
12939,1,9554
12939,3,13206
12939,3,13549
1302,0,12940
4318,0,12940
10403,2,12940
12940,1,5978
12940,1,6126
12940,1,6240
12940,1,6688
12940,1,8474
12940,1,8511
12940,3,13787
12940,3,14023
12940,3,12313
12940,3,13138
2507,0,12941
2508,0,12941
2626,0,12941
2627,0,12941
2628,0,12941
4326,0,12941
4327,0,12941
10403,2,12941
12941,1,5994
12941,1,6242
12941,1,6250
12941,1,6656
12941,1,9555
12941,3,12942
12941,3,11874
2626,0,12942
2627,0,12942
4326,0,12942
10403,2,12942
12942,1,6065
12942,1,6084
12942,1,6172
12942,1,6621
12942,1,8396
12942,1,9516
1669,0,12943
4467,0,12943
4699,0,12943
5405,0,12943
5406,0,12943
10403,2,12943
12943,1,5924
12943,1,5996
12943,1,6075
12943,1,6156
12943,1,7708
12943,1,8350
12943,1,8526
12943,1,8830
12943,1,9508
12943,1,9516
12943,1,9557
12943,1,9558
12943,1,9559
12943,3,12944
1142,0,12945
2573,0,12945
3881,0,12945
10403,2,12945
12945,1,5949
12945,1,6242
12945,1,6277
12945,1,6625
12945,1,6840
12945,3,12923
12945,3,14838
181,0,12946
2916,0,12946
4065,0,12946
4066,0,12946
10403,2,12946
12946,1,5949
12946,1,6242
12946,1,6280
12946,1,6321
12946,1,6388
12946,1,7777
12946,1,9325
12946,3,13157
12946,3,11845
12946,3,11891
12946,3,13333
12946,3,11810
12946,3,11883
12946,3,11950
12946,3,12025
12946,3,12062
12946,3,13124
12946,3,14827
4899,0,12948
4901,0,12948
10403,2,12948
12948,1,5936
12948,1,6013
12948,1,6075
12948,1,8489
12948,1,8597
12948,3,12883
12948,3,12891
12948,3,12818
12948,3,11883
12948,3,11901
12948,3,11892
12948,3,13029
1441,0,12949
1442,0,12949
10403,2,12949
12949,1,5919
12949,1,5936
12949,1,5954
12949,1,6109
12949,1,6405
12949,1,6572
12949,1,7256
12949,3,12306
12949,3,12352
1770,0,12951
2430,0,12951
10403,2,12951
12951,1,6079
12951,1,6155
12951,1,6250
12951,1,6303
12951,1,6361
12951,1,6738
12951,1,6739
12951,1,8493
12951,1,9562
1635,0,12952
1648,0,12952
1649,0,12952
2302,0,12952
3269,0,12952
10403,2,12952
12952,1,6065
12952,1,6297
12952,1,6525
12952,1,8922
12952,1,9563
12952,3,12221
12952,3,12192
12952,3,13424
3094,0,12953
5407,0,12953
10403,2,12953
12953,1,6133
12953,1,6351
12953,1,6528
12953,1,6988
12953,1,9564
3094,0,12954
5407,0,12954
10403,2,12954
12954,1,5956
12954,1,6242
12954,1,6321
12954,1,6807
12954,3,13157
12954,3,12953
12954,3,15570
12954,3,12062
1001,0,12955
1240,0,12955
5096,0,12955
10403,2,12955
12955,1,5929
12955,1,6410
12955,1,6854
12955,1,7431
12955,1,8741
12955,3,12195
12955,3,14424
12955,3,11993
1001,0,12956
5144,0,12956
5408,0,12956
10403,2,12956
12956,1,6086
12956,1,6837
12956,1,7020
12956,1,7183
12956,1,8379
12956,3,12285
12956,3,12195
12956,3,14424
1137,0,12957
2094,0,12957
2907,0,12957
2922,0,12957
2923,0,12957
10403,2,12957
12957,1,6171
12957,1,6242
12957,1,6250
12957,1,6513
12957,1,6731
12957,1,7525
12957,1,8304
12957,1,8344
12957,3,14815
12957,3,12958
12957,3,11955
12957,3,13081
1137,0,12958
2094,0,12958
2907,0,12958
10403,2,12958
12958,1,6171
12958,1,6250
12958,1,6526
12958,1,6625
12958,1,6731
12958,1,6732
12958,1,7169
12958,1,7418
12958,1,7525
12958,3,14304
12958,3,14815
1504,0,12959
2905,0,12959
4153,0,12959
10403,2,12959
12959,1,5949
12959,1,6242
12959,1,6475
12959,1,6511
12959,1,6607
12959,1,8572
12959,3,14402
140,0,12960
299,0,12960
2777,0,12960
2925,0,12960
5409,0,12960
10403,2,12960
12960,1,6280
12960,1,6321
12960,1,6444
12960,1,6620
12960,1,7047
12960,1,8016
12960,3,11891
12960,3,13028
12960,3,12946
12960,3,12062
276,0,12961
1214,0,12961
4498,0,12961
10403,2,12961
12961,1,5936
12961,1,5947
12961,1,5992
12961,1,5996
12961,1,6242
12961,1,6485
12961,1,6486
12961,1,7501
12961,3,10714
12961,3,11075
12961,3,15632
276,0,12962
1214,0,12962
4498,0,12962
10403,2,12962
12962,1,5992
12962,1,6126
12962,1,6191
12962,1,6403
12962,1,6471
12962,1,6583
12962,1,6627
12962,1,7885
12962,3,13077
12962,3,15620
2145,0,12963
3732,0,12963
3988,0,12963
3989,0,12963
10403,2,12963
12963,1,5992
12963,1,6003
12963,1,6346
12963,1,6351
12963,1,6528
12963,1,7261
12963,1,8184
12963,1,8424
12963,3,10955
12963,3,15510
12963,3,15296
12963,3,15026
12963,3,14918
352,0,12964
1071,0,12964
1384,0,12964
3756,0,12964
5410,0,12964
10403,2,12964
12964,1,6550
12964,1,6702
12964,1,7426
12964,1,8336
5411,0,12965
5412,0,12965
10403,2,12965
12965,1,6242
12965,1,6250
12965,1,7708
12965,1,8142
155,0,12966
940,0,12966
1451,0,12966
5413,0,12966
10403,2,12966
12966,1,5921
12966,1,6079
12966,1,6250
12966,1,6510
12966,1,6641
12966,1,6814
4008,0,12967
4187,0,12967
5414,0,12967
10403,2,12967
12967,1,5945
12967,1,6242
12967,1,6250
12967,1,6738
12967,1,9566
12967,3,11853
10,0,12968
1874,0,12968
1876,0,12968
10403,2,12968
12968,1,5956
12968,1,6171
12968,1,6295
12968,1,6367
12968,1,6615
12968,1,6625
12968,1,7418
12968,1,9567
12968,3,15223
12968,3,12926
12968,3,12947
12968,3,11622
10,0,12969
1874,0,12969
3204,0,12969
10403,2,12969
12969,1,6242
12969,1,6250
12969,1,6530
12969,1,7054
12969,3,12911
12969,3,14507
12969,3,11864
12969,3,12916
12969,3,13096
3155,0,12972
3156,0,12972
5372,0,12972
10403,2,12972
12972,1,5936
12972,1,5951
12972,1,5956
12972,1,6568
12972,1,7385
12972,1,8244
12972,3,15464
12972,3,12831
12972,3,14402
12972,3,14324
12972,3,14378
12972,3,15395
3259,0,12973
10403,2,12973
12973,1,6090
12973,1,6607
12973,1,7100
12973,1,8034
12973,1,8373
12973,1,8812
12973,1,8846
12973,1,9434
12973,3,13800
12973,3,13802
12973,3,14049
12973,3,13859
12973,3,12260
12973,3,11177
12973,3,13040
12973,3,14098
80,0,12974
3259,0,12974
3260,0,12974
10403,2,12974
12974,1,5936
12974,1,6075
12974,1,6477
12974,1,6515
12974,1,6781
12974,1,7495
12974,1,7503
12974,1,7731
12974,1,8216
12974,3,14188
12974,3,15106
12974,3,10767
1067,0,12975
3259,0,12975
5417,0,12975
10403,2,12975
12975,1,6078
12975,1,6337
12975,1,6435
12975,1,6439
12975,1,6943
12975,1,7438
12975,1,7439
12975,1,7507
12975,1,8025
5049,0,12976
5050,0,12976
10403,2,12976
12976,1,5921
12976,1,7594
12976,1,8721
12976,1,9577
12976,1,9578
12976,3,12900
12976,3,10743
953,0,12977
3746,0,12977
5324,0,12977
10403,2,12977
12977,1,5972
12977,1,6198
12977,1,6242
12977,1,6386
12977,1,7318
12977,1,7883
12977,1,8915
12977,1,9011
1636,0,12978
2818,0,12978
10403,2,12978
12978,1,6197
12978,1,6250
12978,1,6482
12978,1,6621
12978,1,8446
1102,0,12979
1117,0,12979
5418,0,12979
10403,2,12979
12979,1,6242
12979,1,6250
12979,1,6943
12979,1,7190
12979,1,9159
12979,3,14325
2066,0,12980
2961,0,12980
10403,2,12980
12980,1,5936
12980,1,6079
12980,1,6250
12980,1,6411
12980,1,6733
12980,3,14640
12980,3,14454
12980,3,14834
12980,3,12992
12980,3,13388
666,0,12981
1108,0,12981
5357,0,12981
5419,0,12981
10403,2,12981
12981,1,6050
12981,1,6181
12981,1,6264
12981,1,6314
12981,1,6337
12981,1,7840
12981,1,9579
5344,0,12982
5420,0,12982
5421,0,12982
10403,2,12982
12982,1,6079
12982,1,6625
12982,1,7883
12982,1,8066
12982,1,9580
12982,3,12905
2145,0,12983
3239,0,12983
4563,0,12983
10403,2,12983
12983,1,5921
12983,1,7115
12983,1,8575
12983,1,8636
12983,1,8689
12983,1,9581
12983,3,14184
2419,0,12984
2836,0,12984
4687,0,12984
10403,2,12984
12984,1,6026
12984,1,6118
12984,1,6242
12984,1,6250
12984,1,6550
12984,1,7917
511,0,12985
4264,0,12985
5423,0,12985
10403,2,12985
12985,1,5936
12985,1,6100
12985,1,7959
12985,1,8364
12985,1,9561
12985,1,9582
1635,0,12986
1648,0,12986
2306,0,12986
2307,0,12986
10403,2,12986
12986,1,5978
12986,1,6428
12986,1,6731
12986,1,6732
12986,1,6761
12986,1,6879
12986,1,8302
12986,1,9583
12986,3,13360
1123,0,12988
3215,0,12988
3494,0,12988
10403,2,12988
12988,1,6171
12988,1,6676
12988,1,6730
12988,1,6923
12988,1,7880
12988,1,9584
12988,1,9585
12988,1,9586
12988,3,13035
12988,3,12844
12988,3,15605
2892,0,12989
4933,0,12989
10403,2,12989
12989,1,5918
12989,1,6951
12989,1,7014
12989,1,7214
12989,1,7493
12989,1,8606
1532,0,12990
1800,0,12990
2118,0,12990
2905,0,12990
10403,2,12990
12990,1,6253
12990,1,6425
12990,1,6665
12990,1,8651
12990,1,9587
12990,3,14366
12990,3,13070
12990,3,14782
12990,3,14573
12990,3,15236
12990,3,14881
12990,3,14708
12990,3,14847
1661,0,12991
1864,0,12991
1865,0,12991
1866,0,12991
1867,0,12991
2105,0,12991
2784,0,12991
2786,0,12991
5424,0,12991
10403,2,12991
12991,1,5983
12991,1,6242
12991,1,6250
12991,1,6625
12991,1,7640
12991,3,13435
280,0,12992
1504,0,12992
2916,0,12992
10403,2,12992
12992,1,5980
12992,1,6079
12992,1,6710
12992,3,15464
12992,3,14304
12992,3,14761
12992,3,14786
12992,3,14324
12992,3,12874
55,0,12993
829,0,12993
1333,0,12993
2782,0,12993
10403,2,12993
12993,1,6038
12993,1,6136
12993,1,6242
12993,1,6420
12993,1,6509
12993,1,7421
12993,1,7770
12993,3,11548
12993,3,11886
445,0,12994
1867,0,12994
2015,0,12994
10403,2,12994
12994,1,5929
12994,1,5951
12994,1,6109
12994,1,6788
12994,1,6935
12994,3,14325
12994,3,11912
12994,3,13006
5425,0,12995
5426,0,12995
10403,2,12995
12995,1,6157
12995,1,6171
12995,1,6242
12995,1,6250
12995,1,6352
12995,1,6573
12995,1,6731
12995,1,6732
12995,1,8284
12995,1,9152
2900,0,12996
3652,0,12996
10403,2,12996
12996,1,5936
12996,1,5951
12996,1,6079
12996,1,6181
12996,1,6207
12996,1,6337
12996,1,7228
12996,1,8768
12996,3,14728
10,0,12997
1874,0,12997
1875,0,12997
5427,0,12997
5428,0,12997
10403,2,12997
12997,1,6043
12997,1,6171
12997,1,6242
12997,1,7418
12997,1,7443
12997,1,8022
12997,3,12968
12997,3,12947
12997,3,12863
12997,3,12862
12997,3,12916
12997,3,11622
880,0,12998
2900,0,12998
3651,0,12998
3652,0,12998
10403,2,12998
12998,1,6242
12998,1,6250
12998,1,6295
12998,1,6303
12998,1,6616
12998,1,6639
12998,1,7928
12998,1,8926
12998,3,14325
12998,3,14569
12998,3,14647
12998,3,11904
12998,3,10857
12998,3,13006
12998,3,11625
12998,3,15467
12998,3,13133
1269,0,12999
1769,0,12999
10403,2,12999
12999,1,5947
12999,1,5972
12999,1,6083
12999,1,6137
12999,1,6154
12999,1,6386
12999,3,13020
12999,3,14324
12999,3,13878
12999,3,14153
1269,0,13000
1769,0,13000
10403,2,13000
13000,1,6265
13000,1,6386
13000,1,6854
13000,1,9588
13000,3,13020
13000,3,13368
5429,0,13001
5430,0,13001
5431,0,13001
5432,0,13001
5433,0,13001
10403,2,13001
13001,1,6048
13001,1,6242
13001,1,6250
13001,1,6693
13001,1,7170
13001,1,7318
13001,1,8868
13001,1,9589
13001,1,9590
209,0,13002
1478,0,13002
3166,0,13002
10403,2,13002
13002,1,5992
13002,1,6242
13002,1,6250
13002,1,6644
13002,1,8894
13002,3,14499
13002,3,15539
209,0,13003
1142,0,13003
3688,0,13003
10403,2,13003
13003,1,6264
13003,1,6265
13003,1,6488
13003,1,7259
13003,1,8531
13003,3,13156
13003,3,12820
13003,3,13033
13003,3,13005
13003,3,15147
13003,3,10837
209,0,13004
1142,0,13004
3688,0,13004
10403,2,13004
13004,1,6109
13004,1,6391
13004,1,7047
13004,1,7580
13004,1,8633
13004,3,13033
13004,3,13005
13004,3,11409
13004,3,15147
31,0,13007
5434,0,13007
10403,2,13007
13007,1,5929
13007,1,6133
13007,1,6206
13007,1,6242
13007,1,6253
13007,1,6344
13007,3,13859
13007,3,13897
13007,3,13970
13007,3,12224
13007,3,14023
13007,3,12253
13007,3,14161
1887,0,13008
2018,0,13008
3668,0,13008
4161,0,13008
10403,2,13008
13008,1,6016
13008,1,6280
13008,1,6509
13008,1,6625
13008,1,7912
13008,3,13090
13008,3,13009
13008,3,14569
13008,3,13137
13008,3,14325
13008,3,11951
13008,3,14403
13008,3,13100
266,0,13009
1152,0,13009
1430,0,13009
1504,0,13009
10403,2,13009
13009,1,6202
13009,1,6242
13009,1,6280
13009,1,6788
13009,1,7200
13009,1,9222
13009,3,12822
13009,3,14325
13009,3,14403
13009,3,15147
13009,3,14569
13009,3,11260
13009,3,11951
13009,3,15449
13009,3,13137
181,0,13010
2916,0,13010
4067,0,13010
10403,2,13010
13010,1,6079
13010,1,6331
13010,1,6420
13010,1,6721
13010,1,7742
13010,3,12893
13010,3,14815
13010,3,12883
13010,3,15180
13010,3,14324
666,0,13011
1666,0,13011
1828,0,13011
10403,2,13011
13011,1,5929
13011,1,6078
13011,1,6181
13011,1,6250
13011,1,6337
13011,1,6435
13011,1,6488
13011,1,6661
13011,1,7056
13011,1,9591
13011,3,15106
13011,3,15468
13011,3,15023
1204,0,13012
3421,0,13012
10403,2,13012
13012,1,5921
13012,1,5978
13012,1,6235
13012,1,6737
13012,1,6783
13012,1,7120
13012,1,7334
13012,1,8114
13012,1,8594
1263,0,13013
2919,0,13013
3778,0,13013
4087,0,13013
4520,0,13013
5020,0,13013
10403,2,13013
13013,1,6016
13013,1,6242
13013,1,6250
13013,1,6276
13013,1,6445
13013,1,6588
13013,3,13139
13013,3,11236
13013,3,15222
13013,3,11548
13013,3,15355
13013,3,15343
13013,3,11677
122,0,13014
2618,0,13014
5084,0,13014
10403,2,13014
13014,1,5970
13014,1,6405
13014,1,6608
13014,1,6754
13014,1,8564
13014,1,9110
13014,1,9593
13014,3,11970
152,0,13016
1711,0,13016
10403,2,13016
13016,1,6242
13016,1,6386
13016,1,6625
13016,1,6656
13016,1,7047
13016,1,7169
13016,1,8197
13016,1,8763
13016,3,13118
13016,3,13776
13016,3,11422
13016,3,12916
1321,0,13018
5037,0,13018
10403,2,13018
13018,1,5921
13018,1,6157
13018,1,6250
13018,1,6303
13018,1,6420
13018,1,6541
13018,3,12829
13018,3,11853
5436,0,13019
5437,0,13019
10403,2,13019
13019,1,6220
13019,1,6499
13019,1,9594
13019,1,9595
1715,0,13021
1739,0,13021
4685,0,13021
5303,0,13021
10403,2,13021
13021,1,5992
13021,1,6242
13021,1,6298
13021,1,9596
13021,3,14130
13021,3,14231
1091,0,13022
10403,2,13022
13022,1,5921
13022,1,6164
13022,1,6185
13022,1,6282
13022,1,7751
13022,3,11225
13022,3,11385
13022,3,13578
2476,0,13023
3957,0,13023
10403,2,13023
13023,1,6171
13023,1,6242
13023,1,6250
13023,1,6873
13023,1,7334
13023,1,7686
13023,1,8035
13023,1,8429
13023,3,13119
666,0,13024
5438,0,13024
10403,2,13024
13024,1,5987
13024,1,6075
13024,1,6513
13024,1,6555
13024,1,7780
13024,3,15464
13024,3,14324
666,0,13025
840,0,13025
1539,0,13025
5438,0,13025
10403,2,13025
13025,1,5956
13025,1,6075
13025,1,6171
13025,1,6513
13025,1,7512
13025,3,12926
13025,3,14324
13025,3,13024
1001,0,13026
1240,0,13026
5189,0,13026
5439,0,13026
10403,2,13026
13026,1,5921
13026,1,6021
13026,1,6024
13026,1,6410
13026,3,13416
13026,3,12195
1001,0,13027
1086,0,13027
1240,0,13027
1382,0,13027
5440,0,13027
5441,0,13027
10403,2,13027
13027,1,5937
13027,1,5970
13027,1,5991
13027,1,6410
13027,1,8266
13027,1,8838
13027,1,9598
13027,3,12195
13027,3,14424
13027,3,12955
13027,3,13026
4022,0,13028
4403,0,13028
10403,2,13028
13028,1,6071
13028,1,6242
13028,1,6280
13028,1,7087
13028,1,8229
13028,1,9599
13028,3,13157
13028,3,11891
13028,3,11883
13028,3,13124
788,0,13029
5442,0,13029
10403,2,13029
13029,1,5936
13029,1,6075
13029,1,6321
13029,1,8597
5444,0,13030
10403,2,13030
13030,1,6156
13030,1,6205
13030,1,6405
13030,1,6614
13030,1,6946
2077,0,13031
10403,2,13031
13031,1,6079
13031,1,6117
13031,1,6155
13031,1,6181
13031,1,6361
13031,1,7470
13031,3,14725
13031,3,10901
140,0,13032
142,0,13032
3147,0,13032
3233,0,13032
4738,0,13032
5230,0,13032
10403,2,13032
13032,1,5936
13032,1,6075
13032,1,8458
13032,1,9600
13032,3,13012
13032,3,13067
13032,3,10920
13032,3,15076
13032,3,14744
4313,0,13034
4314,0,13034
5129,0,13034
10403,2,13034
13034,1,6250
13034,1,7343
13034,1,7758
13034,1,7969
13034,1,8049
13034,1,8835
13034,1,9601
13034,3,12820
2733,0,13035
3494,0,13035
4074,0,13035
10403,2,13035
13035,1,6214
13035,1,6242
13035,1,6250
13035,1,6645
13035,1,6676
13035,1,7005
13035,1,7443
13035,1,9602
13035,3,13589
13035,3,15269
1454,0,13036
4609,0,13036
5160,0,13036
10403,2,13036
13036,1,6071
13036,1,6250
13036,1,6301
13036,1,6943
13036,1,7580
13036,1,7824
13036,1,8922
13036,3,13098
1532,0,13037
1558,0,13037
2905,0,13037
2916,0,13037
2921,0,13037
10403,2,13037
13037,1,6367
13037,1,6593
13037,1,6620
13037,1,6625
13037,1,7090
13037,1,7620
13037,1,9603
13037,3,14366
13037,3,13100
3494,0,13038
3706,0,13038
3891,0,13038
4102,0,13038
10403,2,13038
13038,1,5915
13038,1,5991
13038,1,6320
13038,1,6801
13038,1,6816
13038,1,6962
13038,3,15397
1269,0,13039
1769,0,13039
10403,2,13039
13039,1,6386
13039,1,6389
13039,1,7047
13039,1,8213
13039,3,13883
13039,3,12999
13039,3,14110
2460,0,13040
3414,0,13040
4085,0,13040
5445,0,13040
5446,0,13040
10403,2,13040
13040,1,5929
13040,1,6079
13040,1,6344
13040,1,7687
13040,1,8034
13040,1,8373
13040,1,8385
13040,1,9606
13040,3,13041
2310,0,13042
4085,0,13042
10403,2,13042
13042,1,5978
13042,1,6185
13042,1,6250
13042,1,6485
13042,1,6566
637,0,13043
1275,0,13043
1676,0,13043
10403,2,13043
13043,1,5921
13043,1,5924
13043,1,6007
13043,1,6008
13043,1,6009
13043,1,6194
13043,1,7136
13043,3,12157
13043,3,12242
1137,0,13045
2094,0,13045
2907,0,13045
10403,2,13045
13045,1,6242
13045,1,6320
13045,1,6321
13045,1,7479
13045,1,8710
13045,3,13035
13045,3,14815
13045,3,11801
13045,3,11891
13045,3,13105
13045,3,12954
13045,3,14827
13045,3,12919
13045,3,12062
13045,3,13124
367,0,13046
1008,0,13046
1333,0,13046
4765,0,13046
5305,0,13046
10403,2,13046
13046,1,6103
13046,1,6166
13046,1,6250
13046,1,6331
13046,1,6352
13046,1,6447
13046,1,7131
13046,1,7474
5447,0,13047
5448,0,13047
5449,0,13047
10403,2,13047
13047,1,6079
13047,1,6181
13047,1,6269
13047,1,6475
13047,1,6620
13047,1,7593
449,0,13048
1762,0,13048
1763,0,13048
2627,0,13048
10403,2,13048
13048,1,5921
13048,1,6009
13048,1,6432
13048,1,6772
13048,1,7846
13048,1,8158
13048,1,8848
13048,3,14569
13048,3,12250
13048,3,11912
13048,3,12220
3494,0,13049
5450,0,13049
10403,2,13049
13049,1,6008
13049,1,6595
13049,1,7005
13049,1,7126
13049,1,7954
13049,1,8494
13049,1,9489
13049,3,14314
13049,3,14927
13049,3,14507
13049,3,12972
3256,0,13050
4640,0,13050
5435,0,13050
10403,2,13050
13050,1,5996
13050,1,6250
13050,1,6731
13050,1,6732
13050,1,6954
13050,1,7158
13050,1,7863
13050,1,8304
4415,0,13051
5396,0,13051
10403,2,13051
13051,1,5996
13051,1,6620
13051,1,6697
13051,1,7324
13051,1,7443
13051,1,8306
3987,0,13052
10403,2,13052
13052,1,5951
13052,1,6858
13052,1,7322
13052,1,8606
978,0,13053
2081,0,13053
10403,2,13053
13053,1,5921
13053,1,5936
13053,1,6039
13053,1,6315
13053,1,6410
13053,1,7448
13053,1,8348
3987,0,13054
5088,0,13054
5451,0,13054
5452,0,13054
5453,0,13054
10403,2,13054
13054,1,5978
13054,1,6005
13054,1,6873
13054,1,8860
13054,1,9595
3987,0,13055
5088,0,13055
5451,0,13055
5452,0,13055
5453,0,13055
10403,2,13055
13055,1,6041
13055,1,6100
13055,1,6215
13055,1,6229
13055,1,6843
13055,1,8415
13055,1,9610
13055,3,13015
13055,3,13426
13055,3,13054
3677,0,13056
5454,0,13056
5455,0,13056
10403,2,13056
13056,1,6250
13056,1,6999
13056,1,7259
13056,1,9487
13056,1,9518
13056,3,15515
301,0,13058
308,0,13058
914,0,13058
1333,0,13058
1553,0,13058
2725,0,13058
3160,0,13058
3237,0,13058
10403,2,13058
13058,1,6136
13058,1,6354
13058,1,6475
13058,1,6513
13058,1,6873
13058,1,7474
13058,1,7843
13058,1,7979
13058,3,12031
73,0,13059
1315,0,13059
10403,2,13059
13059,1,5921
13059,1,6185
13059,1,6418
13059,1,6453
13059,1,8145
13059,1,8501
13059,3,13989
13059,3,13750
580,0,13060
2577,0,13060
2776,0,13060
5315,0,13060
5422,0,13060
10403,2,13060
13060,1,6181
13060,1,6242
13060,1,8406
13060,1,8420
13060,1,9612
13060,1,9613
13060,3,13156
300,0,13061
702,0,13061
5203,0,13061
5456,0,13061
10403,2,13061
13061,1,6003
13061,1,6079
13061,1,6159
13061,1,6208
13061,1,6905
13061,1,7005
13061,1,8629
13061,3,12812
13061,3,11177
13061,3,12932
4309,0,13062
4310,0,13062
4311,0,13062
4312,0,13062
10403,2,13062
13062,1,6303
13062,1,6572
13062,1,6689
13062,1,6738
13062,1,6739
13062,1,6921
13062,3,13093
1327,0,13063
5301,0,13063
5394,0,13063
5457,0,13063
5458,0,13063
10403,2,13063
13063,1,5996
13063,1,6144
13063,1,7010
13063,1,7744
13063,1,8140
13063,1,8466
13063,1,8894
13063,1,9614
13063,3,12250
377,0,13064
3992,0,13064
10403,2,13064
13064,1,5921
13064,1,5970
13064,1,6526
13064,1,6798
13064,1,6810
13064,3,14388
13064,3,13811
13064,3,15112
13064,3,15124
13064,3,12950
13064,3,13020
13064,3,12251
13064,3,12366
407,0,13065
3992,0,13065
4455,0,13065
10403,2,13065
13065,1,5921
13065,1,5948
13065,1,6320
13065,1,6485
13065,1,7398
13065,1,7486
13065,3,13153
13065,3,15552
13065,3,12244
13065,3,10743
2921,0,13067
5080,0,13067
10403,2,13067
13067,1,5936
13067,1,6242
13067,1,6250
13067,1,7254
13067,1,8597
13067,1,9615
1093,0,13068
2921,0,13068
5080,0,13068
5312,0,13068
10403,2,13068
13068,1,5987
13068,1,6242
13068,1,6250
13068,1,6432
13068,1,6617
13068,1,7262
13068,3,12347
2926,0,13069
2928,0,13069
2929,0,13069
10403,2,13069
13069,1,6050
13069,1,6210
13069,1,6702
13069,1,6731
13069,1,9616
13069,1,9617
1182,0,13071
5459,0,13071
10403,2,13071
13071,1,6005
13071,1,6026
13071,1,6301
13071,1,6402
13071,1,6428
13071,1,6711
13071,1,6783
13071,1,7041
13071,1,7501
1430,0,13072
1432,0,13072
3045,0,13072
3347,0,13072
5460,0,13072
5461,0,13072
10403,2,13072
13072,1,5936
13072,1,6280
13072,1,6873
13072,1,7631
13072,1,8546
13072,1,9173
13072,1,9618
13072,3,13107
13072,3,12987
13072,3,14811
13072,3,13179
292,0,13073
293,0,13073
3861,0,13073
3889,0,13073
10403,2,13073
13073,1,6086
13073,1,6100
13073,1,6262
13073,1,6383
13073,1,6397
13073,1,6413
13073,3,13778
3765,0,13074
3766,0,13074
10403,2,13074
13074,1,5937
13074,1,5970
13074,1,5996
13074,1,6425
13074,1,6567
13074,1,7910
1337,0,13075
1395,0,13075
3280,0,13075
10403,2,13075
13075,1,6089
13075,1,6235
13075,1,6351
13075,1,6354
13075,1,6475
13075,1,6614
13075,1,6906
13075,1,7115
13075,1,9619
13075,3,12971
13075,3,15620
1112,0,13076
3825,0,13076
4334,0,13076
4335,0,13076
5117,0,13076
10403,2,13076
13076,1,5970
13076,1,5991
13076,1,6079
13076,1,6338
13076,1,9620
1074,0,13077
2310,0,13077
5221,0,13077
5326,0,13077
10403,2,13077
13077,1,5978
13077,1,5991
13077,1,6086
13077,1,6483
13077,1,6485
13077,1,9011
13077,3,13020
13077,3,13883
2722,0,13078
4742,0,13078
5310,0,13078
10403,2,13078
13078,1,5970
13078,1,5996
13078,1,6096
13078,1,6185
13078,1,6250
13078,1,6621
13078,1,8400
13078,1,9621
13078,3,11466
13078,3,15179
2751,0,13079
4736,0,13079
10403,2,13079
13079,1,5929
13079,1,6181
13079,1,6354
13079,1,6475
13079,1,7256
13079,1,7424
13079,1,9622
13079,3,12898
206,0,13080
1604,0,13080
1689,0,13080
2891,0,13080
10403,2,13080
13080,1,6240
13080,1,6250
13080,1,8341
13080,3,12250
13080,3,12220
13080,3,14302
13080,3,13148
1137,0,13081
2094,0,13081
2922,0,13081
10403,2,13081
13081,1,6242
13081,1,6250
13081,1,6731
13081,1,6732
13081,1,7549
13081,1,9055
13081,1,9624
13081,3,14324
3952,0,13082
4033,0,13082
5462,0,13082
10403,2,13082
13082,1,5970
13082,1,6065
13082,1,6109
13082,1,6242
13082,1,6264
13082,1,6420
13082,1,6945
13082,1,8346
13082,3,13006
13082,3,13106
13082,3,14325
13082,3,15147
13082,3,13335
13082,3,14403
154,0,13083
1711,0,13083
10403,2,13083
13083,1,5972
13083,1,6000
13083,1,6086
13083,1,6242
13083,1,6320
13083,1,6386
13083,1,7436
13083,1,8755
13083,1,8896
13083,3,14286
13083,3,13793
13083,3,14125
13083,3,13118
13083,3,14284
2624,0,13084
2625,0,13084
10403,2,13084
13084,1,6007
13084,1,6024
13084,1,6166
13084,1,6526
13084,1,6621
13084,1,7169
13084,1,9625
13084,3,12842
13084,3,12808
13084,3,12856
13084,3,11779
13084,3,14857
1913,0,13085
1914,0,13085
3494,0,13085
4946,0,13085
10403,2,13085
13085,1,6242
13085,1,6250
13085,1,6590
13085,1,6645
13085,1,7372
13085,1,8469
13085,1,9626
13085,3,14511
13085,3,14927
13085,3,13504
13085,3,14352
13085,3,15411
13085,3,15468
4311,0,13086
5463,0,13086
5464,0,13086
10403,2,13086
13086,1,5921
13086,1,5970
13086,1,6023
13086,1,6065
13086,1,6297
13086,1,6400
13086,1,6525
13086,1,6792
13086,1,8602
13086,1,9627
706,0,13087
707,0,13087
1404,0,13087
10403,2,13087
13087,1,5991
13087,1,6171
13087,1,6337
13087,1,6544
13087,1,6587
13087,1,6856
13087,1,6948
13087,1,8344
13087,1,9628
4028,0,13089
4724,0,13089
10403,2,13089
13089,1,5996
13089,1,6250
13089,1,6264
13089,1,6265
13089,1,6439
13089,1,6475
13089,1,7426
13089,1,8304
13089,3,14325
13089,3,10837
13089,3,11553
13089,3,13005
13089,3,13044
13089,3,13090
209,0,13090
4028,0,13090
10403,2,13090
13090,1,6016
13090,1,6265
13090,1,6314
13090,1,6788
13090,1,7559
942,0,13091
1737,0,13091
5314,0,13091
10403,2,13091
13091,1,5915
13091,1,5929
13091,1,6524
13091,1,7116
13091,1,7318
13091,1,7663
13091,3,10743
13091,3,14008
1995,0,13092
5251,0,13092
5465,0,13092
10403,2,13092
13092,1,5967
13092,1,6250
13092,1,6367
13092,1,7240
13092,1,7610
13092,1,9128
13092,3,14325
13092,3,12918
3251,0,13093
4008,0,13093
10403,2,13093
13093,1,6109
13093,1,6242
13093,1,6250
13093,1,6264
13093,1,6738
13093,1,6739
13093,1,8493
13093,1,9629
13093,3,14325
13093,3,11750
3229,0,13094
3636,0,13094
3792,0,13094
4087,0,13094
4093,0,13094
10403,2,13094
13094,1,5929
13094,1,6488
13094,1,6604
13094,1,6615
13094,1,6621
13094,1,6687
13094,1,6688
13094,3,14378
13094,3,14507
13094,3,12936
2327,0,13095
3229,0,13095
3792,0,13095
10403,2,13095
13095,1,7115
13095,1,7385
13095,1,7810
13095,1,7811
13095,1,8040
13095,3,11691
13095,3,13096
1874,0,13096
3229,0,13096
3792,0,13096
4520,0,13096
10403,2,13096
13096,1,6052
13096,1,6065
13096,1,6078
13096,1,6171
13096,1,6276
13096,1,6314
13096,1,7115
13096,1,7385
13096,1,7418
13096,3,11532
13096,3,11236
13096,3,13358
13096,3,11732
13096,3,11622
161,0,13097
5466,0,13097
10403,2,13097
13097,1,5946
13097,1,5978
13097,1,6078
13097,1,6384
13097,1,6432
13097,1,7153
13097,1,7640
13097,1,8615
13097,1,9614
271,0,13098
4115,0,13098
10403,2,13098
13098,1,5970
13098,1,6078
13098,1,6250
13098,1,6435
13098,1,6526
13098,1,6621
13098,1,7363
13098,1,8699
474,0,13099
879,0,13099
880,0,13099
1504,0,13099
10403,2,13099
13099,1,5970
13099,1,6242
13099,1,6250
13099,1,6283
13099,1,6315
13099,1,6405
13099,1,7256
13099,1,9509
13099,3,14530
13099,3,13491
13099,3,13079
13099,3,15400
13099,3,11824
1137,0,13100
1504,0,13100
2588,0,13100
10403,2,13100
13100,1,6091
13100,1,6124
13100,1,6242
13100,1,6280
13100,1,6281
13100,1,6954
13100,1,7090
13100,3,13009
13100,3,13156
13100,3,14569
13100,3,13137
13100,3,14325
13100,3,11951
13100,3,15449
13100,3,14403
13100,3,11861
1430,0,13101
2488,0,13101
4154,0,13101
10403,2,13101
13101,1,6084
13101,1,6242
13101,1,6265
13101,1,8369
13101,1,8959
13101,1,9486
13101,3,13156
13101,3,14366
13101,3,13033
13101,3,10837
13101,3,14713
2206,0,13102
2398,0,13102
5152,0,13102
5162,0,13102
5165,0,13102
10403,2,13102
13102,1,5937
13102,1,5970
13102,1,5977
13102,1,5992
13102,1,6097
13102,1,6276
13102,3,12137
13102,3,13806
13102,3,13952
879,0,13103
880,0,13103
1137,0,13103
10403,2,13103
13103,1,5936
13103,1,6247
13103,1,6250
13103,1,6351
13103,1,6575
13103,1,8304
13103,3,14815
1430,0,13104
5467,0,13104
10403,2,13104
13104,1,6012
13104,1,6301
13104,1,7200
13104,1,8007
13104,1,8278
13104,1,9630
13104,3,14325
13104,3,12848
13104,3,12849
181,0,13105
210,0,13105
1137,0,13105
2574,0,13105
2657,0,13105
10403,2,13105
13105,1,5936
13105,1,5949
13105,1,6242
13105,1,6321
13105,1,6372
13105,1,6475
13105,1,6645
13105,3,13157
13105,3,11891
13105,3,11810
13105,3,12025
13105,3,13124
13105,3,14827
13105,3,12062
596,0,13108
842,0,13108
843,0,13108
844,0,13108
10403,2,13108
13108,1,5937
13108,1,5990
13108,1,5992
13108,1,6084
13108,1,6242
13108,1,6250
13108,1,6341
13108,1,6567
13108,1,6629
13108,1,6843
13108,1,8790
13108,1,9631
1623,0,13109
2781,0,13109
5249,0,13109
10403,2,13109
13109,1,6746
13109,1,6783
13109,1,7161
13109,3,10630
13109,3,14325
5468,0,13110
10403,2,13110
13110,1,6397
13110,1,6843
13110,1,7586
13110,1,8088
13110,1,9632
336,0,13111
621,0,13111
1441,0,13111
5469,0,13111
10403,2,13111
13111,1,5936
13111,1,5937
13111,1,6242
13111,1,6250
1441,0,13112
5359,0,13112
10403,2,13112
13112,1,6161
13112,1,6171
13112,1,6456
13112,1,7027
13112,1,7602
13112,3,12352
1770,0,13114
4623,0,13114
10403,2,13114
13114,1,6071
13114,1,6157
13114,1,6235
13114,1,6250
13114,1,6303
13114,1,6689
13114,1,6697
13114,1,6738
13114,1,6739
13114,3,13093
2571,0,13115
2829,0,13115
4272,0,13115
10403,2,13115
13115,1,5966
13115,1,7068
13115,1,7385
13115,1,7986
13115,1,9633
13115,3,14503
13115,3,15106
1504,0,13116
3997,0,13116
5470,0,13116
10403,2,13116
13116,1,5970
13116,1,6079
13116,1,6242
13116,1,6352
13116,1,6354
13116,1,7054
13116,1,8599
13116,3,12062
2921,0,13117
2963,0,13117
4135,0,13117
4971,0,13117
10403,2,13117
13117,1,6181
13117,1,6242
13117,1,6404
13117,1,6428
13117,1,6513
13117,1,6620
13117,1,7742
13117,1,8740
13117,3,11024
13117,3,11845
13117,3,15101
13117,3,14324
13117,3,11956
1711,0,13118
3411,0,13118
3901,0,13118
10403,2,13118
13118,1,6003
13118,1,6088
13118,1,6242
13118,1,6320
13118,1,6336
13118,1,6386
13118,1,7687
13118,3,13791
13118,3,13065
1263,0,13120
1426,0,13120
2919,0,13120
5471,0,13120
10403,2,13120
13120,1,5987
13120,1,6242
13120,1,7005
13120,1,9636
13120,3,14404
13120,3,11987
13120,3,13159
1504,0,13121
2373,0,13121
4879,0,13121
4918,0,13121
10403,2,13121
13121,1,5936
13121,1,6118
13121,1,6368
13121,1,6625
13121,1,7787
13121,1,8891
13121,3,11024
13121,3,13133
13121,3,14325
13121,3,13335
13121,3,13791
13121,3,14827
13121,3,11861
13121,3,11950
13121,3,11794
2,0,13122
4028,0,13122
4314,0,13122
10403,2,13122
13122,1,5991
13122,1,6039
13122,1,6265
13122,1,6565
13122,1,7780
13122,3,13015
13122,3,13033
13122,3,12849
13122,3,13003
13122,3,11806
13122,3,14403
13122,3,12814
13122,3,13109
5222,0,13123
5472,0,13123
5473,0,13123
10403,2,13123
13123,1,6165
13123,1,6663
13123,1,7708
13123,1,7849
13123,1,8099
13123,1,9217
13123,1,9609
13123,1,9637
13123,3,12285
1504,0,13124
4879,0,13124
10403,2,13124
13124,1,6242
13124,1,6280
13124,1,6321
13124,1,6625
13124,1,7090
13124,1,9638
13124,3,13157
13124,3,14569
13124,3,11891
13124,3,12025
13124,3,11892
13124,3,11810
5222,0,13125
5320,0,13125
5321,0,13125
10403,2,13125
13125,1,6371
13125,1,6383
13125,1,7337
13125,1,8302
13125,1,9639
13125,1,9640
13125,1,9641
351,0,13126
2768,0,13126
4381,0,13126
10403,2,13126
13126,1,5929
13126,1,6250
13126,1,6269
13126,1,6275
13126,1,6738
13126,1,6739
13126,3,13476
13126,3,12825
13126,3,11853
1504,0,13127
2946,0,13127
4879,0,13127
10403,2,13127
13127,1,6242
13127,1,6410
13127,1,6663
13127,1,6676
13127,1,7090
13127,1,8180
393,0,13128
573,0,13128
1534,0,13128
1598,0,13128
2114,0,13128
2206,0,13128
2389,0,13128
2390,0,13128
2643,0,13128
2661,0,13128
10403,2,13128
13128,1,6253
13128,1,7213
13128,1,7885
13128,1,8550
13128,1,9642
13128,3,13007
1473,0,13129
3200,0,13129
5236,0,13129
10403,2,13129
13129,1,6100
13129,1,6118
13129,1,6242
13129,1,6250
13129,1,6277
13129,1,6336
13129,1,6537
13129,1,7290
532,0,13131
10403,2,13131
13131,1,6242
13131,1,6280
13131,1,6281
13131,1,6388
13131,1,6625
13131,1,6940
13131,3,13157
13131,3,13617
13131,3,12822
13131,3,11845
13131,3,11891
13131,3,13100
164,0,13132
10403,2,13132
13132,1,5946
13132,1,6250
13132,1,6676
13132,1,7245
13132,1,7268
13132,1,8030
13132,1,8380
889,0,13133
4782,0,13133
5177,0,13133
10403,2,13133
13133,1,5991
13133,1,5997
13133,1,6280
13133,1,6281
13133,1,6337
13133,1,6435
13133,1,6901
13133,1,7264
13133,3,12831
13133,3,13070
13133,3,14324
13133,3,14325
13133,3,15101
236,0,13134
4590,0,13134
4804,0,13134
10403,2,13134
13134,1,6079
13134,1,6181
13134,1,6250
13134,1,6428
13134,1,7005
13134,1,7468
13134,1,9643
13134,3,14324
13134,3,14325
13134,3,15101
13134,3,14569
13134,3,11024
209,0,13135
3817,0,13135
3818,0,13135
5125,0,13135
10403,2,13135
13135,1,5970
13135,1,6210
13135,1,6220
13135,1,6250
13135,1,6298
13135,1,6304
13135,1,6369
13135,1,8526
13135,1,9565
13135,1,9644
1142,0,13136
2572,0,13136
2573,0,13136
3808,0,13136
10403,2,13136
13136,1,6185
13136,1,6242
13136,1,6249
13136,1,6280
13136,1,6337
13136,1,6625
13136,1,8942
13136,3,13157
13136,3,14452
911,0,13137
2780,0,13137
5013,0,13137
10403,2,13137
13137,1,6109
13137,1,6131
13137,1,6161
13137,1,6162
13137,1,6205
13137,1,6264
13137,3,13156
13137,3,13005
13137,3,14569
4314,0,13138
4764,0,13138
5129,0,13138
10403,2,13138
13138,1,6003
13138,1,6118
13138,1,6402
13138,1,9645
13138,3,11800
181,0,13140
880,0,13140
2916,0,13140
10403,2,13140
13140,1,6242
13140,1,6625
13140,1,8490
13140,1,9567
13140,1,9646
13140,3,13156
13140,3,13139
13140,3,13006
13140,3,13033
13140,3,13017
13140,3,10837
13140,3,11548
13140,3,15460
253,0,13141
978,0,13141
2500,0,13141
5475,0,13141
10403,2,13141
13141,1,5970
13141,1,6301
13141,1,6943
13141,1,7424
13141,1,7822
13141,1,9647
13141,3,13053
223,0,13142
5353,0,13142
10403,2,13142
13142,1,6242
13142,1,6250
13142,1,6612
13142,1,6738
13142,1,6739
13142,1,8216
13142,3,13093
13142,3,11853
573,0,13143
4734,0,13143
4787,0,13143
10403,2,13143
13143,1,5978
13143,1,5992
13143,1,6242
13143,1,6272
13143,1,6378
13143,1,6873
13143,1,7487
13143,1,7770
1770,0,13144
2693,0,13144
4623,0,13144
10403,2,13144
13144,1,6250
13144,1,6336
13144,1,6739
13144,1,8991
13144,3,13114
13144,3,12825
13144,3,11853
92,0,13145
3218,0,13145
3840,0,13145
10403,2,13145
13145,1,6255
13145,1,6275
13145,1,6277
13145,1,6337
13145,1,6660
13145,1,6688
13145,1,7420
13145,1,9649
13145,3,14507
13145,3,14620
92,0,13146
1112,0,13146
2931,0,13146
3218,0,13146
3253,0,13146
3840,0,13146
10403,2,13146
13146,1,6181
13146,1,6253
13146,1,6660
13146,1,6688
13146,1,6890
13146,1,7283
13146,3,13128
1386,0,13147
3152,0,13147
4601,0,13147
4602,0,13147
10403,2,13147
13147,1,6250
13147,1,6562
13147,1,7304
13147,1,7641
209,0,13148
1149,0,13148
5296,0,13148
10403,2,13148
13148,1,5992
13148,1,6086
13148,1,6225
13148,1,6242
13148,1,6250
13148,1,6644
13148,1,6991
13148,3,10832
13148,3,15510
13148,3,14048
880,0,13149
1504,0,13149
3874,0,13149
10403,2,13149
13149,1,6079
13149,1,6084
13149,1,6320
13149,1,6410
13149,1,7318
13149,1,8198
13149,3,12347
13149,3,10835
13149,3,11736
1235,0,13151
1433,0,13151
2481,0,13151
4337,0,13151
5227,0,13151
5476,0,13151
5477,0,13151
5478,0,13151
10403,2,13151
13151,1,5936
13151,1,6670
13151,1,6733
13151,1,8574
13151,3,14139
1825,0,13152
3112,0,13152
10403,2,13152
13152,1,5936
13152,1,6303
13152,1,6572
13152,1,7836
13152,1,7840
13152,1,8451
13152,3,13057
1504,0,13153
3391,0,13153
3797,0,13153
10403,2,13153
13153,1,5921
13153,1,5929
13153,1,5936
13153,1,5970
13153,1,5992
13153,1,6716
13153,1,7225
13153,1,7437
13153,1,8511
13153,1,9650
13153,3,12104
13153,3,13897
13153,3,10845
13153,3,14094
1504,0,13154
2916,0,13154
3797,0,13154
10403,2,13154
13154,1,5970
13154,1,6193
13154,1,6250
13154,1,6475
13154,1,6513
13154,1,6718
13154,1,6788
13154,1,6895
13154,3,13153
13154,3,12899
13154,3,12959
13154,3,12337
2042,0,13155
2104,0,13155
10403,2,13155
13155,1,6575
13155,1,6613
13155,1,6806
13155,1,7678
13155,1,9651
13155,3,14569
13155,3,11845
13155,3,12907
13155,3,13100
13155,3,13159
2921,0,13157
10403,2,13157
13157,1,6024
13157,1,6242
13157,1,6280
13157,1,7134
13157,1,7609
13157,3,13494
13157,3,11390
13157,3,11441
13157,3,11891
13157,3,14239
13157,3,14845
2921,0,13158
3435,0,13158
10403,2,13158
13158,1,6249
13158,1,6250
13158,1,6428
13158,1,6528
13158,1,7438
13158,1,9652
13158,3,13157
13158,3,11912
13158,3,14239
13158,3,12014
2921,0,13159
5039,0,13159
10403,2,13159
13159,1,5970
13159,1,6242
13159,1,7005
13159,1,7729
13159,1,9653
13159,3,12810
13159,3,13156
13159,3,12822
13159,3,14569
13159,3,11845
13159,3,11562
13159,3,15400
13159,3,11260
13159,3,14403
580,0,13160
2921,0,13160
10403,2,13160
13160,1,5970
13160,1,6040
13160,1,6242
13160,1,6788
13160,1,8174
13160,3,13156
13160,3,13060
13160,3,13100
2598,0,13161
5140,0,13161
5393,0,13161
10404,2,13161
13161,1,5921
13161,1,5970
13161,1,6075
13161,1,6197
13161,1,6297
13161,1,6452
13161,1,8329
13161,1,8597
615,0,13162
2018,0,13162
2672,0,13162
10404,2,13162
13162,1,6873
13162,1,7136
13162,1,7417
13162,1,7442
13162,1,7585
1887,0,13163
2018,0,13163
2672,0,13163
10404,2,13163
13163,1,6283
13163,1,6315
13163,1,6386
13163,1,6718
13163,1,8066
13163,1,9623
219,0,13164
2970,0,13164
5117,0,13164
5500,0,13164
10404,2,13164
13164,1,5936
13164,1,6020
13164,1,6075
13164,1,6079
13164,1,6181
13164,1,6250
13164,1,6253
13164,1,7430
13164,1,8611
437,0,13165
438,0,13165
2236,0,13165
3267,0,13165
10404,2,13165
13165,1,6107
13165,1,6264
13165,1,6265
13165,1,6269
13165,1,6567
13165,1,7549
13165,1,9661
181,0,13166
210,0,13166
220,0,13166
5501,0,13166
10404,2,13166
13166,1,5929
13166,1,6181
13166,1,6242
13166,1,6738
13166,1,6739
2807,0,13167
2808,0,13167
4026,0,13167
10404,2,13167
13167,1,6250
13167,1,6304
13167,1,6968
13167,1,7116
13167,1,7384
13167,1,7588
13167,1,9654
13167,1,9662
13167,1,9663
13167,1,9664
878,0,13168
2892,0,13168
2968,0,13168
4107,0,13168
10404,2,13168
13168,1,6242
13168,1,6250
13168,1,6421
13168,1,6432
13168,1,6766
13168,1,7970
878,0,13169
2968,0,13169
10404,2,13169
13169,1,6206
13169,1,6242
13169,1,6250
13169,1,6283
13169,1,6433
13169,1,6858
13169,1,7005
1671,0,13170
2253,0,13170
10404,2,13170
13170,1,5929
13170,1,6165
13170,1,6421
13170,1,6432
13170,1,6625
13170,1,7056
13170,1,7512
13170,1,8848
379,0,13171
4174,0,13171
4175,0,13171
10404,2,13171
13171,1,5929
13171,1,6109
13171,1,6242
13171,1,6264
13171,1,6477
13171,1,6531
13171,1,7750
1643,0,13172
2218,0,13172
2219,0,13172
10404,2,13172
13172,1,5915
13172,1,6062
13172,1,6529
13172,1,7436
13172,1,7982
2056,0,13173
10404,2,13173
13173,1,5918
13173,1,6205
13173,1,6301
13173,1,6858
13173,1,6943
13173,1,7422
13173,1,8582
23,0,13174
251,0,13174
10404,2,13174
13174,1,5978
13174,1,5991
13174,1,6118
13174,1,6477
13174,1,6856
13174,1,9106
23,0,13175
251,0,13175
1468,0,13175
10404,2,13175
13175,1,5991
13175,1,6856
13175,1,9003
13175,1,9106
2651,0,13176
2804,0,13176
10404,2,13176
13176,1,5915
13176,1,6165
13176,1,6242
13176,1,6277
13176,1,6301
13176,1,7304
2652,0,13177
2804,0,13177
10404,2,13177
13177,1,5970
13177,1,6079
13177,1,6131
13177,1,6150
13177,1,6193
13177,1,6337
13177,1,6549
13177,1,8084
13177,3,12904
1983,0,13178
5503,0,13178
10404,2,13178
13178,1,6462
13178,1,6873
13178,1,8030
13178,3,13113
13178,3,14829
2160,0,13179
3503,0,13179
10404,2,13179
13179,1,6005
13179,1,6390
13179,1,6593
13179,1,6604
13179,1,6718
1865,0,13180
2451,0,13180
2784,0,13180
10404,2,13180
13180,1,6301
13180,1,6656
13180,1,6943
13180,1,8170
13180,1,8894
60,0,13181
2068,0,13181
3885,0,13181
10404,2,13181
13181,1,6242
13181,1,6249
13181,1,6264
13181,1,6265
13181,1,6346
13181,1,6445
13181,1,6528
13181,1,8528
5025,0,13182
10404,2,13182
13182,1,5951
13182,1,6197
13182,1,6858
13182,1,6900
13182,1,7256
13182,1,8903
3104,0,13183
3105,0,13183
3106,0,13183
10404,2,13183
13183,1,5970
13183,1,6024
13183,1,6109
13183,1,6242
13183,1,6264
13183,1,6651
13183,1,6804
13183,1,6805
13183,1,7933
828,0,13184
3804,0,13184
10404,2,13184
13184,1,5996
13184,1,6071
13184,1,6079
13184,1,6155
13184,1,6361
13184,1,6796
13184,1,7448
13184,1,8371
1263,0,13185
2919,0,13185
5020,0,13185
10404,2,13185
13185,1,5967
13185,1,6250
13185,1,6390
13185,1,6625
13185,1,6924
13185,1,7047
13185,1,8490
1894,0,13186
5502,0,13186
5504,0,13186
10404,2,13186
13186,1,6118
13186,1,6242
13186,1,6295
13186,1,6321
13186,1,7597
13186,1,9666
615,0,13187
2384,0,13187
4481,0,13187
4678,0,13187
10404,2,13187
13187,1,5937
13187,1,5972
13187,1,6034
13187,1,6137
13187,1,6342
13187,1,8075
2638,0,13188
2639,0,13188
5233,0,13188
5505,0,13188
5506,0,13188
10404,2,13188
13188,1,5915
13188,1,5992
13188,1,6086
13188,1,6237
13188,1,6314
13188,1,6644
13188,1,7802
2639,0,13190
5507,0,13190
5508,0,13190
10404,2,13190
13190,1,5992
13190,1,6086
13190,1,6237
13190,1,6242
13190,1,6291
13190,1,6575
13190,3,14499
38,0,13191
1664,0,13191
5509,0,13191
10404,2,13191
13191,1,5987
13191,1,6079
13191,1,6237
13191,1,6503
13191,1,6676
13191,1,7815
13191,1,7938
13191,3,14304
13191,3,13189
2639,0,13192
5510,0,13192
10404,2,13192
13192,1,6242
13192,1,6253
13192,1,6264
13192,1,6425
13192,1,7787
13192,1,7849
13192,1,9668
2321,0,13194
2794,0,13194
4006,0,13194
10404,2,13194
13194,1,5970
13194,1,6026
13194,1,6235
13194,1,6242
13194,1,6250
13194,1,6264
13194,1,6265
13194,1,7116
13194,1,7384
13194,1,9493
5511,0,13195
10404,2,13195
13195,1,6050
13195,1,6249
13195,1,6322
13195,1,6625
13195,1,7047
13195,1,7812
1671,0,13196
2025,0,13196
10404,2,13196
13196,1,5929
13196,1,6181
13196,1,6228
13196,1,6242
13196,1,6337
13196,1,6625
13196,1,7269
13196,1,7512
13196,1,8910
13196,1,9093
1661,0,13197
1865,0,13197
1866,0,13197
2784,0,13197
10404,2,13197
13197,1,6656
13197,1,6772
13197,1,6989
13197,1,7018
13197,1,8848
1671,0,13198
2025,0,13198
10404,2,13198
13198,1,5929
13198,1,6625
13198,1,6900
13198,1,6901
13198,1,7302
13198,1,7512
889,0,13199
10404,2,13199
13199,1,5928
13199,1,6241
13199,1,6242
13199,1,6250
1117,0,13200
4049,0,13200
10404,2,13200
13200,1,6322
13200,1,6668
13200,1,7402
13200,1,7630
3514,0,13201
3515,0,13201
4010,0,13201
5512,0,13201
10404,2,13201
13201,1,6181
13201,1,6253
13201,1,6315
13201,1,6337
13201,1,7481
13201,1,7507
1653,0,13202
2461,0,13202
2470,0,13202
2471,0,13202
5154,0,13202
5513,0,13202
10404,2,13202
13202,1,6034
13202,1,6346
13202,1,6444
13202,1,7229
13202,1,7745
13202,1,7985
1235,0,13203
1433,0,13203
2239,0,13203
2505,0,13203
4329,0,13203
10404,2,13203
13203,1,5936
13203,1,6083
13203,1,6096
13203,1,6166
13203,1,6250
13203,1,6321
13203,1,7438
407,0,13204
3992,0,13204
10404,2,13204
13204,1,5918
13204,1,5929
13204,1,6052
13204,1,6674
13204,1,7846
1591,0,13205
1937,0,13205
1938,0,13205
2187,0,13205
10404,2,13205
13205,1,6242
13205,1,6280
13205,1,8173
13205,1,8387
2811,0,13206
10404,2,13206
13206,1,5991
13206,1,6264
13206,1,6265
13206,1,7664
2223,0,13207
2230,0,13207
10404,2,13207
13207,1,5991
13207,1,6181
13207,1,6867
13207,1,8183
13207,1,9670
79,0,13208
2227,0,13208
10404,2,13208
13208,1,6007
13208,1,6024
13208,1,6166
13208,1,6526
13208,3,12842
13208,3,12808
79,0,13209
2227,0,13209
10404,2,13209
13209,1,5929
13209,1,6166
13209,1,6265
13209,1,6526
40,0,13210
90,0,13210
232,0,13210
3882,0,13210
10404,2,13210
13210,1,6060
13210,1,6087
13210,1,6181
13210,1,6235
13210,1,6303
13210,1,6627
13210,1,6737
13210,1,7562
13210,1,7933
251,0,13211
4330,0,13211
10404,2,13211
13211,1,6075
13211,1,6181
13211,1,6296
13211,1,6301
13211,1,6775
13211,1,8597
2223,0,13212
2240,0,13212
10404,2,13212
13212,1,5937
13212,1,6005
13212,1,6012
13212,1,7115
13212,1,7500
13212,1,7559
13212,3,13381
13212,3,13409
13212,3,13410
13212,3,13213
1909,0,13214
3697,0,13214
4356,0,13214
4467,0,13214
10404,2,13214
13214,1,6109
13214,1,6242
13214,1,6255
13214,1,6264
13214,1,6337
13214,1,8244
13214,1,8317
13214,1,9672
2066,0,13215
2067,0,13215
2563,0,13215
4529,0,13215
10404,2,13215
13215,1,5980
13215,1,6052
13215,1,6079
13215,1,6900
13215,1,9665
283,0,13216
286,0,13216
2771,0,13216
5352,0,13216
5355,0,13216
10404,2,13216
13216,1,5936
13216,1,6079
13216,1,6197
13216,1,6391
13216,1,6542
13216,1,6587
13216,1,6825
13216,1,7301
283,0,13217
286,0,13217
10404,2,13217
13217,1,5936
13217,1,6079
13217,1,6118
13217,1,6351
13217,1,7111
13217,1,7680
13217,1,9673
2348,0,13218
3199,0,13218
10404,2,13218
13218,1,5921
13218,1,6268
13218,1,6301
13218,1,6943
13218,3,13405
13218,3,12280
13218,3,12701
13218,3,12776
2223,0,13219
2230,0,13219
10404,2,13219
13219,1,6587
13219,1,6656
13219,1,6774
13219,1,6856
13219,1,9674
1869,0,13220
1870,0,13220
2813,0,13220
5514,0,13220
10404,2,13220
13220,1,5937
13220,1,6034
13220,1,6120
13220,1,6250
13220,1,6593
13220,1,8304
181,0,13221
210,0,13221
217,0,13221
3364,0,13221
10404,2,13221
13221,1,6181
13221,1,6237
13221,1,6280
13221,1,6337
13221,1,7268
13221,1,9556
3105,0,13222
3106,0,13222
5515,0,13222
10404,2,13222
13222,1,5929
13222,1,5970
13222,1,5987
13222,1,6024
13222,1,6250
13222,1,6283
13222,1,6361
13222,1,7422
13222,1,7423
13222,1,7933
2900,0,13223
5516,0,13223
10404,2,13223
13223,1,5987
13223,1,6078
13223,1,6079
13223,1,6250
13223,1,6435
13223,1,7742
13223,1,9675
170,0,13224
5517,0,13224
10404,2,13224
13224,1,6118
13224,1,6405
13224,1,7980
13224,1,8197
13224,1,9676
845,0,13225
4407,0,13225
10404,2,13225
13225,1,5970
13225,1,6007
13225,1,6050
13225,1,6109
13225,1,6688
13225,1,7128
13225,1,7571
13225,1,8334
13225,1,8596
13225,3,12515
13225,3,11166
2334,0,13226
2355,0,13226
3623,0,13226
5518,0,13226
10404,2,13226
13226,1,5970
13226,1,6034
13226,1,6282
13226,1,6443
13226,1,7467
13226,1,8521
13226,1,9657
13226,1,9677
32,0,13227
1504,0,13227
3319,0,13227
10404,2,13227
13227,1,6242
13227,1,6337
13227,1,6625
13227,1,7090
13227,1,7094
13227,1,8452
13227,1,9678
993,0,13228
4689,0,13228
5519,0,13228
10404,2,13228
13228,1,6379
13228,1,6383
13228,1,6569
13228,1,6868
13228,1,9679
13228,1,9680
2003,0,13229
2620,0,13229
4018,0,13229
4019,0,13229
4265,0,13229
10404,2,13229
13229,1,5970
13229,1,6071
13229,1,6086
13229,1,6180
13229,1,6371
13229,1,6532
13229,1,7275
13229,1,9681
13229,1,9682
573,0,13230
2360,0,13230
2659,0,13230
5520,0,13230
10404,2,13230
13230,1,5978
13230,1,5992
13230,1,6171
13230,1,6242
13230,1,6625
13230,1,6716
13230,1,6926
13230,1,6948
13230,1,9683
2036,0,13231
2618,0,13231
4597,0,13231
5521,0,13231
10404,2,13231
13231,1,5936
13231,1,6036
13231,1,6118
13231,1,6163
13231,1,6242
13231,1,6625
13231,1,8414
2066,0,13232
2562,0,13232
2564,0,13232
2961,0,13232
10404,2,13232
13232,1,6078
13232,1,6079
13232,1,6250
13232,1,6303
13232,1,6435
13232,1,8272
1653,0,13233
2461,0,13233
2470,0,13233
2471,0,13233
2478,0,13233
10404,2,13233
13233,1,6086
13233,1,6096
13233,1,6165
13233,1,6250
13233,1,6280
13233,1,6284
13233,1,6321
13233,1,6367
13233,1,7420
13233,1,7777
13233,1,9525
268,0,13234
2812,0,13234
10404,2,13234
13234,1,5970
13234,1,6013
13234,1,6089
13234,1,6405
13234,1,6615
13234,1,6951
13234,1,7145
1948,0,13235
10404,2,13235
13235,1,6253
13235,1,6265
13235,1,6388
13235,1,6509
13235,1,6544
13235,1,8205
13235,3,14325
13235,3,13423
13235,3,13236
13235,3,13422
1948,0,13237
5257,0,13237
10404,2,13237
13237,1,5938
13237,1,5991
13237,1,6065
13237,1,6258
13237,1,6280
13237,1,6510
13237,1,6625
13237,1,6916
13237,1,7054
13237,1,9467
1948,0,13238
5256,0,13238
10404,2,13238
13238,1,5936
13238,1,5938
13238,1,6280
13238,1,6510
13238,1,6625
13238,1,7054
13238,1,8055
13238,1,8133
13238,1,9467
3027,0,13239
4449,0,13239
4620,0,13239
5522,0,13239
10404,2,13239
13239,1,5970
13239,1,5996
13239,1,6024
13239,1,6131
13239,1,6180
13239,1,6250
13239,1,6586
13239,1,8235
13239,1,8417
16,0,13240
1144,0,13240
10404,2,13240
13240,1,5929
13240,1,6420
13240,1,7056
13240,1,7106
13240,1,7846
13240,1,8314
23,0,13241
251,0,13241
2098,0,13241
10404,2,13241
13241,1,5970
13241,1,6022
13241,1,6948
13241,1,7259
13241,1,8362
13241,1,9628
2035,0,13242
2036,0,13242
4181,0,13242
10404,2,13242
13242,1,5936
13242,1,5996
13242,1,6079
13242,1,6336
13242,1,6351
13242,1,6386
13242,1,6925
445,0,13243
1867,0,13243
2015,0,13243
10404,2,13243
13243,1,6109
13243,1,6242
13243,1,6264
13243,1,6391
13243,1,6612
13243,1,7056
13243,3,13005
13243,3,14325
13243,3,11494
13243,3,14713
79,0,13244
255,0,13244
5523,0,13244
10404,2,13244
13244,1,5970
13244,1,6109
13244,1,6264
13244,1,6265
13244,1,6291
13244,1,6773
13244,1,7540
13244,1,7558
2326,0,13245
4757,0,13245
10404,2,13245
13245,1,5921
13245,1,6529
13245,1,6769
13245,1,6814
13245,1,6855
13245,1,6925
1667,0,13246
2326,0,13246
10404,2,13246
13246,1,5921
13246,1,5983
13246,1,6277
13246,1,6295
13246,1,6529
13246,1,6814
1431,0,13247
1887,0,13247
2018,0,13247
4161,0,13247
5524,0,13247
10404,2,13247
13247,1,6242
13247,1,6250
13247,1,6280
13247,1,6337
13247,1,6373
13247,1,6475
13247,1,6652
13247,1,7317
13247,1,7787
13247,1,8754
33,0,13248
1468,0,13248
10404,2,13248
13248,1,6207
13248,1,7486
13248,1,7769
13248,1,9685
3180,0,13249
5425,0,13249
5426,0,13249
10404,2,13249
13249,1,5953
13249,1,6022
13249,1,6206
13249,1,6510
13249,1,6641
13249,1,7288
13249,1,7438
13249,1,7838
13249,1,8034
3598,0,13250
3921,0,13250
5525,0,13250
10404,2,13250
13250,1,5921
13250,1,5936
13250,1,5970
13250,1,6117
13250,1,6180
13250,1,6275
13250,1,6741
13250,1,7438
1874,0,13251
1875,0,13251
3229,0,13251
3792,0,13251
4681,0,13251
4682,0,13251
4683,0,13251
10404,2,13251
13251,1,5936
13251,1,6079
13251,1,6171
13251,1,6181
13251,1,6183
13251,1,6247
13251,1,6250
13251,1,6283
13251,1,6362
13251,1,7418
13251,1,7422
13251,1,8584
13251,1,9686
1158,0,13252
2238,0,13252
10404,2,13252
13252,1,6405
13252,1,6697
13252,1,7511
13252,1,8269
1235,0,13253
2352,0,13253
2652,0,13253
2804,0,13253
10404,2,13253
13253,1,5970
13253,1,6154
13253,1,6301
13253,1,6798
13253,1,6943
181,0,13254
1887,0,13254
1959,0,13254
2018,0,13254
2673,0,13254
10404,2,13254
13254,1,6171
13254,1,6250
13254,1,6646
13254,1,7418
13254,1,7919
262,0,13255
263,0,13255
277,0,13255
3878,0,13255
10404,2,13255
13255,1,5970
13255,1,6197
13255,1,6227
13255,1,6242
13255,1,6250
13255,1,6269
13255,1,6762
13255,1,8805
159,0,13256
1818,0,13256
2805,0,13256
5526,0,13256
10404,2,13256
13256,1,6314
13256,1,6337
13256,1,6398
13256,1,6572
13256,1,6615
13256,1,6665
13256,1,6708
13256,1,6880
13256,1,7430
3515,0,13257
4167,0,13257
5527,0,13257
10404,2,13257
13257,1,6131
13257,1,6242
13257,1,6282
13257,1,6352
13257,1,6475
13257,1,6768
13257,1,6771
13257,1,6772
13257,1,7430
2384,0,13258
4481,0,13258
5528,0,13258
5529,0,13258
5530,0,13258
10404,2,13258
13258,1,5936
13258,1,5937
13258,1,5947
13258,1,5996
13258,1,6089
13258,1,6237
13258,1,6826
13258,1,7166
13258,1,7167
13258,1,7327
13258,1,7417
13258,1,8075
201,0,13259
202,0,13259
5531,0,13259
10404,2,13259
13259,1,5987
13259,1,6250
13259,1,6575
13259,1,7420
13259,1,9687
13259,1,9688
1887,0,13260
10404,2,13260
13260,1,6000
13260,1,6028
13260,1,6242
13260,1,6250
13260,1,6717
13260,1,7703
201,0,13261
202,0,13261
205,0,13261
10404,2,13261
13261,1,5936
13261,1,6018
13261,1,6055
13261,1,6079
13261,1,6321
13261,1,6673
13261,1,7613
13261,1,9368
2807,0,13262
4026,0,13262
4600,0,13262
4729,0,13262
5313,0,13262
10404,2,13262
13262,1,6006
13262,1,6118
13262,1,6242
13262,1,6250
13262,1,6337
13262,1,9689
2565,0,13263
2794,0,13263
5532,0,13263
10404,2,13263
13263,1,6023
13263,1,6873
13263,1,6961
13263,1,7733
13263,1,9690
13263,1,9691
249,0,13264
250,0,13264
265,0,13264
4163,0,13264
5533,0,13264
10404,2,13264
13264,1,6009
13264,1,6079
13264,1,6126
13264,1,6242
13264,1,6337
13264,1,6575
13264,1,6635
13264,1,6710
13264,1,6737
2401,0,13265
4714,0,13265
10404,2,13265
13265,1,6075
13265,1,6079
13265,1,6647
13265,1,8458
13265,1,8597
1144,0,13266
3612,0,13266
10404,2,13266
13266,1,5947
13266,1,5996
13266,1,6003
13266,1,6485
13266,1,6486
13266,1,7021
13266,1,7289
13266,1,7687
13266,1,7717
13266,1,8352
1235,0,13267
2652,0,13267
5274,0,13267
10404,2,13267
13267,1,5921
13267,1,6798
13267,1,6973
13267,1,7439
13267,1,7476
3895,0,13268
5167,0,13268
5443,0,13268
10404,2,13268
13268,1,6161
13268,1,6171
13268,1,6242
13268,1,6250
13268,1,6283
13268,1,6366
13268,1,8502
2597,0,13269
4354,0,13269
10404,2,13269
13269,1,5991
13269,1,6109
13269,1,6181
13269,1,6250
13269,1,6264
13269,1,6304
13269,1,6335
13269,3,14325
269,0,13270
2420,0,13270
2510,0,13270
5534,0,13270
10404,2,13270
13270,1,5996
13270,1,6052
13270,1,6258
13270,1,6651
13270,1,6830
13270,1,7177
13270,1,9656
1253,0,13271
1607,0,13271
5535,0,13271
10404,2,13271
13271,1,5929
13271,1,5970
13271,1,6024
13271,1,6389
13271,1,6390
13271,1,7234
13271,1,7970
13271,1,8676
2034,0,13272
2035,0,13272
2036,0,13272
10404,2,13272
13272,1,6242
13272,1,6428
13272,1,6447
13272,1,6676
13272,1,7641
13272,1,9033
3494,0,13273
4074,0,13273
10404,2,13273
13273,1,5936
13273,1,6351
13273,1,6404
13273,1,7017
13273,1,7571
13273,1,7895
1962,0,13274
3494,0,13274
3706,0,13274
5536,0,13274
10404,2,13274
13274,1,5949
13274,1,5991
13274,1,6334
13274,1,6645
13274,1,6816
13274,1,6981
13274,1,7005
13274,1,7430
13274,1,9692
2461,0,13276
2469,0,13276
2470,0,13276
2471,0,13276
2759,0,13276
2774,0,13276
2788,0,13276
10404,2,13276
13276,1,6050
13276,1,6237
13276,1,6250
13276,1,6625
13276,1,6981
13276,1,7292
13276,1,7745
13276,1,9693
13276,1,9694
2461,0,13277
2469,0,13277
2470,0,13277
2471,0,13277
2759,0,13277
2774,0,13277
10404,2,13277
13277,1,5991
13277,1,5992
13277,1,6050
13277,1,6280
13277,1,6346
13277,1,6625
13277,1,7292
13277,1,7745
2461,0,13278
2469,0,13278
2470,0,13278
2471,0,13278
2759,0,13278
2774,0,13278
10404,2,13278
13278,1,5991
13278,1,6050
13278,1,6280
13278,1,6346
13278,1,6625
13278,1,6981
13278,1,7292
13278,1,7745
13278,1,8124
13278,1,9693
2461,0,13280
2470,0,13280
2471,0,13280
2759,0,13280
2774,0,13280
10404,2,13280
13280,1,5991
13280,1,5992
13280,1,6050
13280,1,6096
13280,1,6280
13280,1,6346
13280,1,6625
13280,1,7745
13280,3,11441
13280,3,13282
13280,3,13279
181,0,13281
210,0,13281
427,0,13281
2574,0,13281
2658,0,13281
10404,2,13281
13281,1,5936
13281,1,6050
13281,1,6071
13281,1,6161
13281,1,6206
13281,1,6322
13281,1,6733
13281,1,6747
13281,1,7571
13281,1,7612
13281,1,9695
2537,0,13283
2792,0,13283
2802,0,13283
10404,2,13283
13283,1,6007
13283,1,6024
13283,1,6083
13283,1,7402
13283,1,8420
13283,3,12280
13283,3,12162
2475,0,13284
4333,0,13284
10404,2,13284
13284,1,6024
13284,1,6242
13284,1,6280
13284,1,6663
13284,1,6673
13284,1,8958
4080,0,13285
10404,2,13285
13285,1,6079
13285,1,6193
13285,1,7079
13285,1,7823
13285,1,8066
13285,1,8642
13285,1,9083
3293,0,13286
3514,0,13286
3515,0,13286
4010,0,13286
5512,0,13286
10404,2,13286
13286,1,5956
13286,1,6131
13286,1,6166
13286,1,6315
13286,1,6337
1235,0,13287
1433,0,13287
2506,0,13287
5537,0,13287
10404,2,13287
13287,1,6034
13287,1,6096
13287,1,6118
13287,1,6250
13287,1,6321
13287,1,6625
13287,1,6737
13287,1,8616
13287,1,9696
13287,1,9697
169,0,13288
2791,0,13288
10404,2,13288
13288,1,6572
13288,1,6674
13288,1,6858
13288,1,8041
13288,1,8122
13288,1,8173
2042,0,13289
2043,0,13289
5304,0,13289
5538,0,13289
10404,2,13289
13289,1,6191
13289,1,6405
13289,1,7782
13289,1,9415
13289,1,9478
10,0,13290
1874,0,13290
2132,0,13290
3204,0,13290
10404,2,13290
13290,1,5938
13290,1,6064
13290,1,6079
13290,1,6171
13290,1,6247
13290,1,6351
13290,1,6737
13290,1,7418
13290,1,8494
13290,1,8733
5491,0,13291
10404,2,13291
13291,1,5975
13291,1,6079
13291,1,6607
13291,1,6676
13291,1,7443
1865,0,13292
2810,0,13292
4026,0,13292
4600,0,13292
10404,2,13292
13292,1,6242
13292,1,6250
13292,1,6458
13292,1,6475
13292,1,8170
13292,1,9684
573,0,13293
1529,0,13293
1887,0,13293
2324,0,13293
10404,2,13293
13293,1,6242
13293,1,6583
13293,1,6843
13293,1,6978
13293,1,7318
13293,1,7357
13293,1,7978
13293,1,8238
425,0,13294
1807,0,13294
2063,0,13294
2242,0,13294
10404,2,13294
13294,1,5915
13294,1,6016
13294,1,6086
13294,1,6097
13294,1,6181
13294,1,6237
13294,1,6337
13294,1,7499
13294,1,7593
122,0,13295
2036,0,13295
2618,0,13295
5244,0,13295
10404,2,13295
13295,1,6014
13295,1,6136
13295,1,6447
13295,1,6562
13295,1,6843
1253,0,13296
1607,0,13296
4023,0,13296
10404,2,13296
13296,1,5915
13296,1,5921
13296,1,6164
13296,1,6265
13296,1,6402
13296,1,7743
13296,1,7828
13296,1,9699
13296,1,9700
207,0,13297
1468,0,13297
1600,0,13297
2501,0,13297
10404,2,13297
13297,1,5970
13297,1,6078
13297,1,6207
13297,1,6277
13297,1,6301
13297,1,6435
13297,1,6527
13297,1,6919
13297,1,6943
13297,1,7361
2125,0,13298
4358,0,13298
4359,0,13298
10404,2,13298
13298,1,5921
13298,1,5970
13298,1,6131
13298,1,6334
13298,1,6352
13298,1,6402
13298,1,6697
13298,1,6981
13298,1,7022
13298,1,8197
170,0,13299
5108,0,13299
10404,2,13299
13299,1,6146
13299,1,6280
13299,1,6575
13299,1,6625
13299,1,7517
13299,3,14569
13299,3,14403
13299,3,15449
2341,0,13300
5539,0,13300
10404,2,13300
13300,1,6038
13300,1,6079
13300,1,6242
13300,1,6250
13300,1,6604
13300,1,6731
13300,1,6732
13300,1,7131
13300,1,7609
2341,0,13301
5539,0,13301
10404,2,13301
13301,1,6079
13301,1,6197
13301,1,6242
13301,1,6250
13301,1,6530
13301,1,6731
13301,1,6732
13301,1,6737
5212,0,13302
10404,2,13302
13302,1,6028
13302,1,6241
13302,1,7510
13302,1,7902
13302,1,9516
1235,0,13303
1433,0,13303
4791,0,13303
10404,2,13303
13303,1,5916
13303,1,5937
13303,1,6092
13303,1,6250
13303,1,6569
2804,0,13304
3884,0,13304
3885,0,13304
10404,2,13304
13304,1,6165
13304,1,6250
13304,1,6277
13304,1,6337
13304,1,6365
1430,0,13305
2933,0,13305
10404,2,13305
13305,1,5965
13305,1,6084
13305,1,6242
13305,1,6264
13305,3,14325
13305,3,14713
13305,3,15418
13305,3,14803
224,0,13306
2223,0,13306
10404,2,13306
13306,1,5936
13306,1,5987
13306,1,6023
13306,1,6079
13306,1,6197
13306,1,6365
13306,1,6733
13306,1,9702
181,0,13307
210,0,13307
217,0,13307
1137,0,13307
2574,0,13307
3364,0,13307
10404,2,13307
13307,1,5918
13307,1,6050
13307,1,6242
13307,1,6280
13307,1,6337
13307,1,6575
13307,1,8417
266,0,13308
1430,0,13308
1504,0,13308
5540,0,13308
10404,2,13308
13308,1,6109
13308,1,6242
13308,1,6264
13308,1,8048
13308,1,8417
235,0,13309
2018,0,13309
2647,0,13309
2767,0,13309
4153,0,13309
10404,2,13309
13309,1,5936
13309,1,6210
13309,1,6250
13309,1,6404
13309,1,7730
13309,1,9038
13309,1,9135
2003,0,13310
2620,0,13310
4018,0,13310
4019,0,13310
10404,2,13310
13310,1,6127
13310,1,6156
13310,1,6197
13310,1,6276
13310,1,6295
13310,1,6337
13310,1,6475
13310,1,6737
13310,1,6989
13310,1,9681
2105,0,13311
4185,0,13311
10404,2,13311
13311,1,6301
13311,1,6320
13311,1,6557
13311,1,7200
13311,1,7818
13311,1,8860
13311,1,9703
2348,0,13312
3199,0,13312
5138,0,13312
10404,2,13312
13312,1,6410
13312,1,6444
13312,1,7049
13312,1,7590
437,0,13313
438,0,13313
4642,0,13313
10404,2,13313
13313,1,6118
13313,1,6150
13313,1,6444
13313,1,7376
13313,1,7377
13313,1,7812
13313,1,7921
13313,1,8676
821,0,13314
2483,0,13314
10404,2,13314
13314,1,6028
13314,1,6420
13314,1,6621
13314,1,7324
15,0,13315
828,0,13315
1492,0,13315
10404,2,13315
13315,1,5918
13315,1,5970
13315,1,6001
13315,1,6064
13315,1,6391
13315,1,6519
13315,1,7448
13315,3,15464
13315,3,14304
13315,3,12910
13315,3,11801
13315,3,14324
213,0,13316
4627,0,13316
5058,0,13316
10404,2,13316
13316,1,6250
13316,1,6307
13316,1,6308
13316,1,6337
13316,1,7599
13316,1,8839
2018,0,13317
2360,0,13317
2659,0,13317
10404,2,13317
13317,1,5936
13317,1,5991
13317,1,6171
13317,1,6625
13317,1,6890
13317,1,7418
13317,3,10765
13317,3,15222
2797,0,13318
3110,0,13318
10404,2,13318
13318,1,6065
13318,1,6242
13318,1,6280
13318,1,6575
13318,1,6663
13318,1,6945
13318,1,7307
13318,1,9704
13318,1,9705
1831,0,13319
10404,2,13319
13319,1,5970
13319,1,6207
13319,1,6698
13319,1,7594
13319,1,8034
13319,1,8373
13319,1,9706
1601,0,13320
2042,0,13320
4296,0,13320
5003,0,13320
10404,2,13320
13320,1,5996
13320,1,6079
13320,1,6250
13320,1,6663
13320,1,7131
13320,1,8553
1660,0,13321
3514,0,13321
3515,0,13321
4712,0,13321
10404,2,13321
13321,1,6131
13321,1,6253
13321,1,6280
13321,1,6337
13321,1,6390
13321,1,7481
1660,0,13322
3514,0,13322
3515,0,13322
4712,0,13322
10404,2,13322
13322,1,6181
13322,1,6242
13322,1,6280
13322,1,6337
13322,1,6390
13322,1,9707
13322,3,10920
13322,3,14325
13322,3,11260
13322,3,14403
13322,3,11015
1158,0,13323
2238,0,13323
10404,2,13323
13323,1,5921
13323,1,6181
13323,1,6477
13323,1,8034
13323,1,8373
13323,1,8584
247,0,13324
5150,0,13324
5151,0,13324
5541,0,13324
10404,2,13324
13324,1,6065
13324,1,6109
13324,1,6237
13324,1,6297
13324,1,6525
13324,1,8504
185,0,13325
281,0,13325
1754,0,13325
4792,0,13325
10404,2,13325
13325,1,5929
13325,1,6242
13325,1,6265
13325,1,7348
13325,1,7437
13325,1,9708
13325,1,9709
2420,0,13326
2482,0,13326
2510,0,13326
10404,2,13326
13326,1,5937
13326,1,5991
13326,1,6165
13326,1,6242
13326,1,6250
13326,1,6258
13326,1,7308
13326,1,7309
13326,1,9656
13326,3,13381
13326,3,13478
222,0,13327
235,0,13327
2647,0,13327
4153,0,13327
5322,0,13327
5542,0,13327
10404,2,13327
13327,1,5949
13327,1,6079
13327,1,6118
13327,1,6475
13327,1,6881
13327,3,15464
23,0,13328
251,0,13328
1468,0,13328
5543,0,13328
10404,2,13328
13328,1,6391
13328,1,7256
13328,1,7486
13328,1,7634
13328,1,7899
1962,0,13329
3494,0,13329
4946,0,13329
5130,0,13329
10404,2,13329
13329,1,7225
13329,1,7730
13329,1,9571
2137,0,13330
2283,0,13330
4003,0,13330
10405,2,13330
13330,1,5921
13330,1,5936
13330,1,6118
13330,1,6250
13330,1,6352
13330,1,6697
13330,1,8625
828,0,13331
3804,0,13331
10405,2,13331
13331,1,6052
13331,1,6064
13331,1,6079
13331,1,6193
13331,1,7448
13331,1,7612
13331,1,7884
828,0,13332
2940,0,13332
3804,0,13332
3805,0,13332
10405,2,13332
13332,1,5921
13332,1,5956
13332,1,6207
13332,1,6364
13332,1,6796
13332,1,7593
13332,1,8371
13332,1,8587
2270,0,13333
2445,0,13333
4328,0,13333
5014,0,13333
5015,0,13333
10405,2,13333
13333,1,5991
13333,1,6096
13333,1,6250
13333,1,6529
13333,1,6647
13333,1,7305
1502,0,13334
1503,0,13334
1504,0,13334
4879,0,13334
4925,0,13334
10405,2,13334
13334,1,6052
13334,1,6242
13334,1,6352
13334,1,6410
13334,1,7396
2975,0,13335
3871,0,13335
10405,2,13335
13335,1,6242
13335,1,6280
13335,1,6281
13335,1,6488
13335,1,9717
735,0,13336
10405,2,13336
13336,1,5921
13336,1,5972
13336,1,6137
13336,1,6164
13336,1,6309
13336,1,9718
13336,1,9719
2466,0,13337
2467,0,13337
10405,2,13337
13337,1,6079
13337,1,6082
13337,1,6686
13337,1,7327
13337,1,7328
13337,1,7634
13337,1,8169
2135,0,13338
2228,0,13338
4693,0,13338
10405,2,13338
13338,1,6109
13338,1,6161
13338,1,6569
13338,1,6614
13338,1,6801
13338,1,7115
13338,1,7500
13338,1,8390
4398,0,13339
10405,2,13339
13339,1,6009
13339,1,6250
13339,1,7047
13339,1,8337
13339,1,9490
495,0,13340
2287,0,13340
10405,2,13340
13340,1,6075
13340,1,6078
13340,1,6435
13340,1,7005
13340,1,7507
13340,1,7730
2042,0,13341
2043,0,13341
10405,2,13341
13341,1,6118
13341,1,6242
13341,1,6264
13341,1,6265
13341,1,6775
13341,1,8511
13341,1,9720
189,0,13342
2180,0,13342
2817,0,13342
4285,0,13342
5547,0,13342
10405,2,13342
13342,1,6136
13342,1,6242
13342,1,6250
13342,1,6420
13342,1,6575
2185,0,13343
2274,0,13343
2275,0,13343
10405,2,13343
13343,1,5929
13343,1,5987
13343,1,6118
13343,1,6316
13343,1,6481
13343,1,6485
13343,1,7444
13343,1,7782
1879,0,13344
4297,0,13344
10405,2,13344
13344,1,5929
13344,1,6155
13344,1,6264
13344,1,6265
13344,1,9040
1838,0,13345
1919,0,13345
2023,0,13345
2515,0,13345
4993,0,13345
10405,2,13345
13345,1,6006
13345,1,6311
13345,1,6400
13345,1,6420
13345,1,6625
13345,1,6879
13345,1,7155
3053,0,13346
4494,0,13346
10405,2,13346
13346,1,6024
13346,1,6250
13346,1,6390
13346,1,7329
13346,1,7519
13346,1,9099
1827,0,13347
2322,0,13347
3358,0,13347
3434,0,13347
4397,0,13347
10405,2,13347
13347,1,5991
13347,1,6171
13347,1,6475
13347,1,7418
13347,1,8063
13347,1,9722
25,0,13348
989,0,13348
1548,0,13348
4617,0,13348
10405,2,13348
13348,1,6432
13348,1,6858
13348,1,6873
13348,1,7056
13348,1,7435
13348,1,9723
2462,0,13349
4331,0,13349
10405,2,13349
13349,1,5937
13349,1,5991
13349,1,6052
13349,1,6250
13349,1,7189
13349,1,7790
13349,3,12970
13349,3,12253
13349,3,12224
179,0,13351
3190,0,13351
10405,2,13351
13351,1,6242
13351,1,6457
13351,1,6575
13351,1,6946
13351,1,7500
13351,1,9724
13351,1,9725
4174,0,13352
4175,0,13352
4260,0,13352
10405,2,13352
13352,1,5967
13352,1,5970
13352,1,6264
13352,1,6265
13352,1,6509
13352,1,9726
13352,3,12822
13352,3,14569
13352,3,13150
13352,3,14325
13352,3,14403
13352,3,15449
4174,0,13353
4175,0,13353
10405,2,13353
13353,1,6264
13353,1,6265
13353,1,6280
13353,1,6367
13353,1,7571
2174,0,13355
2175,0,13355
3190,0,13355
5026,0,13355
10405,2,13355
13355,1,6055
13355,1,6206
13355,1,6242
13355,1,6280
13355,1,6575
13355,1,8959
2187,0,13356
3125,0,13356
4253,0,13356
4513,0,13356
10405,2,13356
13356,1,5936
13356,1,6050
13356,1,6071
13356,1,6079
13356,1,6118
13356,1,6249
13356,1,6346
2174,0,13357
2175,0,13357
3190,0,13357
5026,0,13357
10405,2,13357
13357,1,6242
13357,1,6250
13357,1,6575
13357,1,6688
13357,1,6946
13357,1,9728
13357,1,9729
821,0,13359
822,0,13359
10405,2,13359
13359,1,5945
13359,1,6079
13359,1,6193
13359,1,6414
13359,1,6663
13359,1,6951
13359,1,9083
1648,0,13360
1649,0,13360
2307,0,13360
5549,0,13360
10405,2,13360
13360,1,5921
13360,1,6164
13360,1,6242
13360,1,6250
13360,1,6499
13360,1,6526
13360,1,9730
367,0,13362
1333,0,13362
1553,0,13362
4093,0,13362
10405,2,13362
13362,1,5929
13362,1,6118
13362,1,6390
13362,1,6656
13362,1,6873
13362,1,7018
13362,1,7952
2296,0,13363
3053,0,13363
5550,0,13363
10405,2,13363
13363,1,5991
13363,1,6250
13363,1,7408
13363,1,8304
13363,1,8439
2419,0,13364
2833,0,13364
2834,0,13364
2835,0,13364
2836,0,13364
4687,0,13364
5325,0,13364
10405,2,13364
13364,1,6075
13364,1,6907
1664,0,13365
2004,0,13365
10405,2,13365
13365,1,6036
13365,1,6079
13365,1,6250
13365,1,6444
13365,1,6655
13365,1,6656
13365,1,6855
13365,1,7385
13365,1,7981
13365,3,15464
317,0,13366
1664,0,13366
10405,2,13366
13366,1,5951
13366,1,6079
13366,1,6131
13366,1,6488
13366,1,7005
13366,1,8610
13366,1,8696
13366,3,13193
13366,3,12268
13366,3,11017
3494,0,13367
10405,2,13367
13367,1,6081
13367,1,6135
13367,1,6207
13367,1,6242
13367,1,6250
13367,1,6283
13367,1,6351
13367,1,6676
13367,1,6730
13367,1,7132
13367,1,7372
3316,0,13370
5034,0,13370
10405,2,13370
13370,1,5992
13370,1,6079
13370,1,6193
13370,1,6623
13370,1,6716
13370,1,8359
13370,1,8690
13370,1,9731
283,0,13371
286,0,13371
10405,2,13371
13371,1,5949
13371,1,5983
13371,1,6171
13371,1,6203
13371,1,6656
13371,1,7418
13371,1,8620
13371,1,9732
3316,0,13372
5034,0,13372
10405,2,13372
13372,1,5992
13372,1,6079
13372,1,6193
13372,1,6623
13372,1,6716
13372,1,7446
13372,1,8359
13372,1,9731
283,0,13373
286,0,13373
10405,2,13373
13373,1,5936
13373,1,6079
13373,1,6183
13373,1,6197
13373,1,6219
13373,1,6587
13373,1,7301
13373,1,9673
283,0,13374
286,0,13374
10405,2,13374
13374,1,6367
13374,1,6625
13374,1,6820
13374,1,7064
13374,1,7558
13374,1,8894
13374,1,8942
2008,0,13376
2747,0,13376
3045,0,13376
10405,2,13376
13376,1,6028
13376,1,6084
13376,1,6118
13376,1,6242
13376,1,6737
13376,1,6765
13376,1,6978
13376,1,7617
2537,0,13377
2792,0,13377
2802,0,13377
10405,2,13377
13377,1,6024
13377,1,7917
13377,1,8058
13377,1,9714
4461,0,13378
10405,2,13378
13378,1,5929
13378,1,6089
13378,1,6301
13378,1,6386
13378,1,6943
13378,1,6951
13378,1,7229
13378,1,7823
13378,1,9087
13378,1,9109
3896,0,13379
4461,0,13379
10405,2,13379
13379,1,5921
13379,1,6203
13379,1,6405
13379,1,7486
13379,1,8473
13379,1,9030
2638,0,13380
2639,0,13380
4180,0,13380
10405,2,13380
13380,1,5949
13380,1,5996
13380,1,6656
13380,1,8347
13380,1,8555
13380,1,9733
1158,0,13382
2100,0,13382
10405,2,13382
13382,1,6795
13382,1,7115
13382,1,8501
1158,0,13383
2100,0,13383
10405,2,13383
13383,1,6001
13383,1,6012
13383,1,6033
13383,1,6166
13383,1,7256
623,0,13384
625,0,13384
2303,0,13384
10405,2,13384
13384,1,5921
13384,1,6052
13384,1,6250
13384,1,7116
1225,0,13385
2292,0,13385
10405,2,13385
13385,1,5937
13385,1,5991
13385,1,6092
13385,1,6146
13385,1,6455
13385,1,8531
13385,1,8905
2174,0,13386
2187,0,13386
5338,0,13386
10405,2,13386
13386,1,6079
13386,1,6250
13386,1,7468
1635,0,13387
2302,0,13387
10405,2,13387
13387,1,6356
13387,1,6462
13387,1,7586
2066,0,13388
2961,0,13388
4194,0,13388
10405,2,13388
13388,1,5936
13388,1,6079
13388,1,6303
13388,1,6645
13388,1,6733
2174,0,13389
2181,0,13389
2187,0,13389
10405,2,13389
13389,1,5965
13389,1,6014
13389,1,6084
13389,1,6089
13389,1,6131
13389,1,6183
13389,1,6242
13389,1,8339
13389,1,8559
13389,3,14713
407,0,13390
3992,0,13390
4455,0,13390
5551,0,13390
10405,2,13390
13390,1,5929
13390,1,6018
13390,1,6344
13390,1,6479
13390,1,6523
13390,1,6526
13390,1,8418
407,0,13391
3992,0,13391
4455,0,13391
5551,0,13391
10405,2,13391
13391,1,5929
13391,1,6344
13391,1,6386
13391,1,6479
13391,1,6523
13391,1,6526
13391,1,8418
13391,1,8669
13391,1,9735
1504,0,13392
3045,0,13392
4153,0,13392
10405,2,13392
13392,1,6301
13392,1,6309
13392,1,6322
13392,1,6337
13392,1,8394
13392,1,8703
1504,0,13393
3045,0,13393
4153,0,13393
10405,2,13393
13393,1,5949
13393,1,6242
13393,1,6475
13393,1,8881
2138,0,13394
2178,0,13394
3265,0,13394
3266,0,13394
4616,0,13394
10405,2,13394
13394,1,6012
13394,1,6943
13394,1,7256
1901,0,13395
2066,0,13395
4529,0,13395
5552,0,13395
10405,2,13395
13395,1,6012
13395,1,6078
13395,1,6079
13395,1,6250
13395,1,6435
13395,1,7558
13395,1,8603
2348,0,13396
3198,0,13396
3199,0,13396
5553,0,13396
10405,2,13396
13396,1,5929
13396,1,6237
13396,1,6594
13396,1,6943
13396,1,7162
13396,1,7728
13396,1,9736
4008,0,13398
4187,0,13398
10405,2,13398
13398,1,6303
13398,1,6361
13398,1,6509
13398,1,7438
13398,1,8189
13398,1,9737
4654,0,13399
10405,2,13399
13399,1,6082
13399,1,6264
13399,1,6265
13399,1,7115
13399,1,7500
13399,3,14325
13399,3,13397
2418,0,13400
3189,0,13400
4360,0,13400
10405,2,13400
13400,1,6023
13400,1,6075
13400,1,7970
13400,1,8707
13400,1,9738
2495,0,13401
4508,0,13401
10405,2,13401
13401,1,6079
13401,1,6118
13401,1,6181
13401,1,6250
13401,1,6258
13401,1,6301
13401,1,6391
13401,3,15076
13401,3,14324
13401,3,15411
13401,3,13402
4123,0,13403
10405,2,13403
13403,1,5996
13403,1,6250
13403,1,7887
13403,1,8096
13403,1,8834
2926,0,13404
5554,0,13404
10405,2,13404
13404,1,6075
13404,1,6295
13404,1,6550
13404,1,7242
13404,1,7501
13404,1,7770
13404,1,9716
13404,1,9739
2348,0,13406
3199,0,13406
10405,2,13406
13406,1,5936
13406,1,5937
13406,1,6003
13406,1,6014
13406,1,6250
13406,1,6268
13406,1,6301
13406,1,7250
13406,3,13405
13406,3,12280
1116,0,13407
4452,0,13407
10405,2,13407
13407,1,6116
13407,1,6617
13407,1,6623
13407,1,6697
13407,1,9740
2347,0,13408
2348,0,13408
2912,0,13408
2913,0,13408
4113,0,13408
10405,2,13408
13408,1,6379
13408,1,6718
13408,1,8360
405,0,13411
2495,0,13411
2523,0,13411
3080,0,13411
4639,0,13411
10405,2,13411
13411,1,5929
13411,1,6063
13411,1,6193
13411,1,6386
13411,1,6389
13411,1,6478
13411,1,6766
13411,1,9411
5415,0,13412
5416,0,13412
10405,2,13412
13412,1,6052
13412,1,6242
13412,1,6250
13412,1,6410
13412,1,7426
3053,0,13413
5415,0,13413
5555,0,13413
10405,2,13413
13413,1,8559
13413,1,9742
13413,3,12520
13413,3,13417
43,0,13414
2135,0,13414
5556,0,13414
5557,0,13414
10405,2,13414
13414,1,5929
13414,1,6082
13414,1,6117
13414,1,6180
13414,1,6265
13414,1,6426
13414,1,7047
13414,3,13375
3053,0,13415
5415,0,13415
5558,0,13415
10405,2,13415
13415,1,5966
13415,1,6052
13415,1,6247
13415,1,6410
13415,1,7612
13415,1,8037
2185,0,13418
2274,0,13418
2275,0,13418
10405,2,13418
13418,1,5987
13418,1,6003
13418,1,6024
13418,1,6242
13418,1,6250
80,0,13419
3259,0,13419
10405,2,13419
13419,1,6477
13419,1,7100
13419,1,7994
13419,1,8034
13419,1,8373
13419,1,8812
13419,1,8865
1512,0,13420
2700,0,13420
2974,0,13420
5272,0,13420
10405,2,13420
13420,1,5970
13420,1,6050
13420,1,6083
13420,1,6086
13420,1,6096
13420,1,6237
13420,1,6346
13420,1,7270
580,0,13421
4061,0,13421
4062,0,13421
10405,2,13421
13421,1,5996
13421,1,6475
13421,1,6604
13421,1,6620
13421,1,6924
13421,1,7050
13421,1,7379
1648,0,13424
1649,0,13424
2293,0,13424
3269,0,13424
10405,2,13424
13424,1,6621
13424,1,6697
13424,1,7438
13424,1,8373
13424,1,9563
3009,0,13425
3907,0,13425
10405,2,13425
13425,1,6131
13425,1,6166
13425,1,6315
13425,1,6676
13425,1,8742
13425,1,8861
2475,0,13427
3191,0,13427
4333,0,13427
10405,2,13427
13427,1,5970
13427,1,6087
13427,1,6627
13427,1,7148
13427,1,8378
1651,0,13428
1816,0,13428
1874,0,13428
3204,0,13428
4099,0,13428
5560,0,13428
10405,2,13428
13428,1,5967
13428,1,6127
13428,1,6171
13428,1,7418
13428,1,8577
2968,0,13429
4992,0,13429
10405,2,13429
13429,1,5929
13429,1,6181
13429,1,6206
13429,1,6250
13429,1,6283
13429,1,7422
13429,1,7423
969,0,13430
1601,0,13430
2232,0,13430
10405,2,13430
13430,1,5929
13430,1,5987
13430,1,6023
13430,1,6065
13430,1,6297
13430,1,7733
1235,0,13431
1433,0,13431
2506,0,13431
5537,0,13431
10405,2,13431
13431,1,5936
13431,1,5970
13431,1,6197
13431,1,6242
13431,1,6321
13431,1,7666
13431,1,9669
4022,0,13432
4403,0,13432
10405,2,13432
13432,1,5991
13432,1,6185
13432,1,6280
13432,1,6337
13432,1,9746
1123,0,13433
3215,0,13433
3493,0,13433
3494,0,13433
10405,2,13433
13433,1,5970
13433,1,6081
13433,1,6187
13433,1,6321
13433,1,6426
13433,1,7114
13433,1,8450
13433,1,9155
13433,1,9747
2034,0,13434
2035,0,13434
2036,0,13434
4181,0,13434
10405,2,13434
13434,1,6079
13434,1,6342
13434,1,6428
13434,1,9157
110,0,13435
284,0,13435
2507,0,13435
2509,0,13435
4615,0,13435
10405,2,13435
13435,1,6005
13435,1,6109
13435,1,7010
13435,1,7115
13435,1,7500
13435,1,8602
13435,1,9555
2034,0,13436
2035,0,13436
4181,0,13436
10405,2,13436
13436,1,5996
13436,1,6078
13436,1,6294
13436,1,6435
13436,1,6620
13436,1,6761
271,0,13437
2251,0,13437
10405,2,13437
13437,1,5947
13437,1,6207
13437,1,6386
13437,1,6406
13437,1,6488
13437,1,6606
13437,1,6919
13437,1,7361
13437,1,7507
13437,1,7552
13437,3,10968
257,0,13438
423,0,13438
3105,0,13438
3107,0,13438
3108,0,13438
3109,0,13438
10405,2,13438
13438,1,5987
13438,1,6079
13438,1,6197
13438,1,6250
13438,1,6337
13438,1,6733
2401,0,13439
3868,0,13439
10405,2,13439
13439,1,6039
13439,1,6079
13439,1,6250
13439,1,6283
13439,1,7636
13439,1,8893
1671,0,13440
2653,0,13440
4322,0,13440
10405,2,13440
13440,1,5970
13440,1,6087
13440,1,6097
13440,1,6344
13440,1,6353
13440,1,7795
13440,1,8592
1671,0,13441
2653,0,13441
4322,0,13441
10405,2,13441
13441,1,5970
13441,1,5992
13441,1,6197
13441,1,6242
13441,1,6386
13441,1,6737
13441,1,6924
13441,1,7632
13441,1,7633
2495,0,13442
4638,0,13442
5335,0,13442
5561,0,13442
10405,2,13442
13442,1,5947
13442,1,5992
13442,1,6242
13442,1,7556
13442,1,8049
13442,1,9536
1921,0,13443
2286,0,13443
3263,0,13443
10405,2,13443
13443,1,6079
13443,1,6250
13443,1,6404
13443,1,6420
13443,1,7683
1130,0,13444
1555,0,13444
4342,0,13444
10405,2,13444
13444,1,5915
13444,1,6052
13444,1,6166
13444,1,6219
13444,1,6250
13444,1,6719
13444,1,7056
13444,1,7379
13444,3,14324
1826,0,13445
5085,0,13445
10405,2,13445
13445,1,6087
13445,1,6250
13445,1,6627
13445,1,6738
13445,1,6739
13445,1,8493
13445,1,9629
505,0,13446
2191,0,13446
2680,0,13446
10405,2,13446
13446,1,5921
13446,1,6082
13446,1,6410
13446,1,7870
13446,1,9713
2181,0,13448
2701,0,13448
10405,2,13448
13448,1,5929
13448,1,6013
13448,1,6086
13448,1,7453
3263,0,13449
4302,0,13449
10405,2,13449
13449,1,5966
13449,1,6077
13449,1,6079
13449,1,6203
13449,1,6458
13449,1,8390
1413,0,13450
1775,0,13450
3582,0,13450
10405,2,13450
13450,1,6203
13450,1,6405
13450,1,6485
13450,1,6722
13450,1,6887
13450,1,6943
13450,1,7294
13450,1,7413
283,0,13451
10405,2,13451
13451,1,5937
13451,1,5949
13451,1,5970
13451,1,5983
13451,1,5991
13451,1,6083
13451,1,6109
13451,1,6127
13451,1,6171
13451,1,6656
13451,1,6710
13451,1,7088
13451,1,7418
13451,1,8620
13451,3,13457
13451,3,14325
13451,3,13452
283,0,13452
10405,2,13452
13452,1,5936
13452,1,5937
13452,1,5949
13452,1,6003
13452,1,6242
13452,1,6391
13452,1,6542
13452,1,6775
13452,1,7010
13452,1,8511
795,0,13453
1207,0,13453
1208,0,13453
4637,0,13453
10405,2,13453
13453,1,5937
13453,1,5991
13453,1,6084
13453,1,6583
13453,1,6978
13453,1,7854
283,0,13454
10405,2,13454
13454,1,5949
13454,1,5970
13454,1,5983
13454,1,6003
13454,1,6007
13454,1,6193
13454,1,6242
13454,1,6265
13454,1,6542
13454,1,6788
13454,1,7010
13454,1,7130
13454,1,9749
283,0,13455
10405,2,13455
13455,1,5949
13455,1,6052
13455,1,6064
13455,1,6242
13455,1,6265
13455,1,6850
13455,1,7130
2792,0,13456
5562,0,13456
10405,2,13456
13456,1,5970
13456,1,6085
13456,1,6344
13456,1,6386
13456,1,7752
5480,0,13458
10405,2,13458
13458,1,5936
13458,1,6159
13458,1,6242
13458,1,6250
13458,1,6796
1175,0,13459
2301,0,13459
4027,0,13459
4779,0,13459
10405,2,13459
13459,1,5937
13459,1,5991
13459,1,6250
13459,1,6365
13459,1,6798
13459,1,7499
134,0,13460
140,0,13460
2921,0,13460
3013,0,13460
3014,0,13460
3015,0,13460
10405,2,13460
13460,1,5949
13460,1,5978
13460,1,6242
13460,1,6359
13460,1,6772
13460,1,7609
13460,1,7980
1995,0,13461
3870,0,13461
4760,0,13461
10405,2,13461
13461,1,6181
13461,1,6239
13461,1,6250
13461,1,6483
13461,1,6879
13461,1,9128
4053,0,13462
5544,0,13462
10405,2,13462
13462,1,6264
13462,1,6265
13462,1,6363
13462,1,6511
13462,1,7094
13462,1,7609
4053,0,13463
5544,0,13463
10405,2,13463
13463,1,6079
13463,1,7787
13463,1,8820
248,0,13464
289,0,13464
2541,0,13464
3880,0,13464
10405,2,13464
13464,1,5951
13464,1,5970
13464,1,6009
13464,1,6156
13464,1,6181
13464,1,6222
13464,1,6488
13464,1,6494
13464,1,7022
13464,1,7963
13464,1,8693
880,0,13465
1574,0,13465
3792,0,13465
3793,0,13465
10405,2,13465
13465,1,6052
13465,1,6127
13465,1,6217
13465,1,6371
13465,1,7552
13465,1,8490
1157,0,13466
1158,0,13466
10405,2,13466
13466,1,5924
13466,1,6007
13466,1,6050
13466,1,6881
13466,1,7136
880,0,13467
2665,0,13467
2666,0,13467
3792,0,13467
10405,2,13467
13467,1,6144
13467,1,6250
13467,1,6801
13467,1,7005
13467,1,9648
879,0,13468
1137,0,13468
10405,2,13468
13468,1,6011
13468,1,6023
13468,1,6197
13468,1,6250
13468,1,6283
13468,1,6500
13468,1,8108
224,0,13469
2223,0,13469
5316,0,13469
10405,2,13469
13469,1,5936
13469,1,5987
13469,1,6079
13469,1,6733
13469,1,8066
13469,1,8164
13469,1,9750
834,0,13470
836,0,13470
10405,2,13470
13470,1,5977
13470,1,6239
13470,1,6356
13470,1,8121
13470,1,9751
1235,0,13471
1433,0,13471
5356,0,13471
10405,2,13471
13471,1,5936
13471,1,6079
13471,1,6264
13471,1,6265
13471,1,7056
13471,1,7742
13471,1,7921
13471,1,9437
1441,0,13472
1442,0,13472
10405,2,13472
13472,1,6087
13472,1,6197
13472,1,6250
13472,1,6586
13472,1,6627
13472,1,6634
13472,1,9004
13472,3,13473
1504,0,13474
3874,0,13474
10405,2,13474
13474,1,5929
13474,1,5949
13474,1,6157
13474,1,6314
13474,1,6337
2066,0,13475
2300,0,13475
2632,0,13475
2678,0,13475
10405,2,13475
13475,1,6003
13475,1,6079
13475,1,6202
13475,1,6250
13475,1,6485
13475,1,6924
351,0,13476
2768,0,13476
4381,0,13476
10405,2,13476
13476,1,6109
13476,1,6242
13476,1,6264
13476,1,6269
13476,1,6275
13476,1,6738
13476,1,6739
1547,0,13477
2068,0,13477
10405,2,13477
13477,1,5992
13477,1,6242
13477,1,6350
13477,1,6625
13477,1,6777
13477,1,7580
2487,0,13479
2700,0,13479
3255,0,13479
4083,0,13479
10406,2,13479
13479,1,5987
13479,1,6250
13479,1,6807
13479,1,6833
13479,1,7276
13479,1,8016
13479,1,8322
13479,3,13613
2487,0,13480
2855,0,13480
2879,0,13480
3100,0,13480
10406,2,13480
13480,1,5939
13480,1,6185
13480,1,6355
13480,1,8244
2084,0,13481
2449,0,13481
2545,0,13481
3250,0,13481
10406,2,13481
13481,1,6420
13481,1,6642
13481,1,6738
13481,1,9756
1594,0,13482
10406,2,13482
13482,1,6322
13482,1,6897
13482,1,7085
13482,1,7281
13482,1,7282
13482,1,7648
13482,1,8878
13482,3,13508
876,0,13484
2879,0,13484
3904,0,13484
4079,0,13484
10406,2,13484
13484,1,6185
13484,1,6250
13484,1,6363
13484,1,6568
13484,1,6698
13484,1,7859
13484,1,8182
13484,3,13593
2879,0,13485
3537,0,13485
3904,0,13485
10406,2,13485
13485,1,6249
13485,1,6306
13485,1,7173
13485,1,8579
13485,3,15536
13485,3,13514
13485,3,11375
13485,3,13546
13485,3,15406
13485,3,15404
175,0,13486
177,0,13486
2845,0,13486
10406,2,13486
13486,1,6249
13486,1,6798
13486,1,8511
13486,3,14319
13486,3,13491
13486,3,13620
13486,3,13583
13486,3,14321
175,0,13488
877,0,13488
957,0,13488
2948,0,13488
10406,2,13488
13488,1,7118
13488,1,9168
13488,1,9757
13488,1,9758
175,0,13489
177,0,13489
2845,0,13489
10406,2,13489
13489,1,6186
13489,1,6249
13489,1,6798
13489,1,7713
13489,1,9759
13489,3,14321
13489,3,13608
175,0,13490
2172,0,13490
2855,0,13490
10406,2,13490
13490,1,6016
13490,1,6086
13490,1,6249
13490,1,6507
13490,1,7758
13490,3,13577
13490,3,13604
13490,3,13510
13490,3,13513
13490,3,13511
13490,3,11404
13490,3,14465
13490,3,14321
13490,3,14347
13490,3,13588
808,0,13491
2439,0,13491
3094,0,13491
3377,0,13491
3381,0,13491
10406,2,13491
13491,1,5978
13491,1,6013
13491,1,6250
13491,1,7430
13491,1,8132
13491,3,14441
13491,3,14687
13491,3,13499
13491,3,14329
13491,3,14808
13491,3,14326
13491,3,12854
13491,3,14599
13491,3,13515
13491,3,14682
13491,3,14496
13491,3,14807
13491,3,14898
13491,3,14935
13491,3,14430
13491,3,14440
13491,3,15017
13491,3,15084
13491,3,14537
13491,3,15103
13491,3,11235
13491,3,15170
13491,3,15177
13491,3,14744
13491,3,14689
13491,3,15293
13491,3,15392
13491,3,14793
13491,3,11003
808,0,13492
2439,0,13492
3381,0,13492
4675,0,13492
10406,2,13492
13492,1,6070
13492,1,6250
13492,1,6361
13492,1,7430
13492,1,7454
13492,1,8365
13492,1,9760
13492,3,13491
13492,3,15103
13492,3,14728
1956,0,13496
2603,0,13496
3459,0,13496
10406,2,13496
13496,1,6005
13496,1,6139
13496,1,6140
13496,1,6249
13496,1,6283
13496,1,6671
13496,3,13610
13496,3,13556
13496,3,14556
13496,3,14745
13496,3,14898
13496,3,13497
1956,0,13497
2603,0,13497
3459,0,13497
10406,2,13497
13497,1,6005
13497,1,6185
13497,1,6249
13497,1,6283
13497,1,8869
13497,3,13610
13497,3,13556
13497,3,14556
13497,3,14745
13497,3,13491
13497,3,14898
177,0,13500
2172,0,13500
2601,0,13500
2698,0,13500
3906,0,13500
10406,2,13500
13500,1,6249
13500,1,6250
13500,1,6599
13500,1,7274
13500,1,9770
13500,3,13604
13500,3,14465
3094,0,13502
3377,0,13502
3380,0,13502
3381,0,13502
5565,0,13502
10406,2,13502
13502,1,6139
13502,1,6140
13502,1,6250
13502,1,6283
13502,1,6322
13502,1,6926
13502,1,8008
13502,3,14687
13502,3,14682
13502,3,14496
13502,3,13491
13502,3,14537
13502,3,14793
2487,0,13503
2769,0,13503
3537,0,13503
10406,2,13503
13503,1,6671
13503,1,7230
13503,1,7522
13503,1,8066
13503,3,14739
13503,3,14512
13503,3,13588
13503,3,15118
630,0,13506
631,0,13506
10406,2,13506
13506,1,5937
13506,1,5968
13506,1,6185
13506,1,6186
13506,1,7286
13506,1,7304
3871,0,13507
10406,2,13507
13507,1,6532
13507,1,6940
13507,1,7154
13507,1,7230
13507,1,7787
13507,3,14325
13507,3,13335
358,0,13509
364,0,13509
470,0,13509
472,0,13509
10406,2,13509
13509,1,6000
13509,1,6250
13509,1,6326
13509,1,6415
13509,1,6464
13509,3,13593
13509,3,13543
358,0,13511
470,0,13511
472,0,13511
877,0,13511
10406,2,13511
13511,1,6308
13511,1,7713
13511,1,9525
13511,3,13510
13511,3,13513
358,0,13512
470,0,13512
472,0,13512
877,0,13512
10406,2,13512
13512,1,5936
13512,1,6185
13512,1,7304
13512,1,8878
13512,3,14334
13512,3,13510
13512,3,13511
13512,3,11404
13512,3,13593
144,0,13519
3500,0,13519
10406,2,13519
13519,1,6091
13519,1,6322
13519,1,6590
13519,1,6612
13519,1,6902
13519,1,7495
13519,1,8909
13519,1,9350
13519,3,14996
13519,3,15261
13519,3,11731
13519,3,15083
13519,3,14350
570,0,13522
3231,0,13522
5268,0,13522
10406,2,13522
13522,1,5924
13522,1,6185
13522,1,6424
13522,1,6823
13522,1,9787
13522,3,13523
13522,3,15119
13522,3,15137
13522,3,15376
13522,3,15432
714,0,13525
1918,0,13525
3185,0,13525
10406,2,13525
13525,1,6322
13525,1,6916
13525,1,7608
13525,1,7612
13525,3,13562
13525,3,13526
13525,3,15253
13525,3,13596
1918,0,13527
3185,0,13527
10406,2,13527
13527,1,6181
13527,1,6253
13527,1,6509
13527,1,8260
13527,1,8394
13527,3,13579
13527,3,15322
13527,3,15030
13527,3,11364
13527,3,14590
13527,3,13542
13527,3,15052
2080,0,13529
2610,0,13529
10406,2,13529
13529,1,6280
13529,1,6830
13529,1,7063
13529,1,7318
13529,1,7530
13529,1,9038
13529,3,13499
13529,3,14311
13529,3,14595
13529,3,15084
13529,3,15100
13529,3,14541
2080,0,13530
2610,0,13530
10406,2,13530
13530,1,5956
13530,1,6242
13530,1,6283
13530,1,6337
13530,1,9710
13530,3,13499
13530,3,13491
13530,3,15099
3492,0,13531
4239,0,13531
4837,0,13531
5383,0,13531
10406,2,13531
13531,1,6052
13531,1,6185
13531,1,6424
13531,1,9276
13531,3,11417
13531,3,14765
13531,3,13518
2172,0,13533
4125,0,13533
5248,0,13533
10406,2,13533
13533,1,5992
13533,1,6046
13533,1,6250
13533,1,6331
13533,1,6412
13533,1,7739
13533,3,13487
13533,3,13532
13533,3,13495
13533,3,13619
1561,0,13534
2429,0,13534
3032,0,13534
3084,0,13534
10406,2,13534
13534,1,5945
13534,1,6436
13534,1,6999
13534,1,8250
13534,3,14383
13534,3,14441
13534,3,12892
13534,3,14599
13534,3,14663
13534,3,15367
4527,0,13535
10406,2,13535
13535,1,6197
13535,1,6631
13535,1,6786
13535,1,6954
13535,1,7274
13535,1,7563
13535,1,8559
13535,3,14441
13535,3,13499
13535,3,14496
13535,3,14595
13535,3,15168
13535,3,14746
13535,3,14592
876,0,13539
980,0,13539
2604,0,13539
3146,0,13539
3292,0,13539
5401,0,13539
10406,2,13539
13539,1,5949
13539,1,6052
13539,1,6528
13539,3,14573
13539,3,11466
13539,3,11325
584,0,13540
876,0,13540
4208,0,13540
10406,2,13540
13540,1,6250
13540,1,6937
13540,1,7205
13540,1,7859
13540,3,15048
13540,3,13593
13540,3,15304
13540,3,13552
126,0,13541
876,0,13541
2604,0,13541
3146,0,13541
3947,0,13541
10406,2,13541
13541,1,7155
13541,1,7196
13541,1,7842
13541,1,8453
13541,3,15554
13541,3,14503
13541,3,15571
13541,3,13542
876,0,13542
1165,0,13542
2602,0,13542
10406,2,13542
13542,1,6131
13542,1,6364
13542,1,6612
13542,1,8268
13542,3,13537
584,0,13543
876,0,13543
4208,0,13543
4211,0,13543
10406,2,13543
13543,1,5948
13543,1,6416
13543,1,6462
13543,1,6833
13543,1,7957
13543,1,8078
13543,1,8814
13543,3,15567
13543,3,13593
13543,3,15304
2879,0,13546
3537,0,13546
10406,2,13546
13546,1,6249
13546,1,6663
13546,1,7409
13546,1,7522
13546,1,8066
13546,3,13604
13546,3,13494
13546,3,15536
2610,0,13547
3316,0,13547
3457,0,13547
3636,0,13547
10406,2,13547
13547,1,6078
13547,1,6276
13547,1,9635
13547,3,14604
13547,3,15397
13547,3,15195
13547,3,15399
13547,3,14378
2610,0,13550
2763,0,13550
2856,0,13550
4233,0,13550
10406,2,13550
13550,1,6333
13550,1,6359
13550,1,6612
13550,1,6689
13550,1,6902
13550,1,7591
13550,1,8559
13550,3,14808
13550,3,14328
13550,3,13515
13550,3,15168
13550,3,15177
13550,3,14440
13550,3,14689
13550,3,14746
912,0,13552
10406,2,13552
13552,1,6131
13552,1,6250
13552,1,6269
13552,1,6509
13552,1,6642
13552,1,7484
13552,1,7859
13552,1,9789
13552,3,13602
13552,3,15304
13552,3,11633
13552,3,13484
13552,3,13567
912,0,13554
4205,0,13554
10406,2,13554
13554,1,5939
13554,1,5992
13554,1,6086
13554,1,6135
13554,1,6237
13554,1,7208
13554,1,7648
13554,1,9790
13554,3,14918
912,0,13555
2176,0,13555
2990,0,13555
4205,0,13555
4624,0,13555
10406,2,13555
13555,1,5922
13555,1,6237
13555,1,6250
13555,1,6571
13555,1,7863
13555,1,9034
13555,1,9791
13555,3,13615
13555,3,13556
13555,3,14918
13555,3,13554
13555,3,13557
912,0,13556
966,0,13556
4205,0,13556
10406,2,13556
13556,1,6005
13556,1,6185
13556,1,6671
13556,1,6940
13556,3,13610
912,0,13557
2806,0,13557
4205,0,13557
10406,2,13557
13557,1,6024
13557,1,6322
13557,1,7630
13557,3,13556
13557,3,14918
13557,3,13554
912,0,13558
1592,0,13558
2182,0,13558
10406,2,13558
13558,1,6464
13558,1,6820
13558,1,6969
13558,1,7353
13558,1,8343
13558,1,9445
13558,1,9792
13558,1,9793
13558,1,9794
13558,3,13559
3948,0,13560
10406,2,13560
13560,1,6295
13560,1,6322
13560,1,6940
13560,1,7706
13560,3,13559
13560,3,13558
3948,0,13561
4081,0,13561
10406,2,13561
13561,1,6023
13561,1,6139
13561,1,6742
13561,1,7017
13561,1,7198
13561,1,7619
13561,1,8056
13561,3,13491
3457,0,13563
3636,0,13563
3966,0,13563
10406,2,13563
13563,1,6131
13563,1,6166
13563,1,6193
13563,1,6902
13563,1,7005
13563,1,8604
13563,3,14595
13563,3,14735
13563,3,13550
13563,3,15168
13563,3,15177
13563,3,15179
13563,3,14689
1846,0,13564
2611,0,13564
2687,0,13564
10406,2,13564
13564,1,6322
13564,1,6588
13564,1,7295
13564,1,9797
13564,3,13585
13564,3,14761
1195,0,13565
2698,0,13565
5567,0,13565
10406,2,13565
13565,1,5936
13565,1,5953
13565,1,6176
13565,1,6249
13565,1,6301
13565,1,6471
13565,1,7304
13565,3,14898
13565,3,14556
441,0,13567
1885,0,13567
2830,0,13567
10406,2,13567
13567,1,5947
13567,1,5949
13567,1,5992
13567,1,6415
13567,3,13577
13567,3,15578
1017,0,13571
1501,0,13571
5029,0,13571
10406,2,13571
13571,1,5956
13571,1,5970
13571,1,6276
13571,1,6612
13571,1,6871
13571,1,7495
13571,3,14856
13571,3,15017
13571,3,11477
13571,3,14573
13571,3,14623
13571,3,11685
3940,0,13572
10406,2,13572
13572,1,5992
13572,1,6086
13572,1,6255
13572,1,6729
13572,1,6913
13572,1,7837
1885,0,13574
2830,0,13574
10406,2,13574
13574,1,6660
13574,1,6663
13574,1,7536
13574,3,13494
13574,3,15179
13574,3,15351
3185,0,13578
3552,0,13578
10406,2,13578
13578,1,6006
13578,1,6250
13578,1,6322
13578,1,7745
13578,3,13577
13578,3,15110
13578,3,11369
13578,3,14907
13578,3,11621
13578,3,14691
13578,3,13494
13578,3,13583
13578,3,14478
3185,0,13579
3552,0,13579
10406,2,13579
13579,1,6509
13579,1,8260
13579,3,13577
13579,3,11621
13579,3,14741
3231,0,13580
3336,0,13580
3872,0,13580
3873,0,13580
10406,2,13580
13580,1,7753
13580,1,9772
439,0,13581
10406,2,13581
13581,1,6671
13581,1,6833
13581,1,6961
13581,1,7395
13581,1,9176
13581,3,13556
385,0,13582
1885,0,13582
10406,2,13582
13582,1,6016
13582,1,6150
13582,1,6250
13582,1,6541
13582,1,7395
13582,1,7944
13582,3,15092
1885,0,13584
3685,0,13584
10406,2,13584
13584,1,6096
13584,1,6788
13584,1,6938
13584,1,8133
13584,1,8399
13584,3,14324
13584,3,14848
2700,0,13592
4216,0,13592
10406,2,13592
13592,1,6391
13592,1,6410
13592,1,6631
13592,1,6940
13592,1,7203
13592,1,7590
13592,3,14685
13592,3,14748
13592,3,15151
13592,3,15364
472,0,13593
10406,2,13593
13593,1,6000
13593,1,6029
13593,1,6250
13593,1,6414
13593,3,14508
13593,3,13562
13593,3,13510
13593,3,13526
13593,3,13513
13593,3,14334
13593,3,13511
13593,3,13498
13593,3,14931
13593,3,13508
13593,3,11404
13593,3,13517
13593,3,11441
13593,3,13548
13593,3,11469
13593,3,15252
13593,3,14669
13593,3,15287
13593,3,15323
13593,3,15427
1904,0,13600
3494,0,13600
3750,0,13600
10406,2,13600
13600,1,6171
13600,1,6247
13600,1,6351
13600,1,7005
13600,1,7385
13600,1,7685
13600,1,9801
13600,3,11532
13600,3,14703
13600,3,11732
13600,3,15087
13600,3,15468
13600,3,14352
13600,3,14378
957,0,13601
2612,0,13601
10406,2,13601
13601,1,6185
13601,1,6424
13601,1,8243
13601,3,13518
3037,0,13603
5568,0,13603
10406,2,13603
13603,1,6663
13603,1,7231
13603,3,13238
13603,3,13335
13603,3,13507
618,0,13605
4251,0,13605
10406,2,13605
13605,1,5988
13605,1,6314
13605,1,6322
13605,1,6902
13605,1,7965
13605,1,9802
13605,3,14808
13605,3,14549
13605,3,13070
13605,3,15004
13605,3,13550
13605,3,15103
13605,3,14649
13605,3,11275
13605,3,14848
1895,0,13606
10406,2,13606
13606,1,5936
13606,1,6042
13606,1,6172
13606,1,6256
13606,1,6791
13606,1,6892
13606,1,7251
13606,1,7468
13606,1,7812
13606,1,9022
13606,3,13607
13606,3,14844
13606,3,14895
3100,0,13608
10406,2,13608
13608,1,6024
13608,1,6249
13608,1,7270
1591,0,13609
1592,0,13609
2182,0,13609
10406,2,13609
13609,1,6149
13609,1,6185
13609,1,6612
13609,1,6725
13609,1,6945
13609,1,9445
2855,0,13610
10406,2,13610
13610,1,6016
13610,1,6249
13610,1,6346
13610,1,6940
13610,1,7198
13610,1,9803
13610,3,14465
13610,3,13604
13610,3,13611
2172,0,13611
2855,0,13611
10406,2,13611
13611,1,6249
13611,1,6346
13611,1,7424
13611,1,7839
13611,3,13604
13611,3,14465
2172,0,13612
2855,0,13612
10406,2,13612
13612,1,6186
13612,1,6308
13612,1,6322
13612,1,9804
13612,3,15048
13612,3,13562
13612,3,13510
13612,3,13513
13612,3,13511
13612,3,14856
1131,0,13614
1428,0,13614
10406,2,13614
13614,1,5970
13614,1,6016
13614,1,7476
13614,1,8619
13614,1,9533
13614,3,14460
13614,3,15110
13614,3,15306
13614,3,15252
13614,3,15404
13614,3,11607
13614,3,14465
1637,0,13615
2589,0,13615
3100,0,13615
10406,2,13615
13615,1,6322
13615,1,6344
13615,1,7128
2872,0,13616
2932,0,13616
2957,0,13616
10406,2,13616
13616,1,6028
13616,1,6050
13616,1,6124
13616,1,6321
13616,1,9805
13616,3,13576
13616,3,14605
13616,3,13520
13616,3,14446
13616,3,14898
13616,3,14347
13616,3,11225
13616,3,11369
13616,3,14445
13616,3,11390
13616,3,13528
13616,3,15110
13616,3,15115
13616,3,13568
13616,3,15178
13616,3,13578
13616,3,15295
13616,3,11607
13616,3,11673
13616,3,13629
13616,3,14814
13616,3,11705
13616,3,13630
2590,0,13617
2921,0,13617
4365,0,13617
10406,2,13617
13617,1,5922
13617,1,6165
13617,1,6242
13617,1,6250
13617,1,6917
13617,1,7787
13617,1,8108
13617,3,12822
13617,3,14403
13617,3,11836
13617,3,11845
13617,3,14569
13617,3,11260
13617,3,13137
444,0,13620
2309,0,13620
2700,0,13620
10406,2,13620
13620,1,5970
13620,1,5992
13620,1,6303
13620,1,6322
13620,1,6689
13620,1,7270
3094,0,13621
3351,0,13621
3403,0,13621
10406,2,13621
13621,1,5995
13621,1,6185
13621,1,6235
13621,1,6309
13621,1,7430
13621,1,8311
13621,3,14489
13621,3,14680
13621,3,14500
13621,3,13491
13621,3,14576
3094,0,13622
3403,0,13622
10406,2,13622
13622,1,6006
13622,1,6013
13622,1,6136
13622,1,6171
13622,1,6250
13622,1,7430
13622,3,14308
487,0,13625
2968,0,13625
3801,0,13625
3802,0,13625
10406,2,13625
13625,1,6013
13625,1,6295
13625,1,6322
13625,1,6424
13625,1,6989
2172,0,13629
10406,2,13629
13629,1,5992
13629,1,6249
13629,1,9439
13629,1,9806
13629,3,14483
13629,3,13595
13629,3,13505
13629,3,13589
13629,3,13604
13629,3,13510
13629,3,13493
13629,3,13513
13629,3,14564
13629,3,15110
13629,3,11607
13629,3,15215
13629,3,11621
13629,3,13594
13629,3,14465
13629,3,13495
13629,3,13500
13629,3,15536
13629,3,13546
3032,0,13631
3229,0,13631
3843,0,13631
4294,0,13631
5569,0,13631
10406,2,13631
13631,1,6337
13631,1,6656
13631,1,6689
13631,1,6902
13631,1,7870
13631,1,8559
13631,3,14378
13631,3,14662
3229,0,13632
3843,0,13632
4294,0,13632
10406,2,13632
13632,1,5980
13632,1,6337
13632,1,6364
13632,1,8185
13632,3,14808
13632,3,14331
13632,3,14326
13632,3,13070
13632,3,13605
13632,3,14881
13632,3,14378
13632,3,15021
13632,3,15004
13632,3,14649
13632,3,11283
13632,3,11003
13632,3,14847
13632,3,13631
13632,3,11297
3229,0,13633
4093,0,13633
10407,2,13633
13633,1,5929
13633,1,6006
13633,1,6337
13633,1,6607
13633,1,7422
13633,1,7423
1333,0,13634
3229,0,13634
4093,0,13634
4293,0,13634
10407,2,13634
13634,1,6078
13634,1,6079
13634,1,6250
13634,1,6435
13634,1,7742
1826,0,13635
2059,0,13635
2674,0,13635
10407,2,13635
13635,1,5929
13635,1,5996
13635,1,6039
13635,1,6572
13635,1,6615
13635,1,6738
13635,1,6739
13635,1,7836
1327,0,13636
1474,0,13636
1572,0,13636
5394,0,13636
5576,0,13636
10407,2,13636
13636,1,5996
13636,1,6075
13636,1,7364
13636,1,7638
13636,1,8248
13636,1,8436
7,0,13637
3045,0,13637
10407,2,13637
13637,1,6197
13637,1,6242
13637,1,6280
13637,1,6390
13637,1,6593
13637,1,6625
13637,1,6848
474,0,13638
879,0,13638
880,0,13638
4797,0,13638
10407,2,13638
13638,1,6242
13638,1,6250
13638,1,6283
13638,1,6798
474,0,13639
1302,0,13639
10407,2,13639
13639,1,5936
13639,1,6075
13639,1,6206
13639,1,7256
13639,1,8458
474,0,13640
879,0,13640
880,0,13640
1302,0,13640
10407,2,13640
13640,1,5921
13640,1,5924
13640,1,5936
13640,1,6420
13640,1,6645
13640,1,7101
13640,1,7136
13640,1,8269
13640,1,9808
273,0,13641
10407,2,13641
13641,1,5945
13641,1,5996
13641,1,6052
13641,1,6424
13641,1,6666
13641,1,6708
13641,1,7448
13641,1,8390
1671,0,13642
2253,0,13642
10407,2,13642
13642,1,5918
13642,1,5956
13642,1,5970
13642,1,6180
13642,1,6250
13642,1,6625
13642,1,7486
13642,1,7512
13642,1,9367
55,0,13643
10407,2,13643
13643,1,5929
13643,1,5970
13643,1,6068
13643,1,6193
13643,1,6344
13643,1,6719
13643,1,7651
1572,0,13644
3972,0,13644
10407,2,13644
13644,1,5929
13644,1,6065
13644,1,6164
13644,1,6253
13644,1,6297
400,0,13645
2697,0,13645
2738,0,13645
10407,2,13645
13645,1,6079
13645,1,6242
13645,1,6250
13645,1,6386
13645,1,6635
13645,1,6705
55,0,13646
10407,2,13646
13646,1,6079
13646,1,6250
13646,1,6586
1652,0,13647
2794,0,13647
4006,0,13647
10407,2,13647
13647,1,5987
13647,1,6242
13647,1,6625
13647,1,6775
13647,1,7042
13647,1,8309
13647,1,8511
13647,1,9809
13647,1,9810
1430,0,13648
3045,0,13648
4557,0,13648
10407,2,13648
13648,1,5970
13648,1,6079
13648,1,6193
13648,1,6280
13648,1,6281
13648,1,6344
2270,0,13649
2445,0,13649
2447,0,13649
4328,0,13649
5014,0,13649
5015,0,13649
10407,2,13649
13649,1,5991
13649,1,6096
13649,1,6250
13649,1,6337
13649,1,6475
13649,1,6529
13649,1,7305
782,0,13650
10407,2,13650
13650,1,6185
13650,1,6525
13650,1,6959
13650,1,7068
13650,1,7284
13650,1,7779
13650,1,9811
23,0,13651
251,0,13651
10407,2,13651
13651,1,5970
13651,1,5978
13651,1,5991
13651,1,6510
13651,1,6856
13651,1,6861
13651,1,6981
13651,1,7213
13651,1,9106
1321,0,13652
5023,0,13652
5037,0,13652
5141,0,13652
10407,2,13652
13652,1,6079
13652,1,8852
13652,1,9151
13652,3,12122
2267,0,13653
2778,0,13653
3234,0,13653
5577,0,13653
10407,2,13653
13653,1,5949
13653,1,6007
13653,1,6050
13653,1,6078
13653,1,6083
13653,1,6303
13653,1,6435
13653,1,8400
565,0,13654
574,0,13654
5141,0,13654
10407,2,13654
13654,1,6079
13654,1,6529
13654,1,6798
13654,1,6946
13654,1,7560
13654,1,8418
4025,0,13655
5365,0,13655
10407,2,13655
13655,1,5921
13655,1,5922
13655,1,6028
13655,1,6587
13655,1,6879
2926,0,13656
2975,0,13656
5559,0,13656
10407,2,13656
13656,1,6242
13656,1,6264
13656,1,6265
13656,1,6488
13656,1,9717
3968,0,13657
5420,0,13657
5578,0,13657
10407,2,13657
13657,1,5929
13657,1,6001
13657,1,6282
13657,1,8803
2223,0,13658
2243,0,13658
10407,2,13658
13658,1,6264
13658,1,6265
13658,1,7830
635,0,13659
914,0,13659
1333,0,13659
5579,0,13659
10407,2,13659
13659,1,5978
13659,1,6171
13659,1,7418
13659,1,9812
13659,1,9813
13659,1,9814
55,0,13660
1333,0,13660
10407,2,13660
13660,1,6079
13660,1,6183
13660,1,6250
13660,1,6943
13660,1,9815
828,0,13661
3804,0,13661
10407,2,13661
13661,1,5996
13661,1,6079
13661,1,6155
13661,1,6361
13661,1,6428
13661,1,6796
13661,1,8371
1681,0,13662
2440,0,13662
5038,0,13662
10407,2,13662
13662,1,6003
13662,1,6064
13662,1,6079
13662,1,6663
666,0,13663
5497,0,13663
10407,2,13663
13663,1,6022
13663,1,6733
13663,1,7007
13663,1,7154
13663,1,8668
1050,0,13664
5241,0,13664
10407,2,13664
13664,1,5970
13664,1,6065
13664,1,6079
13664,1,6206
13664,1,6297
13664,1,6525
13664,1,7486
1591,0,13665
1937,0,13665
1938,0,13665
2187,0,13665
10407,2,13665
13665,1,6242
13665,1,6625
13665,1,8387
13665,1,9816
13665,3,13157
13665,3,13483
13665,3,14545
13665,3,15067
13665,3,14952
13665,3,11692
13665,3,11891
13665,3,11219
13665,3,13532
13665,3,13028
13665,3,12062
13665,3,11387
13665,3,11883
13665,3,13124
2451,0,13666
2783,0,13666
10407,2,13666
13666,1,6087
13666,1,6206
13666,1,6337
13666,1,6811
13666,1,6968
162,0,13667
168,0,13667
10407,2,13667
13667,1,6301
13667,1,6559
13667,1,6572
13667,1,6873
13667,1,6943
13667,1,7317
13667,1,7437
13667,1,8089
3166,0,13668
4558,0,13668
10407,2,13668
13668,1,6079
13668,1,6181
13668,1,6228
13668,1,6253
13668,1,6510
13668,1,8942
13668,1,9817
828,0,13669
3804,0,13669
10407,2,13669
13669,1,6079
13669,1,6559
13669,1,6925
13669,1,7284
13669,1,7300
13669,1,7301
1901,0,13670
2066,0,13670
2961,0,13670
3048,0,13670
10407,2,13670
13670,1,6018
13670,1,6204
13670,1,6242
13670,1,7448
13670,1,8022
1827,0,13671
2431,0,13671
5016,0,13671
10407,2,13671
13671,1,5978
13671,1,6239
13671,1,6948
13671,1,7780
13671,1,8337
2744,0,13672
10407,2,13672
13672,1,6061
13672,1,6242
13672,1,6250
13672,1,6366
13672,1,9818
2975,0,13673
3871,0,13673
10407,2,13673
13673,1,6242
13673,1,6488
13673,1,6793
13673,1,7787
13673,1,9717
194,0,13674
2594,0,13674
10407,2,13674
13674,1,6007
13674,1,6135
13674,1,6705
13674,1,6833
13674,1,7957
2853,0,13675
2861,0,13675
2862,0,13675
10407,2,13675
13675,1,6242
13675,1,6250
13675,1,6420
13675,1,6590
13675,1,6665
13675,1,8861
137,0,13676
828,0,13676
2940,0,13676
3804,0,13676
3805,0,13676
10407,2,13676
13676,1,5996
13676,1,6311
13676,1,6420
13676,1,6538
13676,1,6605
13676,1,8879
4398,0,13677
10407,2,13677
13677,1,5967
13677,1,6009
13677,1,6250
13677,1,7090
13677,1,7240
13677,1,8891
828,0,13678
3840,0,13678
10407,2,13678
13678,1,6078
13678,1,6199
13678,1,6229
13678,1,6651
13678,1,6890
13678,1,7361
13678,1,7802
3493,0,13679
3494,0,13679
4409,0,13679
10407,2,13679
13679,1,6003
13679,1,6242
13679,1,6286
13679,1,6321
13679,1,6897
13679,1,9819
4679,0,13680
10407,2,13680
13680,1,5922
13680,1,5929
13680,1,6082
13680,1,6250
13680,1,6391
13680,1,6542
13680,1,6688
13680,1,6881
2638,0,13681
2639,0,13681
4180,0,13681
10407,2,13681
13681,1,5989
13681,1,6242
13681,1,6280
13681,1,6337
13681,1,6630
13681,1,7090
13681,1,7517
13681,1,8678
13681,1,9820
13681,1,9821
3189,0,13682
5005,0,13682
5580,0,13682
10407,2,13682
13682,1,5921
13682,1,6071
13682,1,6235
13682,1,6250
13682,1,6303
13682,1,6697
1504,0,13683
2373,0,13683
4879,0,13683
10407,2,13683
13683,1,5996
13683,1,6009
13683,1,6276
13683,1,6390
13683,1,6575
13683,1,9822
879,0,13684
880,0,13684
2679,0,13684
3816,0,13684
10407,2,13684
13684,1,6250
13684,1,6275
13684,1,6283
13684,1,6377
13684,1,6718
13684,1,7428
13684,1,9823
140,0,13685
2504,0,13685
2909,0,13685
3238,0,13685
3833,0,13685
3845,0,13685
5570,0,13685
5581,0,13685
5582,0,13685
5583,0,13685
5584,0,13685
5585,0,13685
10407,2,13685
13685,1,6242
13685,1,6250
13685,1,6539
13685,1,6943
13685,1,7794
209,0,13686
1430,0,13686
1532,0,13686
5296,0,13686
10407,2,13686
13686,1,6096
13686,1,6193
13686,1,6250
13686,1,6280
13686,1,6529
13686,1,7047
13686,1,9526
2080,0,13687
2610,0,13687
10407,2,13687
13687,1,6242
13687,1,6250
13687,1,6283
13687,1,7994
13687,1,8891
2900,0,13688
3652,0,13688
4276,0,13688
10407,2,13688
13688,1,6079
13688,1,6250
13688,1,6604
13688,1,6663
13688,1,7128
4287,0,13689
4760,0,13689
5586,0,13689
10407,2,13689
13689,1,5921
13689,1,6003
13689,1,8010
13689,1,8196
13689,1,8570
13689,1,8729
821,0,13690
10407,2,13690
13690,1,5945
13690,1,6079
13690,1,8922
821,0,13691
822,0,13691
10407,2,13691
13691,1,6079
13691,1,6155
13691,1,6181
13691,1,6361
13691,1,6658
13691,1,6663
13691,1,8132
2334,0,13692
2355,0,13692
2900,0,13692
10407,2,13692
13692,1,5936
13692,1,5956
13692,1,5992
13692,1,6086
13692,1,6242
13692,1,6719
13692,1,8994
13692,1,9824
13692,1,9825
1746,0,13693
10407,2,13693
13693,1,5970
13693,1,5996
13693,1,6242
13693,1,6386
13693,1,6389
13693,1,6754
13693,1,6796
13693,1,8213
1874,0,13694
3204,0,13694
10407,2,13694
13694,1,6001
13694,1,6077
13694,1,6171
13694,1,6242
13694,1,6250
13694,1,7080
13694,1,7685
2930,0,13695
2931,0,13695
10407,2,13695
13695,1,6003
13695,1,6065
13695,1,6250
13695,1,6297
13695,1,6341
13695,1,6525
13695,1,6688
13695,1,9150
13695,1,9826
181,0,13696
1137,0,13696
4073,0,13696
4308,0,13696
10407,2,13696
13696,1,6009
13696,1,6242
13696,1,6359
13696,1,6625
13696,1,7373
13696,1,9827
579,0,13697
580,0,13697
2576,0,13697
5587,0,13697
10407,2,13697
13697,1,5987
13697,1,6242
13697,1,6250
13697,1,6798
13697,1,6892
13697,1,8352
13697,1,8559
1596,0,13698
2032,0,13698
2146,0,13698
4497,0,13698
10407,2,13698
13698,1,5970
13698,1,6351
13698,1,6509
13698,1,6716
13698,1,9828
13698,1,9829
1901,0,13699
2066,0,13699
2067,0,13699
2563,0,13699
10407,2,13699
13699,1,5970
13699,1,5980
13699,1,6052
13699,1,6065
13699,1,6297
13699,1,6475
13699,1,6525
13699,1,6718
13699,1,6788
13699,1,9665
1327,0,13700
5394,0,13700
10407,2,13700
13700,1,6100
13700,1,6171
13700,1,6250
13700,1,6697
13700,1,6926
13700,1,7010
1050,0,13701
1634,0,13701
4745,0,13701
5574,0,13701
10407,2,13701
13701,1,6079
13701,1,6131
13701,1,6301
13701,1,7448
13701,1,8841
1901,0,13702
2066,0,13702
4529,0,13702
10407,2,13702
13702,1,6078
13702,1,6079
13702,1,6250
13702,1,6435
13702,1,6733
13702,1,7268
13702,1,7742
10,0,13703
1874,0,13703
3202,0,13703
3203,0,13703
3204,0,13703
10407,2,13703
13703,1,5949
13703,1,6171
13703,1,6214
13703,1,6475
13703,1,6621
13703,1,6642
13703,1,7051
13703,1,7418
13703,1,9830
880,0,13704
1430,0,13704
1431,0,13704
1432,0,13704
10407,2,13704
13704,1,6301
13704,1,6436
13704,1,6943
13704,1,7626
13704,1,8959
2160,0,13705
2910,0,13705
10407,2,13705
13705,1,6280
13705,1,6321
13705,1,6367
13705,1,6475
13705,1,6625
13705,1,8248
13705,3,13035
13705,3,14569
13705,3,12979
13705,3,11912
13705,3,11891
13705,3,14324
13705,3,12025
13705,3,12062
13705,3,11810
13705,3,11794
13705,3,11883
13705,3,13124
13705,3,13159
3089,0,13706
4468,0,13706
4722,0,13706
5023,0,13706
10407,2,13706
13706,1,6079
13706,1,6250
13706,1,6731
13706,1,6732
13706,1,7306
13706,1,7965
13706,1,9420
13706,1,9831
905,0,13707
4755,0,13707
10407,2,13707
13707,1,5936
13707,1,6087
13707,1,6282
13707,1,6627
13707,1,8769
13707,1,8853
13707,1,9832
1887,0,13708
2352,0,13708
5149,0,13708
10407,2,13708
13708,1,6118
13708,1,6301
13708,1,6365
13708,1,6428
13708,1,6798
13708,1,6943
1008,0,13709
1333,0,13709
2782,0,13709
10407,2,13709
13709,1,6625
13709,1,7047
13709,1,7216
13709,1,8252
2624,0,13710
2625,0,13710
10407,2,13710
13710,1,5929
13710,1,5970
13710,1,6512
13710,1,6526
13710,1,6761
13710,1,9565
13710,1,9833
3836,0,13711
4728,0,13711
10407,2,13711
13711,1,5936
13711,1,6197
13711,1,6250
13711,1,6264
13711,1,7266
13711,1,7730
13711,1,8889
13711,1,9249
13711,3,14402
2900,0,13712
3652,0,13712
10407,2,13712
13712,1,6009
13712,1,6079
13712,1,6250
13712,1,6612
2099,0,13713
4145,0,13713
4843,0,13713
5161,0,13713
10407,2,13713
13713,1,6171
13713,1,6242
13713,1,6250
13713,1,6280
13713,1,6281
13713,1,6283
13713,1,6630
13713,1,7136
13713,1,7592
1050,0,13714
5575,0,13714
10407,2,13714
13714,1,5923
13714,1,5970
13714,1,6139
13714,1,6250
13714,1,6451
13714,1,6475
13714,1,6788
13714,1,7448
5429,0,13715
5430,0,13715
5431,0,13715
5432,0,13715
5433,0,13715
10407,2,13715
13715,1,6048
13715,1,6242
13715,1,6250
13715,1,6693
13715,1,7170
13715,1,7318
13715,1,8868
13715,1,9589
13715,1,9590
221,0,13716
462,0,13716
10407,2,13716
13716,1,6250
13716,1,6301
13716,1,6366
13716,1,6943
13716,1,8927
13716,1,9288
134,0,13717
140,0,13717
2921,0,13717
3013,0,13717
3015,0,13717
3573,0,13717
10407,2,13717
13717,1,5949
13717,1,6242
13717,1,6280
13717,1,6281
13717,1,7980
880,0,13718
1574,0,13718
3792,0,13718
10407,2,13718
13718,1,6075
13718,1,6351
13718,1,6528
13718,1,8490
13718,1,8886
880,0,13719
1504,0,13719
2805,0,13719
3797,0,13719
4879,0,13719
10407,2,13719
13719,1,6242
13719,1,6397
13719,1,6676
13719,1,8060
13719,1,9834
13719,1,9835
1805,0,13720
5246,0,13720
10407,2,13720
13720,1,5970
13720,1,6009
13720,1,6242
13720,1,6314
13720,1,6337
13720,1,6388
13720,1,6625
13720,1,8640
367,0,13721
879,0,13721
880,0,13721
10407,2,13721
13721,1,6247
13721,1,6575
13721,1,7385
13721,1,7423
13721,1,7495
13721,1,7507
880,0,13722
1430,0,13722
1431,0,13722
1432,0,13722
10407,2,13722
13722,1,5946
13722,1,6007
13722,1,6018
13722,1,6024
13722,1,6493
13722,1,8109
13722,1,8384
13722,1,8894
2652,0,13723
5274,0,13723
10407,2,13723
13723,1,5921
13723,1,6798
13723,1,6848
13723,1,7056
13723,1,7439
879,0,13724
2968,0,13724
10407,2,13724
13724,1,6242
13724,1,6250
13724,1,7470
13724,1,7518
13724,1,8915
13724,1,9836
762,0,13725
1006,0,13725
1541,0,13725
10407,2,13725
13725,1,5978
13725,1,5996
13725,1,6050
13725,1,6171
13725,1,7418
13725,1,9837
1874,0,13726
3204,0,13726
10407,2,13726
13726,1,5929
13726,1,5970
13726,1,6008
13726,1,6171
13726,1,6663
13726,1,7315
13726,1,7418
13726,1,7511
1430,0,13727
2018,0,13727
2105,0,13727
4554,0,13727
10407,2,13727
13727,1,5929
13727,1,6201
13727,1,6242
13727,1,7580
13727,1,7848
140,0,13728
2121,0,13728
2504,0,13728
3845,0,13728
5570,0,13728
5581,0,13728
5582,0,13728
10407,2,13728
13728,1,5929
13728,1,6001
13728,1,6208
13728,1,6250
13728,1,6444
13728,1,7190
13728,1,8369
13728,1,8652
2442,0,13729
3983,0,13729
10407,2,13729
13729,1,6003
13729,1,6065
13729,1,6197
13729,1,6247
13729,1,6297
13729,1,6301
13729,1,6572
13729,1,6575
2105,0,13730
4185,0,13730
10407,2,13730
13730,1,5936
13730,1,6242
13730,1,6252
13730,1,6281
13730,1,6361
13730,1,6630
13730,1,7592
13730,1,9838
2112,0,13731
2145,0,13731
10407,2,13731
13731,1,5992
13731,1,6133
13731,1,6242
13731,1,6263
13731,1,6398
13731,1,6625
13731,1,6772
13731,1,7136
13731,1,8197
245,0,13732
2571,0,13732
2829,0,13732
10407,2,13732
13732,1,6525
13732,1,7068
13732,1,7079
13732,1,7284
13732,1,8450
181,0,13733
880,0,13733
2679,0,13733
2916,0,13733
4070,0,13733
10407,2,13733
13733,1,6084
13733,1,6087
13733,1,6337
13733,1,6475
13733,1,6724
13733,1,7720
13733,1,9839
639,0,13734
5374,0,13734
10407,2,13734
13734,1,5949
13734,1,6242
13734,1,6625
13734,1,6656
13734,1,7631
1504,0,13735
4879,0,13735
5588,0,13735
10407,2,13735
13735,1,5949
13735,1,6009
13735,1,6242
13735,1,6475
13735,1,6625
13735,1,7090
13735,1,9841
2829,0,13736
4272,0,13736
10407,2,13736
13736,1,6065
13736,1,6164
13736,1,6276
13736,1,6297
13736,1,6766
13736,1,7924
181,0,13737
880,0,13737
2916,0,13737
10407,2,13737
13737,1,5991
13737,1,6009
13737,1,6250
13737,1,6575
13737,1,7620
13737,1,8158
13737,1,9094
13737,1,9408
13737,1,9842
1770,0,13738
2693,0,13738
4623,0,13738
10407,2,13738
13738,1,5929
13738,1,6250
13738,1,6384
13738,1,6738
13738,1,6739
13738,1,6843
13738,1,7891
2223,0,13739
2226,0,13739
2237,0,13739
10407,2,13739
13739,1,5949
13739,1,6118
13739,1,6242
13739,1,7787
13739,1,9456
13739,1,9843
2310,0,13740
4085,0,13740
10407,2,13740
13740,1,6003
13740,1,6185
13740,1,6359
13740,1,6363
13740,1,8671
1504,0,13741
3874,0,13741
10407,2,13741
13741,1,5929
13741,1,5936
13741,1,6264
13741,1,6265
13741,1,7959
13741,1,9844
2066,0,13742
2678,0,13742
3045,0,13742
3046,0,13742
5589,0,13742
10407,2,13742
13742,1,5936
13742,1,6087
13742,1,6130
13742,1,6139
13742,1,6301
13742,1,6604
13742,1,6627
2797,0,13743
3110,0,13743
10407,2,13743
13743,1,6242
13743,1,6280
13743,1,6626
13743,1,6902
13743,1,6945
13743,1,7306
13743,1,7787
13743,1,9845
2921,0,13744
5590,0,13744
10407,2,13744
13744,1,6181
13744,1,6242
13744,1,6337
13744,1,7090
13744,1,7787
13744,1,9846
22,0,13745
42,0,13745
2094,0,13745
2922,0,13745
2923,0,13745
3273,0,13745
10407,2,13745
13745,1,5996
13745,1,6118
13745,1,6165
13745,1,6250
13745,1,6526
13745,1,6621
13745,1,7448
13745,1,8304
13745,1,9848
125,0,13746
4022,0,13746
4737,0,13746
10407,2,13746
13746,1,6086
13746,1,6242
13746,1,6250
13746,1,6482
13746,1,7250
13746,1,8646
13746,1,9314
13746,1,9381
1321,0,13747
4665,0,13747
10407,2,13747
13747,1,5936
13747,1,6003
13747,1,6079
13747,1,6645
13747,1,8447
3168,0,13751
3170,0,13751
10408,2,13751
13751,1,6086
13751,1,6340
13751,1,6497
13751,1,6545
13751,1,6553
13751,1,7047
1703,0,13752
2531,0,13752
10408,2,13752
13752,1,5962
13752,1,5996
13752,1,6183
13752,1,8516
13752,1,8686
13752,1,9850
493,0,13753
2960,0,13753
10408,2,13753
13753,1,6087
13753,1,6420
13753,1,6471
13753,1,6627
13753,1,6809
2436,0,13754
3860,0,13754
10408,2,13754
13754,1,6255
13754,1,6925
13754,1,7165
13754,3,13749
13754,3,13890
13754,3,13967
80,0,13755
2939,0,13755
3420,0,13755
3429,0,13755
3430,0,13755
10408,2,13755
13755,1,5915
13755,1,5970
13755,1,5992
13755,1,6005
13755,1,6255
13755,1,7200
13755,1,7218
13755,1,7868
13755,1,9409
13755,1,9851
13755,3,13813
13755,3,13852
80,0,13756
2939,0,13756
3420,0,13756
3429,0,13756
3430,0,13756
10408,2,13756
13756,1,5992
13756,1,5996
13756,1,6185
13756,1,6475
13756,1,7551
13756,1,7581
13756,1,7697
13756,1,9852
13756,3,10691
13756,3,10749
13756,3,14159
80,0,13757
2939,0,13757
3429,0,13757
3430,0,13757
3534,0,13757
10408,2,13757
13757,1,6287
13757,1,6312
13757,1,6477
13757,1,7795
13757,1,8931
13757,3,13813
13757,3,10749
4651,0,13759
4698,0,13759
5168,0,13759
10408,2,13759
13759,1,5970
13759,1,6086
13759,1,6241
13759,1,6262
13759,1,8415
13759,1,9208
13759,3,10694
13759,3,13898
3560,0,13761
5595,0,13761
10408,2,13761
13761,1,6336
13761,1,6433
13761,1,6626
13761,1,6635
13761,1,7250
13761,1,8882
13761,1,9855
5596,0,13763
5597,0,13763
10408,2,13763
13763,1,5929
13763,1,6206
13763,1,6424
13763,1,6467
13763,1,6586
13763,1,6887
13763,1,7584
13763,1,7750
13763,3,14046
13763,3,13811
13763,3,14161
1894,0,13764
4655,0,13764
10408,2,13764
13764,1,5929
13764,1,5936
13764,1,6240
13764,1,6242
13764,1,6576
13764,1,9856
13764,3,14325
3453,0,13765
10408,2,13765
13765,1,5938
13765,1,6181
13765,1,6344
13765,1,6432
13765,1,6452
13765,1,6453
13765,1,6874
13765,1,9491
13765,1,9857
699,0,13766
1702,0,13766
3437,0,13766
10408,2,13766
13766,1,5996
13766,1,6237
13766,1,6428
13766,1,7322
13766,1,7393
13766,1,9858
13766,3,15553
1682,0,13767
1684,0,13767
3928,0,13767
10408,2,13767
13767,1,6091
13767,1,6124
13767,1,6236
13767,1,6378
13767,1,7177
3424,0,13768
5598,0,13768
10408,2,13768
13768,1,6086
13768,1,6344
13768,1,6351
13768,1,6969
13768,1,6988
13768,3,12237
1799,0,13769
3927,0,13769
5599,0,13769
10408,2,13769
13769,1,6005
13769,1,6386
13769,1,6406
13769,1,7591
3424,0,13770
3426,0,13770
3427,0,13770
10408,2,13770
13770,1,6003
13770,1,6005
13770,1,6013
13770,1,6181
13770,1,6255
13770,1,6311
13770,1,6312
13770,1,6337
13770,1,9859
13770,3,13865
3424,0,13771
3425,0,13771
3426,0,13771
10408,2,13771
13771,1,5936
13771,1,6312
13771,1,6988
3424,0,13772
3427,0,13772
10408,2,13772
13772,1,6013
13772,1,6255
13772,1,6347
13772,1,6452
13772,1,6614
13772,1,6922
13772,1,8985
13772,3,13865
13772,3,14190
3424,0,13773
3425,0,13773
3426,0,13773
10408,2,13773
13773,1,6197
13773,1,6255
13773,1,6403
13773,1,7115
13773,1,7586
13773,1,7885
13773,3,13813
13773,3,14046
1690,0,13774
3418,0,13774
5600,0,13774
10408,2,13774
13774,1,6086
13774,1,6255
13774,1,7053
13774,3,13814
3424,0,13775
3425,0,13775
3426,0,13775
10408,2,13775
13775,1,6284
13775,1,6285
13775,1,6286
13775,1,6287
13775,1,6801
13775,1,7088
13775,3,13813
1309,0,13776
3418,0,13776
5601,0,13776
10408,2,13776
13776,1,6656
13776,1,6672
13776,1,7398
13776,1,7585
13776,3,13933
13776,3,14206
13776,3,13831
13776,3,14125
3418,0,13779
3450,0,13779
5602,0,13779
10408,2,13779
13779,1,6064
13779,1,6075
13779,1,6255
13779,1,6898
13779,1,7616
13779,3,13776
13779,3,13831
13779,3,14286
13779,3,14293
1756,0,13780
5603,0,13780
10408,2,13780
13780,1,5936
13780,1,5991
13780,1,6079
13780,1,6086
13780,1,7342
13780,1,7501
13780,1,7589
13780,1,7612
3934,0,13781
4286,0,13781
5252,0,13781
10408,2,13781
13781,1,5972
13781,1,6485
13781,1,9860
13781,1,9861
13781,3,13803
13781,3,14284
3934,0,13782
4286,0,13782
5604,0,13782
10408,2,13782
13782,1,5972
13782,1,6003
13782,1,6287
13782,1,6447
13782,1,6577
13782,1,7115
13782,1,8228
13782,1,8315
13782,1,9862
13782,3,14195
13782,3,13931
13782,3,14034
13782,3,14125
3890,0,13783
3934,0,13783
4286,0,13783
10408,2,13783
13783,1,5972
13783,1,6084
13783,1,6344
13783,1,6921
13783,1,7718
13783,3,14286
13783,3,14125
13783,3,14284
3483,0,13784
3484,0,13784
3572,0,13784
3849,0,13784
4339,0,13784
10408,2,13784
13784,1,5992
13784,1,6309
13784,1,6322
13784,1,7830
13784,1,8132
739,0,13785
3310,0,13785
3311,0,13785
3463,0,13785
10408,2,13785
13785,1,5970
13785,1,6005
13785,1,6452
13785,1,6479
13785,1,6577
13785,1,6788
13785,1,7126
13785,3,13813
13785,3,14136
13785,3,10691
13785,3,14083
13785,3,15612
13785,3,14190
3311,0,13786
3463,0,13786
3465,0,13786
5605,0,13786
10408,2,13786
13786,1,5992
13786,1,6471
13786,1,9864
13786,3,15056
1662,0,13788
2007,0,13788
10408,2,13788
13788,1,5992
13788,1,6093
13788,1,6255
13788,1,6337
13788,1,6428
13788,1,6463
13788,3,13813
13788,3,14225
13788,3,13807
13788,3,14181
13788,3,14192
1662,0,13789
2007,0,13789
10408,2,13789
13789,1,5970
13789,1,6351
13789,1,6479
13789,1,7795
13789,1,7931
13789,1,9854
13789,3,13813
13789,3,13981
13789,3,14181
13789,3,14125
13789,3,14225
2516,0,13790
2530,0,13790
5606,0,13790
10408,2,13790
13790,1,5936
13790,1,6167
13790,1,6247
13790,1,6443
13790,1,6569
13790,1,7278
13790,1,7712
13790,1,8262
727,0,13794
2409,0,13794
2526,0,13794
3011,0,13794
3686,0,13794
10408,2,13794
13794,1,6141
13794,1,6250
13794,1,6288
13794,1,6289
13794,1,6301
13794,1,6303
13794,1,6816
13794,1,7250
13794,1,9041
405,0,13795
3023,0,13795
3042,0,13795
3043,0,13795
3392,0,13795
10408,2,13795
13795,1,6247
13795,1,6301
13795,1,6336
13795,1,6432
13795,1,7604
13795,1,7933
13795,1,8379
13795,1,8673
13795,3,13537
13795,3,14268
13795,3,10975
13795,3,14293
13795,3,13826
13795,3,10792
13795,3,15092
80,0,13796
2939,0,13796
3420,0,13796
3429,0,13796
3430,0,13796
10408,2,13796
13796,1,5945
13796,1,6005
13796,1,6087
13796,1,6247
13796,1,7371
13796,1,7585
13796,3,10895
80,0,13797
2939,0,13797
3259,0,13797
3420,0,13797
3429,0,13797
3430,0,13797
3608,0,13797
10408,2,13797
13797,1,5915
13797,1,5929
13797,1,5970
13797,1,5992
13797,1,6185
13797,1,6250
13797,1,6674
13797,1,7486
13797,1,8512
13797,3,13998
13797,3,10794
956,0,13798
3258,0,13798
3946,0,13798
5607,0,13798
10408,2,13798
13798,1,6079
13798,1,6386
13798,1,6406
13798,1,6943
13798,1,7584
13798,3,12224
13798,3,10743
13798,3,13791
1683,0,13799
2710,0,13799
3162,0,13799
3625,0,13799
3963,0,13799
4420,0,13799
5333,0,13799
5608,0,13799
5609,0,13799
10408,2,13799
13799,1,6086
13799,1,6185
13799,1,6255
13799,1,6526
13799,1,7307
13799,3,14267
4448,0,13800
10408,2,13800
13800,1,5970
13800,1,6021
13800,1,6386
13800,1,7412
13800,1,7438
13800,1,8108
13800,1,8232
13800,1,8637
13800,3,13897
13800,3,10743
13800,3,14048
13800,3,14049
733,0,13801
4448,0,13801
10408,2,13801
13801,1,5943
13801,1,6783
13801,1,7357
13801,1,7466
13801,1,7530
13801,3,10743
13801,3,14045
841,0,13802
1007,0,13802
4448,0,13802
10408,2,13802
13802,1,5945
13802,1,5970
13802,1,5978
13802,1,6386
13802,1,6402
13802,1,6405
13802,1,6485
13802,1,6782
13802,1,8954
13802,3,13897
13802,3,10699
13802,3,13750
13802,3,10743
13802,3,14023
13802,3,14048
13802,3,14049
1862,0,13803
2045,0,13803
10408,2,13803
13803,1,5970
13803,1,5972
13803,1,6100
13803,1,6203
13803,1,6462
13803,1,6485
13803,1,6576
13803,1,7493
13803,3,10718
13803,3,14034
13803,3,14035
13803,3,14212
2532,0,13804
10408,2,13804
13804,1,5936
13804,1,6088
13804,1,6255
13804,1,6483
13804,1,6873
13804,1,7196
13804,3,13876
2532,0,13805
10408,2,13805
13805,1,6577
13805,1,7371
13805,1,7604
13805,1,7993
13805,3,11022
13805,3,14125
13805,3,13855
4577,0,13809
4760,0,13809
5610,0,13809
10408,2,13809
13809,1,5996
13809,1,6344
13809,1,6386
13809,1,8638
13809,1,8902
890,0,13810
1162,0,13810
1482,0,13810
10408,2,13810
13810,1,6881
13810,1,8073
13810,1,8074
13810,1,9866
4268,0,13812
4301,0,13812
10408,2,13812
13812,1,5953
13812,1,6014
13812,1,6344
13812,1,6575
13812,1,6879
13812,1,8322
13812,1,8735
13812,1,9203
13812,1,9368
13812,3,14180
2532,0,13814
3795,0,13814
10408,2,13814
13814,1,6005
13814,1,6086
13814,1,6255
13814,1,7758
13814,3,13813
13814,3,14136
13814,3,14228
13814,3,13865
13814,3,14190
3978,0,13815
5143,0,13815
10408,2,13815
13815,1,5971
13815,1,6100
13815,1,6250
13815,3,14125
1722,0,13819
4604,0,13819
10408,2,13819
13819,1,5970
13819,1,6086
13819,1,6203
13819,1,6255
13819,1,6346
13819,1,6452
13819,1,6453
13819,1,6701
13819,1,7649
13819,3,11022
13819,3,14095
1756,0,13820
3477,0,13820
10408,2,13820
13820,1,6089
13820,1,6479
13820,1,6532
13820,1,8314
13820,1,8737
13820,1,8904
13820,3,14181
13820,3,14284
493,0,13821
3476,0,13821
10408,2,13821
13821,1,5932
13821,1,6068
13821,1,6386
13821,1,6406
13821,1,6858
13821,1,9384
13821,3,13791
13821,3,13798
13821,3,13967
1502,0,13822
1503,0,13822
10408,2,13822
13822,1,6276
13822,1,6739
13822,1,7262
13822,1,7627
13822,3,13749
13822,3,13890
13822,3,14271
13822,3,13956
13822,3,13748
1502,0,13823
1503,0,13823
1566,0,13823
2206,0,13823
10408,2,13823
13823,1,5996
13823,1,6064
13823,1,6534
13823,1,6538
13823,3,15637
13823,3,10832
13823,3,13806
13823,3,13840
13823,3,15630
1502,0,13824
1566,0,13824
2206,0,13824
2632,0,13824
10408,2,13824
13824,1,5936
13824,1,5992
13824,1,6247
13824,1,6534
13824,3,15637
13824,3,14499
13824,3,14152
13824,3,13840
727,0,13825
2060,0,13825
2527,0,13825
3011,0,13825
3686,0,13825
10408,2,13825
13825,1,6141
13825,1,6250
13825,1,6288
13825,1,6289
13825,1,6301
13825,1,6303
13825,1,6816
13825,1,7250
13825,3,14177
290,0,13828
5146,0,13828
5147,0,13828
10408,2,13828
13828,1,5936
13828,1,6471
13828,1,6582
13828,1,6583
13828,1,7510
13828,1,7887
5611,0,13829
10408,2,13829
13829,1,5929
13829,1,5970
13829,1,6193
13829,1,6250
13829,1,6386
13829,1,6432
13829,1,8512
13829,3,14146
13829,3,12224
13829,3,11177
795,0,13830
1674,0,13830
2415,0,13830
3856,0,13830
10408,2,13830
13830,1,5936
13830,1,5992
13830,1,6093
13830,1,6247
13830,1,6301
13830,1,6614
13830,1,6900
13830,1,7396
739,0,13832
3311,0,13832
3867,0,13832
4389,0,13832
10408,2,13832
13832,1,5915
13832,1,5970
13832,1,6086
13832,1,6185
13832,1,6219
13832,1,6388
13832,1,6899
13832,1,8800
13832,1,9867
739,0,13833
2168,0,13833
3311,0,13833
3312,0,13833
5307,0,13833
10408,2,13833
13833,1,6124
13833,1,6188
13833,1,6249
13833,1,6346
13833,3,14152
13833,3,14228
1687,0,13835
1712,0,13835
10408,2,13835
13835,1,6075
13835,1,6269
13835,1,7474
13835,3,13778
13835,3,10714
13835,3,14293
3898,0,13836
4056,0,13836
10408,2,13836
13836,1,5947
13836,1,6255
13836,1,6277
13836,1,6295
13836,1,6580
13836,1,6724
13836,1,7304
13836,3,13815
13836,3,14125
1915,0,13837
1916,0,13837
2434,0,13837
4232,0,13837
10408,2,13837
13837,1,5972
13837,1,6137
13837,1,6206
13837,1,7420
13837,1,7609
13837,1,9868
13837,1,9869
13837,3,14106
3093,0,13838
10408,2,13838
13838,1,5970
13838,1,5992
13838,1,6100
13838,1,6321
13838,1,7113
13838,1,7709
13838,1,7710
751,0,13839
765,0,13839
5612,0,13839
10408,2,13839
13839,1,5929
13839,1,6087
13839,1,6282
13839,1,6386
13839,1,6405
13839,1,6697
13839,3,13967
13839,3,14046
13839,3,14049
4249,0,13840
4455,0,13840
5613,0,13840
10408,2,13840
13840,1,5970
13840,1,6369
13840,1,6386
13840,1,6483
13840,1,7451
13840,1,9492
13840,1,9865
13840,1,9870
13840,3,15101
13840,3,13806
4455,0,13841
5614,0,13841
5615,0,13841
10408,2,13841
13841,1,6086
13841,1,6124
13841,1,6262
13841,1,6352
13841,1,9325
13841,3,13898
699,0,13842
1701,0,13842
3134,0,13842
5616,0,13842
10408,2,13842
13842,1,6247
13842,1,7982
13842,1,9871
13842,3,12137
13842,3,13806
2279,0,13843
2765,0,13843
4625,0,13843
10408,2,13843
13843,1,5947
13843,1,5992
13843,1,6086
13843,1,8233
13843,1,9872
13843,3,15551
356,0,13844
2719,0,13844
3508,0,13844
10408,2,13844
13844,1,5956
13844,1,6084
13844,1,6086
13844,1,6096
13844,1,6328
13844,1,6383
13844,1,7619
13844,3,13883
1534,0,13845
2206,0,13845
2623,0,13845
2670,0,13845
4344,0,13845
10408,2,13845
13845,1,5946
13845,1,5992
13845,1,6071
13845,1,6538
13845,1,6601
13845,3,15563
13845,3,14267
13845,3,14424
13845,3,15537
1694,0,13846
1695,0,13846
1696,0,13846
1697,0,13846
4014,0,13846
5617,0,13846
10408,2,13846
13846,1,5972
13846,1,5992
13846,1,6086
13846,1,6255
13846,1,6320
13846,1,6322
13846,1,6602
13846,1,7436
13846,1,7490
13846,3,14035
765,0,13847
1698,0,13847
10408,2,13847
13847,1,5936
13847,1,6185
13847,1,6237
13847,1,7474
13847,1,9873
13847,3,10988
13847,3,14206
13847,3,13776
913,0,13848
2205,0,13848
3143,0,13848
4428,0,13848
10408,2,13848
13848,1,5970
13848,1,6247
13848,1,6443
13848,1,8892
13848,1,9874
13848,3,15570
13848,3,13676
13848,3,14266
400,0,13849
2697,0,13849
2738,0,13849
5618,0,13849
5619,0,13849
5620,0,13849
5621,0,13849
10408,2,13849
13849,1,5936
13849,1,5990
13849,1,5992
13849,1,6214
13849,1,6242
13849,1,6541
13849,1,6721
13849,1,7218
13849,1,9875
80,0,13850
2939,0,13850
3420,0,13850
3712,0,13850
10408,2,13850
13850,1,6091
13850,1,6129
13850,1,6255
13850,1,6314
13850,1,7906
13850,1,8069
13850,3,14211
13850,3,14181
80,0,13851
2939,0,13851
3420,0,13851
3712,0,13851
10408,2,13851
13851,1,6344
13851,1,6533
13851,1,7274
13851,3,14181
80,0,13852
2158,0,13852
10408,2,13852
13852,1,5915
13852,1,5992
13852,1,6005
13852,1,6046
13852,1,6162
13852,1,6247
13852,1,7673
2085,0,13853
2815,0,13853
3286,0,13853
10408,2,13853
13853,1,5936
13853,1,6255
13853,1,6277
13853,1,6366
13853,1,6471
13853,1,6614
13853,1,8306
2617,0,13854
10408,2,13854
13854,1,6160
13854,1,6249
13854,1,6255
13854,1,6258
13854,1,6471
13854,1,8673
13854,3,14485
13854,3,13833
13854,3,14004
13854,3,10933
13854,3,10956
2617,0,13855
2717,0,13855
3257,0,13855
10408,2,13855
13855,1,6363
13855,1,6749
13855,1,6766
13855,1,6767
13855,3,14231
13855,3,14272
13855,3,14130
2617,0,13856
2717,0,13856
3257,0,13856
3542,0,13856
5622,0,13856
10408,2,13856
13856,1,5973
13856,1,6093
13856,1,6205
13856,1,6363
13856,1,6749
13856,1,7634
13856,3,14231
13856,3,13855
13856,3,15612
2617,0,13857
3542,0,13857
10408,2,13857
13857,1,6105
13857,1,6255
13857,1,6344
13857,1,6363
13857,1,6749
13857,1,7595
13857,1,9858
13857,3,14130
13857,3,13855
13857,3,13896
1699,0,13858
3487,0,13858
10408,2,13858
13858,1,6452
13858,1,6453
13858,1,8070
13858,1,8184
13858,1,8752
13858,3,13793
13858,3,14095
3555,0,13860
3556,0,13860
10408,2,13860
13860,1,5972
13860,1,6086
13860,1,6223
13860,1,6255
13860,1,6571
13860,1,7925
13860,1,9876
13860,3,14034
2617,0,13861
3542,0,13861
3555,0,13861
3556,0,13861
10408,2,13861
13861,1,6205
13861,1,6255
13861,1,6344
13861,1,6363
13861,1,6421
13861,1,6749
13861,1,8249
13861,1,9858
13861,3,14223
3561,0,13862
3564,0,13862
10408,2,13862
13862,1,5973
13862,1,6075
13862,1,6386
13862,1,6780
13862,1,7326
13862,1,7329
13862,3,10767
3561,0,13863
4775,0,13863
5343,0,13863
10408,2,13863
13863,1,6105
13863,1,6156
13863,1,6193
13863,1,6205
13863,1,6255
13863,1,6312
13863,1,6336
13863,1,6428
13863,1,6941
13863,1,7534
704,0,13866
5225,0,13866
10408,2,13866
13866,1,5978
13866,1,6255
13866,1,6363
13866,1,6749
13866,1,7160
13866,1,7595
13866,3,14125
780,0,13867
1471,0,13867
10408,2,13867
13867,1,6012
13867,1,6131
13867,1,6269
13867,1,6282
13867,1,6328
13867,1,6349
13867,3,14161
13867,3,14181
2016,0,13868
3298,0,13868
3744,0,13868
3745,0,13868
10408,2,13868
13868,1,6185
13868,1,6212
13868,1,6452
13868,1,6754
13868,1,7906
13868,3,15554
13868,3,13998
13868,3,14031
13868,3,14181
13868,3,13823
13868,3,10956
5623,0,13869
5624,0,13869
10408,2,13869
13869,1,5972
13869,1,6137
13869,1,6309
13869,1,7348
13869,1,8664
13869,3,13827
2060,0,13870
10408,2,13870
13870,1,6086
13870,1,6215
13870,1,6255
13870,1,6344
13870,1,7103
13870,1,9877
2060,0,13871
2616,0,13871
4441,0,13871
10408,2,13871
13871,1,6084
13871,1,6096
13871,1,6255
13871,1,6344
13871,1,6759
13871,1,7369
13871,1,7446
13871,3,11128
704,0,13872
10408,2,13872
13872,1,6086
13872,1,6255
13872,1,6293
13872,1,6447
13872,1,7980
13872,1,9378
13872,1,9401
13872,1,9879
704,0,13876
3568,0,13876
3569,0,13876
10408,2,13876
13876,1,6185
13876,1,6205
13876,1,6383
13876,3,14195
13876,3,14034
13876,3,14125
769,0,13879
807,0,13879
1740,0,13879
10408,2,13879
13879,1,5978
13879,1,6107
13879,1,6363
13879,1,6575
13879,1,6749
13879,1,6972
13879,1,8073
13879,3,15547
769,0,13880
807,0,13880
1740,0,13880
5625,0,13880
5626,0,13880
10408,2,13880
13880,1,5970
13880,1,6255
13880,1,6363
13880,1,6587
13880,1,6749
13880,1,7595
13880,1,7970
13880,3,10980
13880,3,14223
268,0,13884
1441,0,13884
1442,0,13884
1789,0,13884
10408,2,13884
13884,1,6078
13884,1,6266
13884,1,6386
13884,1,6406
13884,1,6435
983,0,13886
984,0,13886
3931,0,13886
10408,2,13886
13886,1,5992
13886,1,6167
13886,1,6247
13886,1,6623
13886,1,8752
740,0,13887
820,0,13887
918,0,13887
10408,2,13887
13887,1,5936
13887,1,6081
13887,1,6193
13887,1,6386
13887,1,6406
13887,1,6620
13887,1,6674
13887,1,7515
13887,1,7706
13887,3,13897
13887,3,10849
13887,3,13802
13887,3,15537
13887,3,15546
13887,3,13967
13887,3,10743
400,0,13888
2697,0,13888
2738,0,13888
5627,0,13888
10408,2,13888
13888,1,6034
13888,1,6250
13888,1,6386
13888,1,6705
13888,1,9880
137,0,13891
828,0,13891
2940,0,13891
3804,0,13891
3805,0,13891
10408,2,13891
13891,1,5996
13891,1,6311
13891,1,6420
13891,1,6538
13891,1,6605
13891,1,8879
2194,0,13892
2195,0,13892
2210,0,13892
2248,0,13892
2249,0,13892
10408,2,13892
13892,1,6003
13892,1,6146
13892,1,6440
13892,1,6881
13892,1,7585
13892,1,9882
4603,0,13893
10408,2,13893
13893,1,6005
13893,1,6013
13893,1,6577
13893,1,6582
13893,1,7319
13893,1,7583
4603,0,13894
5197,0,13894
5331,0,13894
10408,2,13894
13894,1,5937
13894,1,6005
13894,1,6086
13894,1,6156
13894,1,6255
13894,1,6361
13894,1,6582
13894,1,6748
13894,1,7358
13894,1,7844
699,0,13896
823,0,13896
841,0,13896
869,0,13896
1705,0,13896
10408,2,13896
13896,1,5992
13896,1,6033
13896,1,6363
13896,1,6749
13896,3,14130
13896,3,15511
13896,3,13855
13896,3,14110
13896,3,10945
74,0,13898
841,0,13898
2816,0,13898
2823,0,13898
2824,0,13898
3281,0,13898
10408,2,13898
13898,1,6086
13898,1,6215
13898,1,6255
13898,1,6262
13898,1,8033
13898,1,8412
13898,1,8688
13898,3,10694
841,0,13899
1007,0,13899
2823,0,13899
2824,0,13899
10408,2,13899
13899,1,6247
13899,1,6322
13899,1,6418
13899,1,7827
13899,1,9883
13899,3,13898
841,0,13900
1144,0,13900
10408,2,13900
13900,1,6402
13900,1,6471
13900,1,6485
13900,1,8435
13900,3,14179
13900,3,13806
3134,0,13902
3284,0,13902
10408,2,13902
13902,1,5945
13902,1,5992
13902,1,6033
13902,1,6247
13902,1,6452
13902,1,6652
13902,1,7348
13902,1,7983
13902,1,8229
13902,1,9884
13902,1,9885
2256,0,13903
2257,0,13903
4605,0,13903
5628,0,13903
10408,2,13903
13903,1,5915
13903,1,5958
13903,1,6086
13903,1,6255
13903,1,7661
13903,1,7826
13903,1,7984
13903,1,9227
13903,3,14016
267,0,13905
2387,0,13905
2404,0,13905
5337,0,13905
5629,0,13905
10408,2,13905
13905,1,5992
13905,1,6005
13905,1,6255
13905,1,6846
13905,1,8787
13905,1,9886
2530,0,13907
5351,0,13907
10408,2,13907
13907,1,6005
13907,1,6013
13907,1,6206
13907,1,6483
13907,1,6830
1650,0,13908
2772,0,13908
3539,0,13908
3886,0,13908
10408,2,13908
13908,1,5915
13908,1,5938
13908,1,5970
13908,1,5980
13908,1,6277
13908,1,6315
13908,1,6471
13908,1,6580
13908,1,6785
13908,1,7136
13908,3,13815
13908,3,13777
447,0,13909
1803,0,13909
2390,0,13909
2643,0,13909
4604,0,13909
10408,2,13909
13909,1,5951
13909,1,5991
13909,1,6012
13909,1,6126
13909,1,6255
13909,1,6453
13909,1,6531
13909,1,7649
13909,3,13750
13909,3,13817
13909,3,10886
13909,3,13949
154,0,13910
1711,0,13910
2828,0,13910
10408,2,13910
13910,1,5920
13910,1,5963
13910,1,6086
13910,1,6089
13910,1,6255
13910,3,14125
13910,3,14284
1711,0,13911
2828,0,13911
10408,2,13911
13911,1,6086
13911,1,6255
13911,1,6576
13911,1,7098
13911,1,7169
13911,3,14181
13911,3,13816
13911,3,14125
13911,3,13910
13911,3,14284
1152,0,13912
1675,0,13912
5332,0,13912
10408,2,13912
13912,1,6118
13912,1,6185
13912,1,6193
13912,1,6295
13912,1,6475
13912,1,6582
13912,1,7864
13912,1,8644
1152,0,13913
1675,0,13913
5332,0,13913
10408,2,13913
13913,1,6255
13913,1,6582
13913,1,6783
13913,1,9887
13913,1,9888
1674,0,13914
2055,0,13914
2415,0,13914
4417,0,13914
10408,2,13914
13914,1,5970
13914,1,6254
13914,1,6255
13914,1,6338
13914,1,6475
13914,1,6932
13914,1,7187
13914,3,14186
13914,3,14225
3279,0,13915
5482,0,13915
5483,0,13915
10408,2,13915
13915,1,5992
13915,1,6064
13915,1,6162
13915,1,6783
13915,1,7243
13915,1,7673
13915,1,7953
13915,3,11791
1717,0,13917
1758,0,13917
3479,0,13917
10408,2,13917
13917,1,5940
13917,1,5972
13917,1,5978
13917,1,6389
13917,1,6537
13917,3,14079
13917,3,14197
13917,3,13981
13917,3,14286
13917,3,14125
13917,3,14068
13917,3,12340
13917,3,14284
13917,3,14012
1803,0,13918
2958,0,13918
3297,0,13918
4247,0,13918
10408,2,13918
13918,1,5946
13918,1,6046
13918,1,6288
13918,1,6292
13918,1,6524
13918,1,7384
13918,1,7440
13918,1,9889
13918,1,9890
1716,0,13919
1719,0,13919
1758,0,13919
3325,0,13919
10408,2,13919
13919,1,6003
13919,1,6086
13919,1,6255
13919,1,6615
13919,1,7638
13919,3,10980
13919,3,14079
13919,3,14286
13919,3,14125
13919,3,14012
769,0,13920
1771,0,13920
3900,0,13920
5166,0,13920
10408,2,13920
13920,1,5921
13920,1,6118
13920,1,6386
13920,1,6388
13920,1,6406
13920,1,7932
13920,1,9891
13920,3,14079
13920,3,14146
13920,3,13811
13920,3,13970
274,0,13921
1533,0,13921
1706,0,13921
1716,0,13921
1757,0,13921
1758,0,13921
10408,2,13921
13921,1,5970
13921,1,5972
13921,1,5978
13921,1,6039
13921,1,6086
13921,1,6185
13921,1,6255
13921,1,6320
13921,1,6431
13921,1,6432
13921,3,13793
13921,3,13792
1533,0,13922
1716,0,13922
1758,0,13922
4786,0,13922
5630,0,13922
10408,2,13922
13922,1,5970
13922,1,6003
13922,1,6185
13922,1,6431
13922,1,6587
13922,1,6990
13922,1,7055
13922,1,7356
13922,1,7862
13922,1,8708
13922,1,9788
13922,3,14089
13922,3,13792
13922,3,13793
13922,3,13921
1720,0,13923
1721,0,13923
10408,2,13923
13923,1,6561
13923,1,7322
13923,1,9156
13923,1,9892
13923,3,14271
13923,3,11141
13923,3,11075
3498,0,13924
3580,0,13924
3935,0,13924
3959,0,13924
10408,2,13924
13924,1,5948
13924,1,6086
13924,1,6350
13924,1,7411
13924,1,7433
13924,1,9894
3498,0,13925
3580,0,13925
3935,0,13925
5631,0,13925
10408,2,13925
13925,1,6016
13925,1,6346
13925,1,7433
13925,1,9895
1331,0,13926
3197,0,13926
3587,0,13926
10408,2,13926
13926,1,5915
13926,1,5972
13926,1,5992
13926,1,6081
13926,1,6185
13926,1,6247
13926,1,7434
13926,1,7435
13926,1,7436
13926,3,13942
13926,3,12260
13926,3,10785
942,0,13929
943,0,13929
3723,0,13929
3725,0,13929
3726,0,13929
5349,0,13929
5350,0,13929
10408,2,13929
13929,1,6247
13929,1,6623
13929,1,7357
13929,1,7568
13929,1,7641
13929,1,9896
2617,0,13930
3168,0,13930
3169,0,13930
10408,2,13930
13930,1,6100
13930,1,6427
13930,1,6537
13930,1,6577
13930,1,6846
13930,1,9897
4286,0,13931
4287,0,13931
10408,2,13931
13931,1,7301
13931,1,8850
13931,1,9881
13931,3,14125
80,0,13932
1519,0,13932
2669,0,13932
2939,0,13932
4259,0,13932
10408,2,13932
13932,1,5919
13932,1,5956
13932,1,6185
13932,1,6297
13932,1,6424
13932,3,14181
3487,0,13934
3910,0,13934
10408,2,13934
13934,1,5972
13934,1,6086
13934,1,6255
13934,1,6320
13934,1,6431
13934,1,6432
13934,1,9235
4,0,13936
3111,0,13936
10408,2,13936
13936,1,5947
13936,1,5970
13936,1,5996
13936,1,6107
13936,1,6386
13936,1,6452
13936,1,6486
13936,1,6744
13936,1,6988
13936,3,13933
13936,3,10964
1682,0,13937
2966,0,13937
10408,2,13937
13937,1,6005
13937,1,6093
13937,1,6255
13937,1,6386
13937,1,7433
1285,0,13938
1774,0,13938
5632,0,13938
10408,2,13938
13938,1,6075
13938,1,6086
13938,1,6255
13938,1,6319
13938,1,8626
13938,1,9898
13938,3,14022
267,0,13939
1045,0,13939
1713,0,13939
10408,2,13939
13939,1,6255
13939,1,6846
13939,1,7665
13939,1,8787
13939,1,9886
13939,1,9899
1674,0,13940
5633,0,13940
10408,2,13940
13940,1,5970
13940,1,6065
13940,1,6164
13940,1,6297
13940,1,6342
13940,1,6718
13940,1,9900
13940,3,11071
942,0,13943
2940,0,13943
3726,0,13943
5083,0,13943
10408,2,13943
13943,1,5929
13943,1,5936
13943,1,6079
13943,1,6109
13943,1,6386
13943,1,6389
13943,3,13791
2211,0,13944
3288,0,13944
3487,0,13944
3916,0,13944
3930,0,13944
10408,2,13944
13944,1,5972
13944,1,6084
13944,1,6086
13944,1,6167
13944,1,6220
13944,1,6255
13944,1,6320
13944,1,8396
13944,3,14121
997,0,13945
998,0,13945
10408,2,13945
13945,1,6052
13945,1,6344
13945,1,6483
13945,1,6744
13945,1,9342
1666,0,13946
1725,0,13946
1726,0,13946
1780,0,13946
1782,0,13946
5229,0,13946
10408,2,13946
13946,1,5929
13946,1,6315
13946,1,6320
13946,1,6344
13946,1,6744
13946,3,13831
13946,3,14076
13946,3,14181
2532,0,13951
3917,0,13951
10408,2,13951
13951,1,6086
13951,1,6350
13951,1,6714
13951,1,8787
13951,1,9901
13951,1,9902
13951,3,13876
2014,0,13953
3838,0,13953
10408,2,13953
13953,1,5918
13953,1,6247
13953,1,6301
13953,1,6376
13953,1,6881
13953,1,8585
13953,3,14415
13953,3,14268
13953,3,14107
13953,3,10975
13953,3,13826
13953,3,10950
13953,3,13928
13953,3,14596
13953,3,13954
2014,0,13954
2016,0,13954
2017,0,13954
10408,2,13954
13954,1,6033
13954,1,6212
13954,1,9903
13954,3,15554
4226,0,13955
5634,0,13955
10408,2,13955
13955,1,5918
13955,1,5936
13955,1,6133
13955,1,6386
13955,1,7752
13955,3,10743
1502,0,13956
1503,0,13956
2206,0,13956
4162,0,13956
10408,2,13956
13956,1,5938
13956,1,6276
13956,1,6344
13956,1,6739
13956,1,7262
13956,3,13749
13956,3,13890
13956,3,14271
13956,3,12812
13956,3,13748
13956,3,13901
2203,0,13957
2530,0,13957
3915,0,13957
3918,0,13957
10408,2,13957
13957,1,6084
13957,1,6185
13957,1,6431
13957,1,6526
13957,1,7073
13957,1,8752
13957,3,14121
2325,0,13961
2329,0,13961
2330,0,13961
3487,0,13961
10408,2,13961
13961,1,5964
13961,1,5992
13961,1,6185
13961,1,6237
13961,1,6250
13961,1,6334
13961,1,6346
13961,3,14299
1741,0,13963
1743,0,13963
5239,0,13963
5635,0,13963
10408,2,13963
13963,1,5936
13963,1,6086
13963,1,6255
13963,1,6315
13963,1,6477
81,0,13966
2318,0,13966
4039,0,13966
10408,2,13966
13966,1,5937
13966,1,6086
13966,1,6097
13966,1,6350
13966,1,6846
13966,1,7452
13966,1,9355
13966,1,9905
267,0,13968
1045,0,13968
1713,0,13968
5636,0,13968
10408,2,13968
13968,1,5978
13968,1,6089
13968,1,6255
13968,1,6344
13968,1,6446
13968,1,6481
13968,1,6951
13968,1,7494
13968,1,7582
13968,1,9906
13968,3,14181
2528,0,13971
10408,2,13971
13971,1,5972
13971,1,6086
13971,1,6100
13971,1,6118
13971,1,6185
13971,1,6255
13971,1,6479
13971,1,6848
13971,1,8402
13971,1,8647
13971,3,10980
13971,3,14079
13971,3,14031
13971,3,10701
13971,3,13816
13971,3,13807
13971,3,14012
13971,3,14125
13971,3,14284
2528,0,13972
3744,0,13972
3745,0,13972
10408,2,13972
13972,1,5972
13972,1,5978
13972,1,6086
13972,1,6255
13972,1,9324
13972,3,10980
13972,3,14079
13972,3,14031
13972,3,14293
13972,3,11022
13972,3,14125
13972,3,14012
13972,3,14034
1732,0,13974
2332,0,13974
2358,0,13974
3894,0,13974
10408,2,13974
13974,1,5936
13974,1,6087
13974,1,6131
13974,1,6185
13974,1,6407
13974,1,6627
13974,1,7959
1732,0,13975
3894,0,13975
4561,0,13975
10408,2,13975
13975,1,5936
13975,1,6060
13975,1,6084
13975,1,6255
13975,1,6452
13975,1,6453
13975,1,6471
13975,1,6582
13975,1,9907
80,0,13976
2939,0,13976
3420,0,13976
3429,0,13976
3430,0,13976
10408,2,13976
13976,1,5921
13976,1,5992
13976,1,6185
13976,1,6383
13976,1,6761
13976,1,6953
13976,1,7174
13976,3,13876
704,0,13977
3610,0,13977
3611,0,13977
10408,2,13977
13977,1,5936
13977,1,6323
13977,1,6367
13977,1,6784
13977,1,6970
13977,1,7393
13977,3,14125
4422,0,13978
5637,0,13978
10408,2,13978
13978,1,6185
13978,1,6452
13978,1,6453
13978,1,6761
13978,1,6852
13978,1,8635
2045,0,13979
4422,0,13979
10408,2,13979
13979,1,6344
13979,1,6616
13979,1,6948
13979,1,9908
13979,3,14012
1144,0,13980
1691,0,13980
3612,0,13980
10408,2,13980
13980,1,5915
13980,1,6087
13980,1,6212
13980,1,6275
13980,1,6627
13980,3,13965
1003,0,13981
1144,0,13981
1711,0,13981
10408,2,13981
13981,1,5972
13981,1,6003
13981,1,6086
13981,1,6255
13981,1,8540
13981,3,14079
13981,3,14012
13981,3,14016
13981,3,14034
13981,3,14125
13981,3,14284
1144,0,13982
3612,0,13982
10408,2,13982
13982,1,5918
13982,1,6084
13982,1,6087
13982,1,6089
13982,1,6578
13982,1,6627
13982,1,7532
13982,3,10823
727,0,13983
1003,0,13983
1144,0,13983
3612,0,13983
10408,2,13983
13983,1,5970
13983,1,5972
13983,1,6003
13983,1,6086
13983,1,6336
13983,1,6577
13983,3,14268
13983,3,14012
3487,0,13985
3614,0,13985
3930,0,13985
10408,2,13985
13985,1,6118
13985,1,6193
13985,1,6479
13985,1,7320
13985,1,7508
13985,3,14155
446,0,13986
1711,0,13986
5231,0,13986
10408,2,13986
13986,1,5996
13986,1,5997
13986,1,7398
13986,1,7583
13986,1,7992
13986,3,14129
1565,0,13987
1604,0,13987
1689,0,13987
2396,0,13987
2614,0,13987
3665,0,13987
4438,0,13987
10408,2,13987
13987,1,5992
13987,1,6165
13987,1,6237
13987,1,6255
13987,1,6346
13987,1,6716
13987,1,7588
13987,1,8540
13987,1,9372
13987,3,15296
13987,3,12234
13987,3,10956
13987,3,13002
13987,3,15614
13987,3,15630
2221,0,13988
5133,0,13988
5134,0,13988
10408,2,13988
13988,1,6003
13988,1,6086
13988,1,6255
13988,1,6371
13988,1,6973
13988,1,7086
1331,0,13989
5638,0,13989
10408,2,13989
13989,1,6185
13989,1,6389
13989,1,6873
13989,1,7163
13989,3,14267
65,0,13990
2650,0,13990
10408,2,13990
13990,1,5936
13990,1,6086
13990,1,6199
13990,1,6247
13990,1,6606
13990,1,6840
13990,1,8682
2256,0,13991
5639,0,13991
10408,2,13991
13991,1,5996
13991,1,6214
13991,1,6299
13991,1,6483
13991,1,6830
13991,1,9727
1927,0,13992
3214,0,13992
3487,0,13992
3883,0,13992
4116,0,13992
4427,0,13992
5640,0,13992
10408,2,13992
13992,1,5950
13992,1,5987
13992,1,6086
13992,1,6223
13992,1,6255
13992,1,6571
13992,1,7453
13992,1,9909
13992,3,14267
1749,0,13996
10408,2,13996
13996,1,5978
13996,1,6486
13996,1,6814
13996,1,7210
13996,1,7928
13996,1,9910
439,0,13997
1068,0,13997
1735,0,13997
3619,0,13997
10408,2,13997
13997,1,6249
13997,1,6255
13997,1,9853
13997,3,14114
13997,3,14152
2403,0,13998
3322,0,13998
10408,2,13998
13998,1,5929
13998,1,5992
13998,1,6067
13998,1,6185
13998,1,6255
13998,1,6344
1703,0,13999
4445,0,13999
10408,2,13999
13999,1,5972
13999,1,5973
13999,1,5978
13999,1,6071
13999,1,6086
13999,1,6255
13999,1,6609
13999,1,6610
13999,3,14268
13999,3,14276
13999,3,13971
13999,3,13960
13999,3,14125
13999,3,11422
13999,3,14012
13999,3,14034
13999,3,14284
1110,0,14000
1475,0,14000
10408,2,14000
14000,1,5918
14000,1,5996
14000,1,6897
14000,1,6943
14000,1,7032
1703,0,14001
4445,0,14001
10408,2,14001
14001,1,5970
14001,1,5972
14001,1,5978
14001,1,6012
14001,1,6528
14001,1,6605
14001,1,7451
14001,1,7820
14001,1,8435
14001,3,14079
14001,3,14031
14001,3,13960
14001,3,14181
14001,3,12883
14001,3,14125
14001,3,13999
14001,3,14219
14001,3,14166
14001,3,14062
14001,3,12340
14001,3,14284
14001,3,14012
14001,3,14002
14001,3,11422
14001,3,10775
669,0,14002
1703,0,14002
4445,0,14002
10408,2,14002
14002,1,5936
14002,1,5970
14002,1,5972
14002,1,5978
14002,1,6033
14002,1,6161
14002,1,6183
14002,1,6185
14002,1,6309
14002,1,7448
14002,1,8070
14002,1,9230
14002,3,14268
14002,3,13986
14002,3,14191
14002,3,11022
14002,3,14095
14002,3,14125
14002,3,13999
14002,3,14219
14002,3,13951
14002,3,14062
14002,3,14284
14002,3,14034
14002,3,14012
14002,3,11422
4793,0,14003
10408,2,14003
14003,1,6165
14003,1,6237
14003,1,6344
14003,1,6386
14003,1,6406
14003,1,6483
14003,1,6788
14003,1,7087
14003,1,8612
77,0,14004
2521,0,14004
4424,0,14004
10408,2,14004
14004,1,5953
14004,1,6005
14004,1,6249
14004,1,6255
14004,1,6258
14004,1,6471
14004,1,8673
1683,0,14005
3162,0,14005
10408,2,14005
14005,1,6084
14005,1,6171
14005,1,6341
14005,1,6418
14005,1,6453
14005,1,6541
14005,1,6978
14005,1,7113
14005,1,7117
14005,1,7526
14005,1,9912
14005,3,14104
1683,0,14006
3162,0,14006
10408,2,14006
14006,1,6171
14006,1,6245
14006,1,6418
14006,1,6453
14006,1,6827
14006,1,6846
14006,1,7432
14006,3,14251
14006,3,14104
2405,0,14007
3162,0,14007
5641,0,14007
10408,2,14007
14007,1,6084
14007,1,6185
14007,1,6344
14007,1,6407
14007,1,6726
14007,1,6754
14007,1,7116
14007,1,9913
14007,3,13799
14007,3,14147
14007,3,13876
14007,3,13811
14007,3,13873
14007,3,13948
1705,0,14009
10408,2,14009
14009,1,6005
14009,1,6363
14009,1,6545
14009,1,6749
14009,3,14231
14009,3,13813
14009,3,14228
14009,3,13865
14009,3,13814
3911,0,14010
3912,0,14010
3913,0,14010
10408,2,14010
14010,1,5972
14010,1,6185
14010,1,6305
14010,1,6420
14010,1,6431
14010,1,8236
14010,1,9914
942,0,14011
1737,0,14011
5314,0,14011
10408,2,14011
14011,1,5929
14011,1,6524
14011,1,7116
14011,1,7663
14011,3,13091
1680,0,14012
1711,0,14012
10408,2,14012
14012,1,5972
14012,1,5978
14012,1,6086
14012,1,6185
14012,1,6255
14012,1,6344
14012,1,6855
14012,1,7640
14012,3,14079
14012,3,14125
1605,0,14014
1742,0,14014
2391,0,14014
10408,2,14014
14014,1,6022
14014,1,6197
14014,1,6269
14014,1,6386
14014,1,6405
14014,1,6530
14014,1,8034
14014,1,8373
14014,1,8629
14014,3,14125
1605,0,14015
2391,0,14015
3324,0,14015
10408,2,14015
14015,1,5970
14015,1,6062
14015,1,6063
14015,1,6086
14015,1,6118
14015,1,6255
14015,1,6389
14015,1,8213
14015,1,9495
2256,0,14016
2257,0,14016
10408,2,14016
14016,1,6291
14016,1,6301
14016,1,6452
14016,1,6453
14016,1,6479
14016,1,6604
14016,1,6744
14016,3,14267
14016,3,14154
14016,3,14229
14016,3,14095
1786,0,14017
5642,0,14017
10408,2,14017
14017,1,5945
14017,1,5992
14017,1,6247
14017,1,6919
14017,1,8791
14017,1,9915
2796,0,14018
3556,0,14018
10408,2,14018
14018,1,5945
14018,1,6193
14018,1,6255
14018,1,6326
14018,1,6352
14018,1,7228
615,0,14019
2399,0,14019
4771,0,14019
10408,2,14019
14019,1,5921
14019,1,6127
14019,1,6238
14019,1,6242
14019,1,6269
14019,1,6351
14019,1,6473
14019,1,6667
14019,1,8497
14019,3,13922
1105,0,14021
1106,0,14021
5644,0,14021
5645,0,14021
10408,2,14021
14021,1,6075
14021,1,6165
14021,1,6483
14021,1,6744
14021,1,6842
14021,1,9634
14021,3,13021
591,0,14022
785,0,14022
3428,0,14022
10408,2,14022
14022,1,5996
14022,1,6086
14022,1,6255
14022,1,6319
14022,1,6432
14022,1,6433
14022,1,6434
14022,1,8708
785,0,14024
3428,0,14024
3451,0,14024
5646,0,14024
10408,2,14024
14024,1,5972
14024,1,5978
14024,1,6483
14024,1,6830
14024,1,6848
14024,1,7433
14024,3,14022
14024,3,14034
3961,0,14025
3962,0,14025
10408,2,14025
14025,1,6235
14025,1,6346
14025,1,6539
14025,1,7527
14025,1,7587
14025,1,8109
14025,1,8249
14025,1,9917
14025,3,13962
3935,0,14026
10408,2,14026
14026,1,5991
14026,1,6096
14026,1,6124
14026,1,6141
14026,1,6250
14026,1,6303
14026,1,6867
14026,1,9918
14026,3,13928
3935,0,14027
10408,2,14027
14027,1,6118
14027,1,6303
14027,1,6572
14027,1,6577
14027,1,8041
14027,3,13864
14027,3,13928
3955,0,14028
10408,2,14028
14028,1,5972
14028,1,6137
14028,1,6577
14028,1,8408
14028,1,9919
3935,0,14029
4606,0,14029
10408,2,14029
14029,1,6086
14029,1,6124
14029,1,6255
14029,1,7712
14029,1,8749
2642,0,14030
2848,0,14030
10408,2,14030
14030,1,6089
14030,1,6131
14030,1,6328
14030,1,6361
14030,1,6467
14030,1,7438
14030,1,8189
2520,0,14031
2528,0,14031
3887,0,14031
10408,2,14031
14031,1,6247
14031,1,6716
14031,1,7514
14031,1,7575
14031,1,8269
14031,1,8402
14031,3,13806
14031,3,11177
14031,3,14266
14031,3,14125
14031,3,14181
85,0,14032
1862,0,14032
2045,0,14032
10408,2,14032
14032,1,6086
14032,1,6206
14032,1,6255
14032,1,6649
14032,1,6650
14032,3,14074
14032,3,13859
14032,3,13816
14032,3,14069
14032,3,12224
1759,0,14033
1797,0,14033
2281,0,14033
10408,2,14033
14033,1,5946
14033,1,6406
14033,1,6479
14033,1,6545
14033,1,6740
14033,1,6899
14033,3,10968
704,0,14034
3451,0,14034
10408,2,14034
14034,1,5936
14034,1,5972
14034,1,5978
14034,1,6452
14034,3,14195
14034,3,14079
14034,3,13778
14034,3,14125
704,0,14035
3451,0,14035
4254,0,14035
10408,2,14035
14035,1,5978
14035,1,6320
14035,1,6452
14035,1,8166
14035,3,13792
14035,3,13793
14035,3,14012
14035,3,14034
704,0,14037
5345,0,14037
10408,2,14037
14037,1,5992
14037,1,6146
14037,1,6193
14037,1,6360
14037,1,6672
14037,3,14155
14037,3,14039
2170,0,14038
2535,0,14038
4223,0,14038
4607,0,14038
4608,0,14038
4754,0,14038
5254,0,14038
5348,0,14038
5647,0,14038
5648,0,14038
10408,2,14038
14038,1,5915
14038,1,6005
14038,1,6081
14038,1,6443
310,0,14039
704,0,14039
3645,0,14039
10408,2,14039
14039,1,6193
14039,1,6367
14039,1,6483
14039,1,6744
14039,1,7229
14039,3,14155
14039,3,14267
14039,3,13831
14039,3,14034
1733,0,14041
4730,0,14041
10408,2,14041
14041,1,5929
14041,1,6191
14041,1,6386
14041,1,6427
14041,1,8382
14041,1,9366
14041,3,14094
2518,0,14042
2751,0,14042
10408,2,14042
14042,1,5921
14042,1,5936
14042,1,5970
14042,1,5977
14042,1,6255
14042,1,6262
14042,1,6277
14042,1,6331
14042,1,6505
14042,1,6765
14042,1,7448
2530,0,14043
3661,0,14043
5300,0,14043
10408,2,14043
14043,1,6254
14043,1,6692
14043,1,7466
14043,1,8105
14043,1,9920
1699,0,14044
3487,0,14044
5649,0,14044
10408,2,14044
14044,1,5936
14044,1,6322
14044,1,6347
14044,1,7861
14044,1,7864
14044,1,9921
14044,3,13793
14044,3,14121
347,0,14050
2410,0,14050
2411,0,14050
5650,0,14050
10408,2,14050
14050,1,5936
14050,1,6191
14050,1,6582
14050,1,7145
14050,1,8491
14050,3,15620
1750,0,14051
1752,0,14051
1753,0,14051
3320,0,14051
10408,2,14051
14051,1,5936
14051,1,6368
14051,1,6830
14051,1,7474
14051,3,10705
55,0,14052
136,0,14052
1333,0,14052
10408,2,14052
14052,1,6079
14052,1,6206
14052,1,6344
14052,1,7742
14052,1,7960
14052,3,14184
14052,3,14271
14052,3,14324
14052,3,12890
14052,3,11803
14052,3,10889
55,0,14053
92,0,14053
136,0,14053
10408,2,14053
14053,1,5929
14053,1,5936
14053,1,6088
14053,1,6089
14053,1,6427
14053,1,6471
14053,1,6582
14053,3,14689
83,0,14054
2206,0,14054
2397,0,14054
2398,0,14054
10408,2,14054
14054,1,6003
14054,1,6075
14054,1,6485
14054,1,7474
14054,1,7585
14054,1,8766
14054,3,13835
14054,3,14293
14054,3,13778
55,0,14055
136,0,14055
3677,0,14055
10408,2,14055
14055,1,6081
14055,1,6202
14055,1,6483
14055,1,6615
14055,1,6719
14055,1,7638
14055,3,12224
14055,3,12007
1177,0,14056
2740,0,14056
4430,0,14056
10408,2,14056
14056,1,5970
14056,1,6185
14056,1,6479
14056,1,6833
14056,1,8558
14056,1,8747
2170,0,14057
2535,0,14057
4608,0,14057
10408,2,14057
14057,1,5936
14057,1,6005
14057,1,6133
14057,1,6363
14057,1,6749
982,0,14058
983,0,14058
984,0,14058
1794,0,14058
10408,2,14058
14058,1,5972
14058,1,6086
14058,1,6255
14058,1,6320
14058,1,6343
14058,1,6430
14058,3,14223
14058,3,13967
14058,3,13906
14058,3,13846
14058,3,14260
1705,0,14059
1765,0,14059
10408,2,14059
14059,1,6148
14059,1,6452
14059,1,6453
14059,1,6479
14059,1,7370
14059,1,7649
14059,1,7861
5651,0,14060
10408,2,14060
14060,1,5972
14060,1,5992
14060,1,6137
14060,1,6162
14060,1,6386
14060,1,6782
14060,1,6874
14060,1,7673
14060,1,7739
2212,0,14061
4772,0,14061
10408,2,14061
14061,1,6086
14061,1,6214
14061,1,6255
14061,1,9922
704,0,14062
2534,0,14062
10408,2,14062
14062,1,5936
14062,1,5970
14062,1,5972
14062,1,5978
14062,1,6255
14062,1,7448
14062,3,14268
14062,3,14079
14062,3,10858
14062,3,14286
14062,3,14293
14062,3,13960
14062,3,14125
14062,3,11422
14062,3,14034
1767,0,14063
3321,0,14063
10408,2,14063
14063,1,5916
14063,1,5936
14063,1,5992
14063,1,7544
14063,1,8665
14063,1,9923
221,0,14064
733,0,14064
965,0,14064
3282,0,14064
10408,2,14064
14064,1,6071
14064,1,6133
14064,1,6165
14064,1,6379
14064,1,6873
14064,1,7136
14064,1,7279
14064,1,7411
204,0,14065
704,0,14065
2534,0,14065
5652,0,14065
10408,2,14065
14065,1,5915
14065,1,6084
14065,1,6222
14065,1,6316
14065,1,6322
14065,1,7117
14065,3,10905
4,0,14066
35,0,14066
3111,0,14066
3677,0,14066
10408,2,14066
14066,1,6003
14066,1,6079
14066,1,6219
14066,1,6301
14066,1,6344
14066,1,7448
14066,1,7579
14066,3,13778
14066,3,13791
14066,3,13883
14066,3,12268
16,0,14067
1144,0,14067
1691,0,14067
10408,2,14067
14067,1,5936
14067,1,5972
14067,1,6003
14067,1,6086
14067,1,6255
14067,1,6320
14067,1,6514
14067,1,7885
14067,1,8102
14067,3,14035
14067,3,13922
14067,3,13792
14067,3,13921
14067,3,14034
150,0,14068
262,0,14068
2090,0,14068
2093,0,14068
10408,2,14068
14068,1,5931
14068,1,6118
14068,1,6255
14068,1,6344
14068,1,6428
14068,1,7971
14068,1,8141
14068,1,8224
14068,3,14267
14068,3,13808
14068,3,14137
14068,3,14154
14068,3,13875
1169,0,14070
5235,0,14070
10408,2,14070
14070,1,6205
14070,1,6255
14070,1,6277
14070,1,6306
14070,1,7066
14070,1,8741
14070,3,11064
14070,3,11065
1177,0,14071
2561,0,14071
10408,2,14071
14071,1,5936
14071,1,6091
14071,1,6247
14071,1,6255
14071,1,6277
14071,1,6471
14071,3,13995
14071,3,14073
14071,3,14096
4268,0,14072
4291,0,14072
10408,2,14072
14072,1,6003
14072,1,6072
14072,1,6420
14072,1,6452
14072,1,6453
1177,0,14073
2561,0,14073
5496,0,14073
10408,2,14073
14073,1,5936
14073,1,6255
14073,1,6277
14073,1,6471
14073,1,6614
14073,3,13995
563,0,14075
890,0,14075
891,0,14075
1239,0,14075
5311,0,14075
10408,2,14075
14075,1,6672
14075,1,7348
963,0,14077
5341,0,14077
10408,2,14077
14077,1,6003
14077,1,6005
14077,1,6084
14077,1,6087
14077,1,6181
14077,1,6217
14077,1,6547
14077,1,6627
14077,1,7524
14077,3,15620
1694,0,14078
1696,0,14078
3956,0,14078
10408,2,14078
14078,1,6185
14078,1,6237
14078,1,6242
14078,1,6386
14078,1,6431
14078,1,6726
14078,1,8801
14078,3,13793
8,0,14080
22,0,14080
261,0,14080
10408,2,14080
14080,1,6247
14080,1,6346
14080,1,6623
14080,1,7421
14080,1,9924
14080,1,9925
5653,0,14081
5654,0,14081
5655,0,14081
10408,2,14081
14081,1,5970
14081,1,6181
14081,1,6559
14081,1,7318
14081,1,8879
14081,1,8894
14081,1,9926
14081,1,9927
14081,1,9928
14081,1,9929
1738,0,14082
1748,0,14082
10408,2,14082
14082,1,5915
14082,1,5929
14082,1,5947
14082,1,6344
14082,1,7103
14082,1,7720
14082,1,7949
14082,3,14098
130,0,14084
567,0,14084
757,0,14084
1563,0,14084
5656,0,14084
10408,2,14084
14084,1,6086
14084,1,6505
14084,1,8128
14084,3,12926
14084,3,14161
14084,3,13778
14084,3,10853
1172,0,14086
3926,0,14086
4323,0,14086
4364,0,14086
10408,2,14086
14086,1,5992
14086,1,6331
14086,1,6483
14086,1,6614
14086,1,8885
14086,3,14179
14086,3,14049
14086,3,13806
704,0,14087
1218,0,14087
1662,0,14087
1663,0,14087
2047,0,14087
10408,2,14087
14087,1,6086
14087,1,6497
14087,1,7259
14087,1,9930
704,0,14088
1218,0,14088
10408,2,14088
14088,1,6003
14088,1,6023
14088,1,6462
14088,1,6479
14088,1,6948
14088,1,7546
14088,3,10980
14088,3,14197
14088,3,12220
14088,3,14125
14088,3,14284
14088,3,13875
704,0,14090
1218,0,14090
3451,0,14090
10408,2,14090
14090,1,5920
14090,1,5972
14090,1,5978
14090,1,6100
14090,1,6314
14090,1,8729
14090,3,10980
14090,3,14276
14090,3,14125
14090,3,14284
3923,0,14092
3924,0,14092
10408,2,14092
14092,1,5915
14092,1,6185
14092,1,6407
14092,1,6506
14092,1,6726
1124,0,14093
4700,0,14093
10408,2,14093
14093,1,5992
14093,1,6084
14093,1,6100
14093,1,6156
14093,1,8010
14093,1,9308
727,0,14097
3612,0,14097
10408,2,14097
14097,1,5945
14097,1,5970
14097,1,6247
14097,1,6250
14097,1,6572
14097,1,6623
14097,1,8811
14097,1,8927
14097,3,14129
14097,3,14268
14097,3,15122
14097,3,10851
14097,3,14230
1124,0,14098
1125,0,14098
3197,0,14098
5657,0,14098
10408,2,14098
14098,1,5929
14098,1,5970
14098,1,5978
14098,1,6301
14098,1,6341
14098,1,6615
14098,1,6943
14098,1,7438
14098,1,7717
14098,3,12260
515,0,14099
10408,2,14099
14099,1,6136
14099,1,6240
14099,1,6406
14099,1,6420
14099,1,6499
14099,3,12313
296,0,14101
1567,0,14101
1765,0,14101
2530,0,14101
2942,0,14101
3915,0,14101
3932,0,14101
3933,0,14101
5346,0,14101
5347,0,14101
5488,0,14101
5658,0,14101
10408,2,14101
14101,1,5946
14101,1,6086
14101,1,6210
14101,1,6255
14101,1,6336
14101,1,6494
14101,1,7854
14101,1,9405
14101,3,13813
14101,3,13865
1710,0,14102
3556,0,14102
3612,0,14102
5659,0,14102
10408,2,14102
14102,1,5996
14102,1,6346
14102,1,6453
14102,1,7317
14102,1,7649
14102,1,7781
14102,1,7958
14102,1,8202
14102,1,8249
14102,1,8787
14102,1,9901
14102,1,9902
14102,1,9932
14102,1,9933
14102,3,13951
838,0,14103
3920,0,14103
10408,2,14103
14103,1,5972
14103,1,6086
14103,1,6183
14103,1,6255
14103,1,6320
14103,1,6431
14103,1,6478
14103,3,13922
14103,3,14121
1269,0,14105
1769,0,14105
10408,2,14105
14105,1,6079
14105,1,6344
14105,1,8858
14105,3,13807
14105,3,13883
14105,3,13960
14105,3,12224
727,0,14107
3612,0,14107
10408,2,14107
14107,1,6022
14107,1,6141
14107,1,6197
14107,1,6252
14107,1,6301
14107,1,6344
14107,1,7526
14107,3,14129
14107,3,10876
14107,3,14097
82,0,14108
942,0,14108
1737,0,14108
5309,0,14108
10408,2,14108
14108,1,5964
14108,1,5996
14108,1,6346
14108,1,6367
14108,1,6899
14108,1,8231
14108,1,9934
997,0,14110
1268,0,14110
10408,2,14110
14110,1,6205
14110,1,6435
704,0,14111
3626,0,14111
10408,2,14111
14111,1,6363
14111,1,6685
14111,1,6749
14111,1,6846
14111,3,14267
79,0,14112
976,0,14112
2221,0,14112
2229,0,14112
3744,0,14112
10408,2,14112
14112,1,5970
14112,1,6086
14112,1,6207
14112,1,6255
14112,1,6389
14112,1,6484
14112,1,6814
14112,1,8067
723,0,14113
2208,0,14113
5660,0,14113
10408,2,14113
14113,1,5936
14113,1,6012
14113,1,6181
14113,1,6206
14113,1,6452
14113,1,6471
14113,1,6834
14113,3,13756
14113,3,13776
3556,0,14115
3612,0,14115
10408,2,14115
14115,1,6100
14115,1,6247
14115,1,6347
14115,1,6623
14115,1,6713
14115,3,14107
14115,3,10912
14115,3,10863
14115,3,14284
4773,0,14116
4774,0,14116
5258,0,14116
5661,0,14116
10408,2,14116
14116,1,6288
14116,1,6292
14116,1,6346
14116,1,6606
14116,1,8217
14116,1,8234
14116,1,9935
1774,0,14118
2245,0,14118
4295,0,14118
10408,2,14118
14118,1,5938
14118,1,5946
14118,1,6084
14118,1,6291
14118,1,6315
14118,1,6368
14118,1,6719
14118,3,14155
14118,3,14039
409,0,14119
657,0,14119
704,0,14119
3327,0,14119
10408,2,14119
14119,1,5970
14119,1,6023
14119,1,6237
14119,1,6961
14119,1,7194
14119,1,7733
2833,0,14120
5573,0,14120
5662,0,14120
10408,2,14120
14120,1,5915
14120,1,6005
14120,1,6161
14120,1,6185
14120,1,6229
14120,1,6407
14120,1,6526
14120,1,8241
14120,3,14147
3635,0,14122
3912,0,14122
3914,0,14122
4725,0,14122
5663,0,14122
10408,2,14122
14122,1,6082
14122,1,6320
14122,1,6431
14122,1,8166
14122,1,8665
14122,1,9073
14122,3,14280
1756,0,14123
3925,0,14123
10408,2,14123
14123,1,6071
14123,1,6185
14123,1,6483
14123,1,7718
14123,1,8723
14123,1,9072
14123,1,9865
14123,3,13998
14123,3,14031
14123,3,13876
14123,3,13806
14123,3,10721
350,0,14124
3471,0,14124
10408,2,14124
14124,1,5936
14124,1,6071
14124,1,6471
14124,1,6484
14124,1,6494
14124,1,7722
14124,3,14200
1002,0,14126
1764,0,14126
10408,2,14126
14126,1,6118
14126,1,6269
14126,1,6386
14126,1,6744
14126,1,7593
14126,3,12126
14126,3,12268
14126,3,13831
1002,0,14127
1764,0,14127
10408,2,14127
14127,1,6100
14127,1,6386
14127,1,6569
14127,1,6744
14127,1,6922
14127,1,8802
14127,3,11995
14127,3,12041
134,0,14128
3483,0,14128
3484,0,14128
3573,0,14128
10408,2,14128
14128,1,5936
14128,1,6003
14128,1,6086
14128,1,6118
14128,1,6255
14128,1,6269
14128,1,6391
14128,3,13156
14128,3,14325
14128,3,14153
14128,3,14255
769,0,14131
807,0,14131
1740,0,14131
5625,0,14131
5626,0,14131
10408,2,14131
14131,1,6127
14131,1,6301
14131,1,7160
14131,1,7322
14131,1,7970
14131,3,13880
3142,0,14134
3302,0,14134
10408,2,14134
14134,1,6344
14134,1,6627
14134,1,8717
14134,1,9936
1534,0,14135
2206,0,14135
2379,0,14135
2380,0,14135
2381,0,14135
10408,2,14135
14135,1,5992
14135,1,6089
14135,1,6247
14135,1,6452
14135,1,6821
14135,3,13806
14135,3,13840
1802,0,14136
5664,0,14136
10408,2,14136
14136,1,5915
14136,1,6012
14136,1,6013
14136,1,6226
14136,1,6255
14136,1,6822
14136,3,13852
14136,3,14190
1233,0,14138
1710,0,14138
1727,0,14138
10408,2,14138
14138,1,5915
14138,1,6255
14138,1,6317
14138,1,6318
14138,1,6386
14138,1,7544
14138,3,13922
2029,0,14140
3902,0,14140
4609,0,14140
10408,2,14140
14140,1,5936
14140,1,6276
14140,1,6471
14140,1,6516
14140,1,6582
2917,0,14141
5208,0,14141
10408,2,14141
14141,1,5970
14141,1,6075
14141,1,6238
14141,1,6479
14141,1,6667
14141,1,9938
14141,3,13350
3481,0,14142
3482,0,14142
3484,0,14142
3572,0,14142
10408,2,14142
14142,1,6471
14142,1,8468
14142,1,8506
14142,1,8563
14142,1,9939
3075,0,14145
4424,0,14145
5665,0,14145
10408,2,14145
14145,1,5926
14145,1,6255
14145,1,8947
3813,0,14147
10408,2,14147
14147,1,6108
14147,1,6185
14147,1,6347
14147,1,6407
14147,1,6526
14147,1,7394
14147,3,13948
77,0,14148
3478,0,14148
3813,0,14148
10408,2,14148
14148,1,5970
14148,1,6185
14148,1,6825
14148,1,6923
14148,1,6951
14148,1,7249
14148,1,8103
14148,3,14272
14148,3,13942
14148,3,13811
14148,3,13949
1777,0,14149
1904,0,14149
1905,0,14149
10408,2,14149
14149,1,5915
14149,1,5916
14149,1,5972
14149,1,6086
14149,1,6255
14149,1,6320
14149,1,7009
14149,1,7436
14149,1,7849
14149,1,8755
14149,1,8896
2402,0,14150
5666,0,14150
10408,2,14150
14150,1,6205
14150,1,6255
14150,1,6363
14150,1,6614
14150,1,6701
14150,1,6749
14150,1,6954
14150,1,7544
14150,3,13855
2402,0,14151
3953,0,14151
3954,0,14151
4585,0,14151
5666,0,14151
10408,2,14151
14151,1,6005
14151,1,6363
14151,1,6749
14151,1,7393
14151,1,7986
14151,1,8249
3487,0,14156
3614,0,14156
10408,2,14156
14156,1,6210
14156,1,6254
14156,1,6313
14156,1,6818
14156,3,14191
14156,3,13950
14156,3,13865
14156,3,13952
14156,3,13814
14156,3,14045
14156,3,14190
3487,0,14157
4702,0,14157
10408,2,14157
14157,1,5936
14157,1,6277
14157,1,8748
14157,1,8752
1663,0,14158
3487,0,14158
10408,2,14158
14158,1,6005
14158,1,6086
14158,1,6255
14158,1,6782
14158,1,6896
14158,1,7235
14158,3,13813
14158,3,14228
14158,3,13814
134,0,14159
3482,0,14159
3483,0,14159
3484,0,14159
5308,0,14159
5667,0,14159
10408,2,14159
14159,1,6064
14159,1,6247
14159,1,6272
14159,1,6645
14159,1,6739
14159,1,7604
14159,1,8501
14159,3,14179
14159,3,11231
68,0,14160
701,0,14160
1014,0,14160
10408,2,14160
14160,1,6086
14160,1,6255
14160,1,6458
82,0,14162
978,0,14162
2081,0,14162
5494,0,14162
10408,2,14162
14162,1,5918
14162,1,7540
14162,1,7823
14162,1,9604
14162,1,9605
14162,3,13965
14162,3,12271
14162,3,15620
3122,0,14163
4546,0,14163
4646,0,14163
10408,2,14163
14163,1,5915
14163,1,6081
14163,1,6529
14163,1,7225
14163,1,8366
14163,1,9940
4323,0,14165
5668,0,14165
10408,2,14165
14165,1,6242
14165,1,6386
14165,1,8762
14165,1,9941
704,0,14166
3835,0,14166
10408,2,14166
14166,1,6255
14166,1,6384
14166,1,6435
14166,1,6604
14166,1,6614
14166,3,14296
14166,3,13876
14166,3,14267
14166,3,14154
14166,3,14125
14166,3,14034
650,0,14167
780,0,14167
3970,0,14167
5354,0,14167
10408,2,14167
14167,1,5951
14167,1,6100
14167,1,6185
14167,1,6656
14167,1,6925
14167,1,8764
573,0,14168
1479,0,14168
1534,0,14168
2206,0,14168
2386,0,14168
2389,0,14168
4358,0,14168
10408,2,14168
14168,1,5929
14168,1,5992
14168,1,6018
14168,1,6716
14168,1,6744
14168,3,13845
14168,3,15563
14168,3,10838
14168,3,14424
14168,3,13936
14168,3,13148
1711,0,14169
3754,0,14169
5669,0,14169
10408,2,14169
14169,1,6247
14169,1,6623
14169,1,7086
14169,1,9942
14169,3,13898
14169,3,14172
14169,3,14201
1711,0,14170
3754,0,14170
3755,0,14170
10408,2,14170
14170,1,5970
14170,1,6086
14170,1,6133
14170,1,6255
14170,1,6418
14170,1,6453
14170,1,7136
14170,3,15570
14170,3,10694
14170,3,14172
14170,3,15548
14170,3,14201
14170,3,13899
14170,3,14006
14170,3,14284
14170,3,15635
1711,0,14171
3754,0,14171
3755,0,14171
10408,2,14171
14171,1,6247
14171,1,7617
14171,1,9943
14171,1,9944
14171,3,14170
14171,3,15635
1711,0,14172
3754,0,14172
10408,2,14172
14172,1,6012
14172,1,6086
14172,1,6185
14172,1,6255
14172,1,6344
14172,1,6526
14172,1,6766
14172,1,6777
14172,3,14095
14172,3,14267
14172,3,14284
1711,0,14173
3754,0,14173
10408,2,14173
14173,1,6086
14173,1,6255
14173,1,6453
14173,1,6609
14173,1,6610
14173,1,6798
14173,3,12251
14173,3,14283
14173,3,11022
14173,3,14048
14173,3,12290
14173,3,12337
14173,3,13831
14173,3,14012
14173,3,13949
5670,0,14174
5671,0,14174
10408,2,14174
14174,1,5926
14174,1,5992
14174,1,6242
14174,1,7358
1565,0,14175
1566,0,14175
2206,0,14175
2260,0,14175
2614,0,14175
10408,2,14175
14175,1,5936
14175,1,6003
14175,1,6086
14175,1,6255
14175,1,9945
14175,3,10980
14175,3,14181
14175,3,14114
14175,3,14125
14175,3,13910
14175,3,10956
14175,3,14284
14175,3,11422
3011,0,14177
3487,0,14177
10408,2,14177
14177,1,5970
14177,1,6086
14177,1,6250
14177,1,6266
14177,1,7250
14177,1,8775
14177,3,11002
3067,0,14178
3068,0,14178
10408,2,14178
14178,1,6079
14178,1,6207
14178,1,6254
14178,1,6344
14178,1,6919
14178,1,8765
14178,1,8806
2591,0,14180
3207,0,14180
4182,0,14180
10408,2,14180
14180,1,6079
14180,1,6346
14180,1,6470
14180,1,7927
14180,1,8477
14180,1,8726
14180,1,8876
14180,1,9203
14180,3,13883
650,0,14183
956,0,14183
5210,0,14183
10408,2,14183
14183,1,5929
14183,1,5970
14183,1,6009
14183,1,6086
14183,1,6344
14183,1,7328
14183,1,7593
14183,3,14184
14183,3,13904
14183,3,13798
14183,3,13960
2158,0,14188
10408,2,14188
14188,1,5992
14188,1,6908
14188,1,7319
14188,1,8256
2158,0,14189
10408,2,14189
14189,1,5992
14189,1,6247
14189,1,6346
14189,1,6614
14189,1,7526
14189,3,14228
2158,0,14190
2745,0,14190
5672,0,14190
10408,2,14190
14190,1,6012
14190,1,6013
14190,1,6255
14190,1,6452
14190,1,6922
14190,3,13750
14190,3,13865
2158,0,14191
3744,0,14191
10408,2,14191
14191,1,5946
14191,1,6087
14191,1,6210
14191,1,6336
14191,1,7583
14191,3,13967
14191,3,14034
739,0,14192
876,0,14192
3311,0,14192
3312,0,14192
3467,0,14192
4389,0,14192
5485,0,14192
10408,2,14192
14192,1,6013
14192,1,6051
14192,1,6086
14192,1,6255
14192,1,6371
14192,1,6466
14192,3,11588
14192,3,14133
14192,3,13807
14192,3,14083
614,0,14193
1625,0,14193
10408,2,14193
14193,1,5992
14193,1,6086
14193,1,6087
14193,1,6216
14193,1,6262
14193,3,14048
1862,0,14194
2045,0,14194
10408,2,14194
14194,1,5956
14194,1,5970
14194,1,6078
14194,1,6086
14194,1,6435
14194,1,6458
14194,1,6497
14194,1,7047
3938,0,14196
5673,0,14196
5674,0,14196
5675,0,14196
5676,0,14196
10408,2,14196
14196,1,5936
14196,1,5981
14196,1,5992
14196,1,6185
14196,1,6205
14196,1,6214
14196,1,6577
14196,1,7358
14196,1,8767
1397,0,14197
3767,0,14197
10408,2,14197
14197,1,5972
14197,1,5978
14197,1,6255
14197,1,6344
14197,1,9946
14197,3,14195
14197,3,14079
14197,3,14012
14197,3,14125
1397,0,14198
3767,0,14198
10408,2,14198
14198,1,5972
14198,1,5978
14198,1,6185
14198,1,6255
14198,1,6344
14198,1,6462
14198,1,6479
14198,1,7106
14198,3,14195
14198,3,14012
14198,3,14034
14198,3,14125
14198,3,14197
14198,3,14284
1113,0,14199
3767,0,14199
3937,0,14199
5677,0,14199
10408,2,14199
14199,1,5915
14199,1,5950
14199,1,6277
14199,1,6580
14199,1,6766
14199,3,13815
14199,3,14185
14199,3,12253
1711,0,14201
3754,0,14201
5669,0,14201
10408,2,14201
14201,1,5936
14201,1,6247
14201,1,6623
14201,1,8790
14201,3,13898
14201,3,14172
1678,0,14203
3888,0,14203
10408,2,14203
14203,1,5970
14203,1,6276
14203,1,6484
14203,1,7341
14203,1,7412
14203,1,7474
14203,1,7670
704,0,14204
4446,0,14204
4521,0,14204
10408,2,14204
14204,1,6091
14204,1,6322
14204,1,6400
14204,1,6424
14204,3,13807
14204,3,10715
573,0,14205
1479,0,14205
1534,0,14205
2386,0,14205
3513,0,14205
4358,0,14205
10408,2,14205
14205,1,5970
14205,1,5992
14205,1,6250
14205,1,6716
14205,1,6744
14205,1,8219
14205,3,10874
14205,3,14168
14205,3,13936
14205,3,15589
1254,0,14207
1760,0,14207
10408,2,14207
14207,1,6479
14207,1,6485
14207,1,6726
14207,1,7499
14207,1,7681
14207,1,8575
14207,3,14020
1787,0,14208
2046,0,14208
10408,2,14208
14208,1,5945
14208,1,6084
14208,1,7598
14208,1,9074
14208,3,13813
14208,3,13969
14208,3,14181
1787,0,14209
2046,0,14209
10408,2,14209
14209,1,6084
14209,1,6110
14209,1,6167
14209,1,6245
14209,1,6266
14209,1,6913
14209,1,7598
14209,3,13969
14209,3,14208
1100,0,14210
3313,0,14210
3413,0,14210
10408,2,14210
14210,1,5970
14210,1,6096
14210,1,6226
14210,1,6352
14210,1,6577
14210,1,7192
14210,1,7562
14210,3,14233
14210,3,14587
5678,0,14214
5679,0,14214
5680,0,14214
5681,0,14214
10408,2,14214
14214,1,5930
14214,1,5945
14214,1,5970
14214,1,5992
14214,1,6063
14214,1,6083
14214,1,6247
2017,0,14215
3744,0,14215
10408,2,14215
14215,1,5992
14215,1,6247
14215,1,6583
14215,1,6766
14215,1,7906
14215,1,8077
14215,1,9072
2382,0,14216
5682,0,14216
10408,2,14216
14216,1,5970
14216,1,6276
14216,1,6506
14216,1,6996
14216,1,8319
83,0,14217
231,0,14217
319,0,14217
320,0,14217
1798,0,14217
2414,0,14217
10408,2,14217
14217,1,5970
14217,1,6386
14217,1,6405
14217,1,6817
14217,1,9154
14217,1,9948
154,0,14219
1711,0,14219
10408,2,14219
14219,1,6003
14219,1,6453
14219,1,7687
14219,1,8070
14219,1,8226
14219,3,12859
14219,3,14012
841,0,14221
1007,0,14221
3299,0,14221
10408,2,14221
14221,1,5996
14221,1,6247
14221,1,6550
14221,1,6585
14221,1,8110
14221,1,9475
14221,3,15570
14221,3,13898
14221,3,14172
14221,3,10874
14221,3,14104
14221,3,15635
1608,0,14222
3299,0,14222
10408,2,14222
14222,1,5970
14222,1,5996
14222,1,6003
14222,1,6033
14222,1,6255
14222,1,6299
14222,1,6386
14222,1,6485
14222,1,6951
14222,1,7071
14222,1,7688
14222,1,7835
14222,3,13981
14222,3,11177
14222,3,14125
14222,3,14286
1403,0,14223
1705,0,14223
4578,0,14223
5495,0,14223
5683,0,14223
10408,2,14223
14223,1,6005
14223,1,6131
14223,1,6255
14223,1,6363
14223,1,6565
14223,1,6749
14223,1,7595
14223,3,14152
1104,0,14224
4794,0,14224
10408,2,14224
14224,1,5921
14224,1,5970
14224,1,5976
14224,1,6086
14224,1,6096
14224,1,6133
14224,1,6386
14224,1,6529
14224,1,7054
14224,1,7441
14224,1,7846
14224,3,12220
1662,0,14225
1860,0,14225
2007,0,14225
10408,2,14225
14225,1,5956
14225,1,6012
14225,1,6297
14225,1,6428
14225,1,6797
14225,1,6999
14225,3,14181
14225,3,13865
14225,3,14133
14225,3,13807
405,0,14226
3080,0,14226
3081,0,14226
10408,2,14226
14226,1,6185
14226,1,6207
14226,1,6253
14226,1,6309
14226,1,6337
14226,1,6361
14226,1,6407
14226,1,6531
14226,3,13788
14226,3,14810
14226,3,14267
14226,3,14117
14226,3,14137
14226,3,13811
14226,3,15322
14226,3,13807
14226,3,14095
14226,3,10770
14226,3,11364
14226,3,14068
14226,3,10956
14226,3,14225
14226,3,10715
2212,0,14227
3461,0,14227
3813,0,14227
10408,2,14227
14227,1,5992
14227,1,6644
14227,1,7815
14227,1,7861
14227,1,8736
2532,0,14228
3795,0,14228
10408,2,14228
14228,1,5997
14228,1,6255
14228,1,6391
14228,1,6483
14228,1,7634
14228,1,7958
14228,1,8249
14228,3,13813
2521,0,14232
3075,0,14232
10408,2,14232
14232,1,6086
14232,1,6403
14232,1,6452
14232,1,7891
14232,1,8800
14232,1,9950
14232,3,13972
1100,0,14233
3313,0,14233
4571,0,14233
10408,2,14233
14233,1,5978
14233,1,6086
14233,1,6087
14233,1,6131
14233,1,6238
14233,1,6255
14233,1,6503
14233,1,7148
14233,1,7571
14233,3,14587
3887,0,14234
3936,0,14234
10408,2,14234
14234,1,5936
14234,1,6075
14234,1,6118
14234,1,6193
14234,1,6483
14234,1,6645
14234,1,7113
14234,1,8344
14234,3,14105
14234,3,13883
14234,3,10705
1177,0,14235
3206,0,14235
5684,0,14235
10408,2,14235
14235,1,5929
14235,1,5970
14235,1,6277
14235,1,6352
14235,1,6573
14235,1,6881
2530,0,14236
4770,0,14236
10408,2,14236
14236,1,6240
14236,1,6255
14236,1,6276
14236,1,9005
14236,1,9488
1751,0,14237
2331,0,14237
2408,0,14237
3837,0,14237
5685,0,14237
10408,2,14237
14237,1,5936
14237,1,6089
14237,1,6133
14237,1,6255
14237,1,6485
14237,1,8766
14237,3,14036
14237,3,13857
14237,3,13803
14237,3,14125
1662,0,14238
2049,0,14238
10408,2,14238
14238,1,6386
14238,1,6526
14238,1,6606
14238,1,7243
14238,1,8555
14238,3,14106
1589,0,14240
2578,0,14240
3228,0,14240
4124,0,14240
10408,2,14240
14240,1,6087
14240,1,6207
14240,1,6303
14240,1,6627
14240,1,6919
154,0,14241
2731,0,14241
3827,0,14241
10408,2,14241
14241,1,6605
14241,1,8904
14241,3,13823
14241,3,14284
47,0,14242
243,0,14242
2206,0,14242
2385,0,14242
2634,0,14242
4275,0,14242
5686,0,14242
10408,2,14242
14242,1,6247
14242,1,6322
14242,1,6783
14242,1,8397
14242,1,9000
14242,3,15056
14242,3,13786
14242,3,10794
450,0,14243
1534,0,14243
1887,0,14243
2206,0,14243
2386,0,14243
4576,0,14243
10408,2,14243
14243,1,5980
14243,1,6052
14243,1,6067
14243,1,6079
14243,1,6194
14243,1,6250
14243,1,8548
14243,1,9951
1666,0,14244
5327,0,14244
10408,2,14244
14244,1,6086
14244,1,6266
14244,1,6350
14244,1,6452
14244,1,6453
14244,1,6714
14244,1,8562
14244,1,8787
14244,1,9902
14244,3,14102
1566,0,14245
2206,0,14245
4390,0,14245
10408,2,14245
14245,1,6003
14245,1,6255
14245,1,6485
14245,1,7086
14245,3,13981
14245,3,14095
14245,3,14125
14245,3,14012
2520,0,14246
2521,0,14246
10408,2,14246
14246,1,5996
14246,1,6003
14246,1,6255
14246,1,6277
14246,1,6485
14246,1,6499
14246,1,7847
14246,1,8558
14246,3,14125
2212,0,14247
2516,0,14247
10408,2,14247
14247,1,6089
14247,1,6351
14247,1,6483
14247,1,7115
14247,3,13947
2212,0,14248
2516,0,14248
10408,2,14248
14248,1,6383
14248,1,6418
14248,1,6585
14248,3,11033
2212,0,14249
3812,0,14249
3813,0,14249
10408,2,14249
14249,1,5936
14249,1,5992
14249,1,6005
14249,1,6185
14249,1,6258
14249,1,6716
14249,1,6846
14249,1,8747
2212,0,14250
3812,0,14250
3813,0,14250
10408,2,14250
14250,1,5970
14250,1,5992
14250,1,6012
14250,1,6346
14250,1,6392
14250,1,6418
14250,1,6453
14250,1,6652
14250,1,7348
14250,1,7526
2212,0,14251
3812,0,14251
3813,0,14251
10408,2,14251
14251,1,5970
14251,1,6005
14251,1,6012
14251,1,6346
14251,1,6367
14251,1,6392
14251,1,6708
14251,1,7204
14251,1,7526
14251,3,11133
2212,0,14252
2516,0,14252
3813,0,14252
10408,2,14252
14252,1,6089
14252,1,6418
14252,1,6452
14252,1,6453
14252,1,7038
14252,1,8148
14252,1,8770
14252,3,14104
4758,0,14253
10408,2,14253
14253,1,6086
14253,1,6097
14253,1,6165
14253,1,6255
14253,1,6604
14253,1,9952
1683,0,14257
1868,0,14257
2009,0,14257
4420,0,14257
4735,0,14257
5238,0,14257
5608,0,14257
5609,0,14257
10408,2,14257
14257,1,6110
14257,1,6164
14257,1,6483
14257,1,6569
14257,1,6846
14257,1,9865
14257,3,13969
14257,3,13834
14257,3,13960
14257,3,14218
14257,3,13806
14257,3,13958
14257,3,13840
2090,0,14258
2093,0,14258
2095,0,14258
3982,0,14258
4131,0,14258
4981,0,14258
5687,0,14258
10408,2,14258
14258,1,6312
14258,1,6755
14258,1,7506
14258,1,7604
14258,1,8038
14258,1,9122
2300,0,14259
2632,0,14259
2678,0,14259
10408,2,14259
14259,1,6086
14259,1,6087
14259,1,6193
14259,1,6420
14259,1,6697
14259,1,8668
247,0,14260
2057,0,14260
10408,2,14260
14260,1,5970
14260,1,5972
14260,1,5992
14260,1,6086
14260,1,6237
14260,1,6255
14260,1,6320
14260,1,6431
14260,1,6550
14260,3,13922
14260,3,13793
247,0,14261
2057,0,14261
10408,2,14261
14261,1,6075
14261,1,6171
14261,1,6185
14261,1,6431
14261,1,6726
14261,1,7514
14261,1,9953
14261,3,11108
14261,3,14260
2300,0,14262
2632,0,14262
2678,0,14262
10408,2,14262
14262,1,5947
14262,1,6052
14262,1,6276
14262,1,6486
14262,1,7189
14262,1,8449
14262,3,13749
14262,3,13956
393,0,14263
1534,0,14263
1803,0,14263
2389,0,14263
2390,0,14263
2643,0,14263
4784,0,14263
10408,2,14263
14263,1,5970
14263,1,6311
14263,1,6351
14263,1,6447
14263,1,6559
14263,1,8184
14263,1,9954
14263,3,12953
14263,3,13965
14263,3,15101
14263,3,11055
14263,3,14212
14263,3,15645
5493,0,14264
10408,2,14264
14264,1,6086
14264,1,6091
14264,1,6228
14264,1,6314
14264,1,6420
14264,1,6874
14264,1,7105
14264,1,7556
699,0,14265
2390,0,14265
5688,0,14265
10408,2,14265
14265,1,5921
14265,1,5966
14265,1,6012
14265,1,6247
14265,1,6428
14265,1,8898
14265,3,15637
14265,3,14499
14265,3,14267
14265,3,13964
14265,3,14152
14265,3,13959
14265,3,13840
823,0,14266
3978,0,14266
4763,0,14266
10408,2,14266
14266,1,5996
14266,1,6131
14266,1,6538
14266,1,7012
14266,3,13806
1683,0,14269
3625,0,14269
5333,0,14269
10408,2,14269
14269,1,6447
14269,1,6452
14269,1,7815
14269,1,9955
14269,3,13758
35,0,14270
3111,0,14270
10408,2,14270
14270,1,6079
14270,1,6315
14270,1,6344
14270,1,7284
14270,3,14271
14270,3,14066
14270,3,12883
14270,3,11021
14270,3,11801
14270,3,13791
4,0,14271
35,0,14271
3111,0,14271
10408,2,14271
14271,1,5936
14271,1,6079
14271,1,6344
14271,1,6488
14271,1,6559
14271,1,6775
14271,1,7284
14271,3,13791
14271,3,13883
14271,3,11801
14271,3,14066
4741,0,14273
10408,2,14273
14273,1,5915
14273,1,6063
14273,1,6478
14273,1,8724
295,0,14274
2400,0,14274
5157,0,14274
5163,0,14274
10408,2,14274
14274,1,5915
14274,1,5936
14274,1,5996
14274,1,6366
14274,1,6380
14274,1,6386
14274,1,6582
14274,1,6744
14274,1,6761
14274,1,8491
35,0,14275
3111,0,14275
3677,0,14275
3830,0,14275
10408,2,14275
14275,1,5929
14275,1,5970
14275,1,6052
14275,1,6197
14275,1,6403
14275,1,7019
14275,1,7885
14275,3,13867
14275,3,10720
14275,3,12164
1644,0,14276
2528,0,14276
3745,0,14276
10408,2,14276
14276,1,5972
14276,1,6003
14276,1,6086
14276,1,6255
14276,1,6609
14276,1,6610
14276,1,6697
14276,1,7518
14276,3,14034
14276,3,14125
14276,3,14284
14276,3,14286
322,0,14277
323,0,14277
573,0,14277
1534,0,14277
1556,0,14277
2386,0,14277
2390,0,14277
10408,2,14277
14277,1,5936
14277,1,5970
14277,1,6087
14277,1,6627
14277,1,6645
14277,1,7448
14277,1,8647
14277,3,13965
14277,3,15620
323,0,14278
573,0,14278
1534,0,14278
1556,0,14278
2386,0,14278
10408,2,14278
14278,1,5996
14278,1,6071
14278,1,6193
14278,1,6538
14278,1,6766
14278,3,11791
14278,3,13806
14278,3,13823
14278,3,13840
1534,0,14279
1556,0,14279
1658,0,14279
2206,0,14279
2386,0,14279
5689,0,14279
10408,2,14279
14279,1,5992
14279,1,5996
14279,1,6247
14279,1,6418
14279,1,6538
14279,1,7807
14279,3,12836
14279,3,15632
14279,3,13143
1534,0,14281
2206,0,14281
2386,0,14281
3879,0,14281
5253,0,14281
10408,2,14281
14281,1,5921
14281,1,5945
14281,1,5992
14281,1,6247
14281,1,7448
14281,3,13960
14281,3,13881
14281,3,14039
229,0,14282
393,0,14282
1534,0,14282
1598,0,14282
2206,0,14282
2389,0,14282
2643,0,14282
2661,0,14282
10408,2,14282
14282,1,6301
14282,1,6386
14282,1,6406
14282,1,6612
14282,1,6943
14282,1,7627
14282,1,9154
14282,1,9956
14282,3,12184
14282,3,12174
14282,3,13128
14282,3,11016
568,0,14283
1680,0,14283
1711,0,14283
10408,2,14283
14283,1,5918
14283,1,6005
14283,1,6255
14283,1,6452
14283,1,6754
14283,1,7783
14283,1,7823
14283,3,13776
14283,3,13831
14283,3,14012
14283,3,14284
14283,3,14293
1680,0,14284
1711,0,14284
10408,2,14284
14284,1,5918
14284,1,5972
14284,1,5978
14284,1,6086
14284,1,6089
14284,1,6255
14284,1,6609
14284,1,6610
14284,1,7170
14284,1,8647
14284,3,14195
14284,3,14079
14284,3,14181
14284,3,14125
769,0,14285
2121,0,14285
10408,2,14285
14285,1,5929
14285,1,5992
14285,1,6323
14285,1,6347
14285,1,6367
14285,1,6716
14285,1,7517
1680,0,14286
1711,0,14286
10408,2,14286
14286,1,5972
14286,1,5978
14286,1,6086
14286,1,6255
14286,1,8226
14286,3,14079
14286,3,14012
14286,3,14034
14286,3,14125
14286,3,14181
14286,3,14284
257,0,14287
10408,2,14287
14287,1,5970
14287,1,6087
14287,1,6206
14287,1,6405
14287,1,6697
14287,1,7805
14287,1,8314
14287,3,13802
14287,3,14023
14287,3,13750
14287,3,13967
14287,3,14161
14287,3,14034
14287,3,14284
14287,3,14288
257,0,14288
727,0,14288
10408,2,14288
14288,1,6022
14288,1,6087
14288,1,7885
14288,1,7907
14288,1,8701
14288,3,14013
14288,3,13967
14288,3,14161
14288,3,10815
769,0,14289
2121,0,14289
5690,0,14289
5691,0,14289
10408,2,14289
14289,1,5936
14289,1,5937
14289,1,6096
14289,1,6097
14289,1,6215
14289,1,6363
14289,1,6749
14289,1,7017
14289,1,7384
14289,1,7474
14289,3,14130
14289,3,13855
14289,3,14110
14289,3,15621
1803,0,14290
2643,0,14290
2958,0,14290
3480,0,14290
3481,0,14290
3784,0,14290
3806,0,14290
10408,2,14290
14290,1,5929
14290,1,5936
14290,1,6386
14290,1,6505
14290,1,6528
14290,1,7250
14290,1,7906
14290,1,8521
1144,0,14291
1691,0,14291
1692,0,14291
10408,2,14291
14291,1,5936
14291,1,6084
14291,1,6255
14291,1,6277
14291,1,6386
14291,1,6453
14291,1,6479
14291,1,6526
14291,3,13815
14291,3,14071
14291,3,14034
14291,3,14012
14291,3,13948
200,0,14292
1146,0,14292
2413,0,14292
10408,2,14292
14292,1,5929
14292,1,6386
14292,1,7049
14292,1,8115
14292,1,8629
14292,3,12199
14292,3,10743
257,0,14293
727,0,14293
4092,0,14293
10408,2,14293
14293,1,6075
14293,1,6087
14293,1,6206
14293,1,6767
14293,1,7616
14293,3,14079
14293,3,13778
14293,3,12253
14293,3,11022
14293,3,14284
14293,3,14288
247,0,14294
1030,0,14294
1031,0,14294
10408,2,14294
14294,1,5992
14294,1,6018
14294,1,6185
14294,1,6242
14294,1,6320
14294,1,6407
14294,1,6726
14294,1,8166
14294,1,8497
14294,1,9953
14294,3,13846
14294,3,14261
274,0,14295
1110,0,14295
3832,0,14295
5306,0,14295
10408,2,14295
14295,1,5918
14295,1,6005
14295,1,6087
14295,1,6206
14295,1,6320
14295,1,6487
14295,1,7731
14295,3,14161
14295,3,14287
14295,3,14288
1146,0,14296
2413,0,14296
10408,2,14296
14296,1,5929
14296,1,5970
14296,1,6065
14296,1,6297
14296,1,6525
14296,1,6749
14296,3,13897
1146,0,14297
2413,0,14297
10408,2,14297
14297,1,5992
14297,1,6000
14297,1,6018
14297,1,6343
14297,1,7768
14297,3,13821
14297,3,15552
16,0,14298
1534,0,14298
2114,0,14298
2206,0,14298
2389,0,14298
2390,0,14298
2643,0,14298
2644,0,14298
10408,2,14298
14298,1,5945
14298,1,5970
14298,1,5992
14298,1,6247
14298,1,6321
14298,1,6432
14298,1,8628
14298,3,13897
14298,3,14279
14298,3,14283
14298,3,13831
14298,3,14254
14298,3,15645
312,0,14299
5692,0,14299
10408,2,14299
14299,1,5915
14299,1,5992
14299,1,6086
14299,1,6237
14299,1,6644
1674,0,14300
4421,0,14300
10408,2,14300
14300,1,6079
14300,1,6255
14300,1,6943
14300,1,7662
14300,1,8561
739,0,14301
1647,0,14301
3971,0,14301
4748,0,14301
10408,2,14301
14301,1,5921
14301,1,6028
14301,1,6075
14301,1,6086
14301,1,6185
14301,1,6255
14301,1,6303
14301,1,6471
14301,1,6683
14301,1,6953
14301,1,7796
14301,1,9957
14301,3,14268
14301,3,13876
14301,3,13826
14301,3,13951
22,0,14302
234,0,14302
268,0,14302
10408,2,14302
14302,1,5921
14302,1,5970
14302,1,6164
14302,1,6222
14302,1,6238
14302,1,6667
14302,1,7577
14302,3,10855
14302,3,14039
1483,0,14303
1501,0,14303
1599,0,14303
10408,2,14303
14303,1,5970
14303,1,6016
14303,1,6249
14303,1,6444
14303,1,8590
14303,1,9958
14303,3,14339
808,0,14306
3094,0,14306
3377,0,14306
3380,0,14306
3381,0,14306
3383,0,14306
4270,0,14306
5694,0,14306
10409,2,14306
14306,1,6221
14306,1,6250
14306,1,7430
14306,1,9343
808,0,14308
2439,0,14308
3377,0,14308
3381,0,14308
10409,2,14308
14308,1,5995
14308,1,6013
14308,1,6139
14308,1,6250
14308,1,6474
14308,1,6616
14308,1,6855
14308,1,7430
14308,3,12854
14308,3,14599
14308,3,13491
14308,3,14616
14308,3,14682
14308,3,15349
14308,3,14793
14308,3,14807
3331,0,14309
3381,0,14309
10409,2,14309
14309,1,5951
14309,1,6118
14309,1,6185
14309,1,6302
14309,1,6642
14309,1,7831
14309,3,13523
14309,3,14329
14309,3,14651
14309,3,14735
14309,3,13522
14309,3,15360
14309,3,15177
14309,3,14689
14309,3,14539
14309,3,14592
14309,3,14562
14309,3,14674
2327,0,14310
3331,0,14310
3381,0,14310
10409,2,14310
14310,1,6001
14310,1,6185
14310,1,6301
14310,1,6309
14310,1,6359
14310,1,8344
14310,3,14441
14310,3,14329
14310,3,14326
14310,3,14599
14310,3,14887
14310,3,14856
14310,3,11395
14310,3,14430
14310,3,14436
14310,3,15017
14310,3,15100
14310,3,11477
14310,3,14573
14310,3,15170
14310,3,15293
3381,0,14311
3382,0,14311
10409,2,14311
14311,1,6043
14311,1,6303
14311,1,6361
14311,3,13491
14311,3,13542
14311,3,14541
14311,3,15103
14311,3,14558
14311,3,14682
14311,3,14719
3130,0,14312
3377,0,14312
3378,0,14312
10409,2,14312
14312,1,6424
14312,1,7979
14312,3,14441
14312,3,13523
14312,3,14329
14312,3,14599
14312,3,14735
14312,3,14616
14312,3,14688
14312,3,14600
14312,3,14592
14312,3,14309
14312,3,12852
14312,3,15209
3130,0,14313
3377,0,14313
3378,0,14313
10409,2,14313
14313,1,6424
14313,1,7979
14313,1,9962
14313,3,14616
14313,3,14688
14313,3,14343
14313,3,14312
1890,0,14314
3368,0,14314
3377,0,14314
10409,2,14314
14314,1,5936
14314,1,5947
14314,1,6003
14314,1,6250
14314,1,6705
14314,1,7420
14314,1,7443
14314,1,9963
14314,3,15180
14314,3,10742
2439,0,14316
3094,0,14316
3351,0,14316
3377,0,14316
4270,0,14316
10409,2,14316
14316,1,6206
14316,1,6795
14316,1,7430
14316,1,8306
14316,1,8970
14316,3,14599
14316,3,14682
14316,3,14406
14316,3,15432
14316,3,15230
14316,3,15204
14316,3,14616
1817,0,14317
2141,0,14317
2492,0,14317
3345,0,14317
3352,0,14317
3355,0,14317
3356,0,14317
3395,0,14317
3396,0,14317
3398,0,14317
4842,0,14317
5695,0,14317
5696,0,14317
5697,0,14317
5698,0,14317
5699,0,14317
10409,2,14317
14317,1,6136
14317,1,6250
14317,1,7430
14317,1,9964
3330,0,14318
3331,0,14318
4812,0,14318
5484,0,14318
5700,0,14318
5701,0,14318
10409,2,14318
14318,1,5984
14318,1,6295
14318,1,6376
14318,1,6531
14318,1,7470
14318,1,8963
14318,1,9287
14318,3,14856
14318,3,15017
175,0,14319
177,0,14319
1987,0,14319
2846,0,14319
2847,0,14319
10409,2,14319
14319,1,6001
14319,1,6249
14319,1,6252
14319,1,6346
14319,1,6589
14319,3,14883
14319,3,14519
14319,3,14617
14319,3,15287
14319,3,14789
314,0,14320
360,0,14320
4017,0,14320
5702,0,14320
10409,2,14320
14320,1,5936
14320,1,6003
14320,1,6018
14320,1,6043
14320,1,6801
14320,1,6892
14320,1,7474
14320,1,7641
14320,1,7970
175,0,14321
176,0,14321
177,0,14321
2845,0,14321
2846,0,14321
2849,0,14321
10409,2,14321
14321,1,6005
14321,1,6185
14321,1,6249
14321,1,6798
14321,1,6956
14321,3,15567
14321,3,14319
14321,3,14370
14321,3,15110
14321,3,15287
3330,0,14322
3331,0,14322
4812,0,14322
10409,2,14322
14322,1,6214
14322,1,6301
14322,1,6307
14322,1,6371
14322,1,6376
14322,1,7304
14322,1,7314
14322,1,7470
14322,1,8963
14322,3,14856
14322,3,15017
2951,0,14327
3239,0,14327
4502,0,14327
10409,2,14327
14327,1,5949
14327,1,6410
14327,1,9796
3239,0,14330
4366,0,14330
4502,0,14330
4503,0,14330
10409,2,14330
14330,1,6250
14330,1,6739
14330,1,6833
14330,1,7239
14330,1,9916
330,0,14332
2729,0,14332
4209,0,14332
4821,0,14332
5228,0,14332
5703,0,14332
5704,0,14332
5705,0,14332
5706,0,14332
5707,0,14332
5708,0,14332
5709,0,14332
5710,0,14332
10409,2,14332
14332,1,6376
14332,1,6574
14332,1,6886
14332,1,7470
14332,1,8963
14332,1,9965
14332,3,14553
382,0,14333
1428,0,14333
2837,0,14333
10409,2,14333
14333,1,5970
14333,1,6146
14333,1,6149
14333,1,6308
14333,1,6322
14333,1,6337
14333,3,14837
14333,3,14599
14333,3,15137
14333,3,15252
14333,3,11633
14333,3,15093
14333,3,11404
305,0,14335
3239,0,14335
4503,0,14335
4916,0,14335
5711,0,14335
5712,0,14335
10409,2,14335
14335,1,6250
14335,1,6324
14335,1,9182
14335,1,9966
1817,0,14336
2492,0,14336
3356,0,14336
3393,0,14336
3394,0,14336
3395,0,14336
3396,0,14336
3398,0,14336
4451,0,14336
5713,0,14336
5714,0,14336
5715,0,14336
5716,0,14336
10409,2,14336
14336,1,6303
14336,1,6309
14336,1,6623
14336,1,7430
14336,1,7539
14336,1,9967
14336,3,14428
14336,3,14317
14336,3,11501
3437,0,14337
3591,0,14337
10409,2,14337
14337,1,5946
14337,1,5949
14337,1,6086
14337,1,6237
14337,1,6337
14337,1,6386
14337,1,6534
14337,1,9414
14337,1,9968
3437,0,14338
3591,0,14338
5717,0,14338
5718,0,14338
5719,0,14338
10409,2,14338
14338,1,5982
14338,1,6034
14338,1,6254
14338,1,6386
14338,1,6475
14338,1,6587
14338,1,9969
1501,0,14339
1599,0,14339
3440,0,14339
10409,2,14339
14339,1,6016
14339,1,6096
14339,1,6249
14339,1,6295
14339,1,6386
14339,3,11653
14339,3,14845
2327,0,14342
3330,0,14342
3331,0,14342
10409,2,14342
14342,1,5949
14342,1,6247
14342,1,6410
14342,1,6554
14342,1,8377
14342,1,9023
3094,0,14343
3377,0,14343
10409,2,14343
14343,1,6185
14343,1,6206
14343,1,6309
14343,1,6623
14343,1,7430
14343,1,10009
14343,3,14316
3188,0,14344
4519,0,14344
5720,0,14344
10409,2,14344
14344,1,6250
14344,1,7113
14344,1,7745
14344,1,10010
1964,0,14345
2491,0,14345
2630,0,14345
2896,0,14345
2953,0,14345
3341,0,14345
4796,0,14345
5572,0,14345
10409,2,14345
14345,1,5992
14345,1,6165
14345,1,6272
14345,1,6295
14345,1,6374
14345,1,10011
14345,3,14673
14345,3,15308
5721,0,14346
10409,2,14346
14346,1,5936
14346,1,6003
14346,1,6331
14346,1,7361
14346,1,7641
14346,1,10012
2488,0,14347
2854,0,14347
3457,0,14347
4509,0,14347
10409,2,14347
14347,1,6050
14347,1,6322
14347,1,6575
14347,1,6855
14347,3,14605
14347,3,14737
14347,3,15295
14347,3,13508
14347,3,13548
1890,0,14348
2487,0,14348
3537,0,14348
3846,0,14348
4152,0,14348
10409,2,14348
14348,1,6000
14348,1,6250
14348,1,6663
14348,1,6812
14348,1,7158
14348,3,13604
14348,3,13485
14348,3,14465
14348,3,11427
14348,3,14517
14348,3,15137
14348,3,13593
14348,3,15306
14348,3,15405
2854,0,14349
2869,0,14349
3457,0,14349
3844,0,14349
10409,2,14349
14349,1,6127
14349,1,6249
14349,1,6359
14349,1,7243
14349,1,7464
14349,1,9017
2488,0,14351
2854,0,14351
5548,0,14351
10409,2,14351
14351,1,6006
14351,1,6016
14351,1,6071
14351,1,6249
14351,1,6386
14351,1,10013
14351,3,13833
14351,3,11225
14351,3,11653
14351,3,11239
14351,3,14114
14351,3,15518
14351,3,11632
2119,0,14355
3391,0,14355
10409,2,14355
14355,1,5992
14355,1,6039
14355,1,6127
14355,1,6185
14355,1,6416
14355,1,6759
14355,3,14495
14355,3,14125
2676,0,14358
3040,0,14358
4910,0,14358
5722,0,14358
10409,2,14358
14358,1,6127
14358,1,6416
14358,1,6721
14358,3,15552
14358,3,11579
2141,0,14360
3342,0,14360
3353,0,14360
3354,0,14360
10409,2,14360
14360,1,6303
14360,1,6309
14360,1,7430
14360,1,7845
14360,1,9007
14360,1,9967
14360,3,14666
14360,3,14719
14360,3,14534
14360,3,11250
14360,3,11501
14360,3,13622
14360,3,14359
2141,0,14361
3353,0,14361
3354,0,14361
10409,2,14361
14361,1,6136
14361,1,6303
14361,1,6309
14361,1,6377
14361,1,6381
14361,1,6435
14361,1,7430
14361,1,10015
14361,3,13491
189,0,14363
2179,0,14363
3026,0,14363
10409,2,14363
14363,1,6248
14363,1,6249
14363,1,6346
14363,1,6571
14363,1,6659
14363,1,8441
14363,1,9011
2140,0,14364
2953,0,14364
3829,0,14364
3844,0,14364
4769,0,14364
5723,0,14364
10409,2,14364
14364,1,6290
14364,1,7763
14364,1,8912
14364,3,14366
14364,3,10757
14364,3,11466
14364,3,11640
14364,3,14727
3829,0,14365
5723,0,14365
5724,0,14365
5725,0,14365
10409,2,14365
14365,1,6426
14365,1,6558
14365,1,7597
14365,3,14727
1964,0,14368
2635,0,14368
2636,0,14368
3996,0,14368
4922,0,14368
5726,0,14368
10409,2,14368
14368,1,6013
14368,1,6250
14368,1,6295
14368,1,6306
14368,1,7345
14368,1,7553
14368,3,14581
14368,3,14419
14368,3,14946
14368,3,14702
3012,0,14369
10409,2,14369
14369,1,5920
14369,1,5977
14369,1,5996
14369,1,6322
14369,1,6409
14369,3,13501
14369,3,14955
14369,3,14764
1885,0,14370
3154,0,14370
4582,0,14370
4818,0,14370
10409,2,14370
14370,1,5936
14370,1,6249
14370,1,6250
14370,1,7650
14370,1,7681
14370,1,10016
2860,0,14379
3537,0,14379
3909,0,14379
4146,0,14379
10409,2,14379
14379,1,6005
14379,1,6249
14379,1,6253
14379,1,6416
14379,1,6675
14379,1,8992
14379,3,14348
14379,3,14670
14379,3,14853
14379,3,14555
14379,3,14960
14379,3,11427
14379,3,15253
14379,3,11737
14379,3,14935
14379,3,14517
805,0,14380
2606,0,14380
2895,0,14380
3379,0,14380
3909,0,14380
4020,0,14380
5728,0,14380
10409,2,14380
14380,1,6249
14380,1,6410
14380,1,6911
14380,1,7859
14380,1,10017
14380,3,14374
14380,3,14660
1890,0,14381
3537,0,14381
3909,0,14381
4144,0,14381
10409,2,14381
14381,1,5924
14381,1,5936
14381,1,6003
14381,1,6229
14381,1,6428
14381,1,6663
14381,1,6825
14381,1,6836
14381,1,7149
14381,3,14522
14381,3,15112
1890,0,14382
3909,0,14382
5727,0,14382
10409,2,14382
14382,1,5967
14382,1,6139
14382,1,6260
14382,1,6371
14382,1,6444
14382,1,7058
14382,1,7450
14382,1,7634
14382,3,14374
14382,3,14945
14382,3,11458
14382,3,15248
14382,3,14950
14382,3,14486
2064,0,14383
2065,0,14383
2066,0,14383
4176,0,14383
10409,2,14383
14383,1,6078
14383,1,6181
14383,1,6250
14383,1,6351
14383,1,6435
14383,1,6436
14383,1,6833
14383,1,7443
14383,1,8179
14383,1,8333
14383,3,14304
14383,3,14525
14383,3,14524
14383,3,14404
14383,3,15219
14383,3,11339
14383,3,14938
14383,3,15195
14383,3,15161
14383,3,11360
14383,3,11226
14383,3,13504
14383,3,14637
14383,3,14602
1901,0,14384
2064,0,14384
2579,0,14384
4529,0,14384
10409,2,14384
14384,1,5980
14384,1,6509
14384,1,6513
14384,1,6801
14384,1,7268
14384,3,12893
14384,3,14304
14384,3,14815
14384,3,11712
14384,3,14324
14384,3,11942
14384,3,11955
2859,0,14385
10409,2,14385
14385,1,5949
14385,1,6295
14385,1,7116
14385,1,7358
14385,1,7384
14385,1,7498
14385,1,9351
4907,0,14387
10409,2,14387
14387,1,5940
14387,1,6046
14387,1,6250
14387,1,6310
14387,1,9185
14387,1,9186
3992,0,14388
4612,0,14388
4907,0,14388
10409,2,14388
14388,1,5915
14388,1,6096
14388,1,6386
14388,1,6484
14388,1,8894
14388,3,14499
14388,3,14579
14388,3,15381
14388,3,12250
374,0,14389
1964,0,14389
2491,0,14389
2953,0,14389
2954,0,14389
3341,0,14389
10409,2,14389
14389,1,6095
14389,1,6272
14389,1,6295
14389,1,6645
14389,1,7223
14389,1,7357
14389,1,7641
14389,1,7832
14389,1,9026
14389,1,10011
3021,0,14390
3547,0,14390
10409,2,14390
14390,1,6136
14390,1,6249
14390,1,6250
14390,1,6445
14390,1,7430
14390,3,10757
14390,3,13491
4826,0,14391
10409,2,14391
14391,1,5992
14391,1,6046
14391,1,6729
4826,0,14392
10409,2,14392
14392,1,6295
14392,1,8132
14392,1,8781
2854,0,14393
3458,0,14393
4504,0,14393
10409,2,14393
14393,1,5936
14393,1,6247
14393,1,6249
14393,1,6386
14393,1,6623
14393,1,10019
14393,3,15518
1835,0,14394
2840,0,14394
2841,0,14394
5730,0,14394
5731,0,14394
10409,2,14394
14394,1,6147
14394,1,6250
14394,1,6413
14394,1,6648
14394,1,7775
14394,1,7821
14394,3,14745
2261,0,14395
2698,0,14395
4220,0,14395
4837,0,14395
5732,0,14395
5733,0,14395
10409,2,14395
14395,1,5970
14395,1,6323
14395,1,6367
14395,1,8269
14395,1,10020
14395,3,14588
14395,3,15553
3153,0,14396
4190,0,14396
10409,2,14396
14396,1,5947
14396,1,5970
14396,1,6185
14396,1,6283
14396,1,6424
14396,1,7487
14396,3,15093
14396,3,14917
14396,3,11640
14396,3,14517
1880,0,14397
4177,0,14397
4178,0,14397
4496,0,14397
10409,2,14397
14397,1,5921
14397,1,5939
14397,1,6156
14397,1,6185
14397,1,6249
14397,1,6761
14397,1,8916
1880,0,14398
2026,0,14398
2346,0,14398
2682,0,14398
2846,0,14398
5734,0,14398
10409,2,14398
14398,1,5992
14398,1,6028
14398,1,6046
14398,1,6412
14398,1,6520
14398,1,6766
14398,1,8387
1880,0,14399
2026,0,14399
2346,0,14399
3175,0,14399
3334,0,14399
10409,2,14399
14399,1,5990
14399,1,5992
14399,1,6003
14399,1,6028
14399,1,6220
14399,1,6331
14399,1,7691
173,0,14400
174,0,14400
4501,0,14400
10409,2,14400
14400,1,5924
14400,1,7136
14400,1,7445
14400,1,7555
14400,1,8077
14400,3,15404
14400,3,15478
14400,3,14715
14400,3,11373
14400,3,11356
14400,3,15203
1901,0,14401
2066,0,14401
2231,0,14401
3448,0,14401
10409,2,14401
14401,1,6079
14401,1,6193
14401,1,6205
14401,1,6250
14401,1,6421
14401,1,6739
14401,1,6858
14401,1,10021
14401,3,12904
14401,3,14304
3331,0,14406
4516,0,14406
10409,2,14406
14406,1,6185
14406,1,6333
14406,1,6424
14406,1,6766
14406,1,7321
14406,3,14323
14406,3,14329
14406,3,14549
14406,3,14409
14406,3,13516
14406,3,11404
14406,3,15017
14406,3,14559
14406,3,14746
14406,3,15360
14406,3,14735
14406,3,15432
3331,0,14407
4516,0,14407
10409,2,14407
14407,1,6185
14407,1,6333
14407,1,6696
14407,1,6961
14407,1,7321
14407,3,14323
14407,3,14329
14407,3,14549
14407,3,14406
14407,3,14735
14407,3,15360
14407,3,15177
14407,3,15432
14407,3,11404
14407,3,15100
14407,3,13538
14407,3,14746
14407,3,14409
14407,3,13542
14407,3,14539
14407,3,14559
3331,0,14408
4516,0,14408
10409,2,14408
14408,1,5915
14408,1,5936
14408,1,6118
14408,1,6295
14408,1,6465
14408,1,6531
14408,1,7751
14408,3,14441
14408,3,14856
14408,3,15017
14408,3,11685
3331,0,14409
3591,0,14409
4516,0,14409
10409,2,14409
14409,1,6134
14409,1,6590
14409,1,7561
14409,1,8604
14409,1,10022
14409,3,14323
14409,3,14651
14409,3,14549
14409,3,14595
14409,3,14735
14409,3,13598
14409,3,15360
14409,3,15177
14409,3,15170
14409,3,15100
14409,3,14689
14409,3,14746
1912,0,14410
10409,2,14410
14410,1,5947
14410,1,6000
14410,1,6707
1912,0,14411
10409,2,14411
14411,1,5990
14411,1,6026
14411,1,6364
14411,1,9341
244,0,14412
326,0,14412
329,0,14412
2911,0,14412
10409,2,14412
14412,1,5992
14412,1,6001
14412,1,6124
14412,1,6197
14412,1,6471
14412,1,10023
1504,0,14413
3865,0,14413
4694,0,14413
4695,0,14413
5062,0,14413
5736,0,14413
10409,2,14413
14413,1,6242
14413,1,6250
14413,1,6283
14413,1,8889
14413,1,10024
14413,1,10025
14413,3,14569
14413,3,13491
14413,3,14567
1193,0,14414
1195,0,14414
3360,0,14414
5737,0,14414
5738,0,14414
10409,2,14414
14414,1,6086
14414,1,6136
14414,1,6262
14414,1,10026
14414,3,14497
1688,0,14416
10409,2,14416
14416,1,5990
14416,1,6159
14416,1,6258
14416,1,6295
14416,1,6376
14416,1,7097
14416,1,9025
14416,3,14332
1603,0,14417
2074,0,14417
2087,0,14417
2630,0,14417
4158,0,14417
10409,2,14417
14417,1,5992
14417,1,6001
14417,1,6178
14417,1,6272
14417,1,6295
14417,1,6331
14417,1,6471
14417,1,8377
316,0,14418
10409,2,14418
14418,1,5926
14418,1,6249
14418,1,7832
14418,1,8912
14418,1,9186
14418,3,11378
376,0,14420
1806,0,14420
10409,2,14420
14420,1,5939
14420,1,5978
14420,1,5986
14420,1,6046
14420,1,7047
14420,1,7357
113,0,14421
1888,0,14421
2180,0,14421
4828,0,14421
10409,2,14421
14421,1,6249
14421,1,6436
14421,1,6528
14421,1,6878
14421,1,6956
14421,1,7222
14421,1,7481
14421,1,9499
14421,1,10027
14421,3,14791
14421,3,14833
14421,3,14715
14421,3,14845
14421,3,14789
14421,3,11658
14421,3,11703
2070,0,14422
2071,0,14422
10409,2,14422
14422,1,5982
14422,1,10028
3192,0,14423
3331,0,14423
4531,0,14423
10409,2,14423
14423,1,5915
14423,1,5945
14423,1,6185
14423,1,6406
14423,3,14735
14423,3,15055
14423,3,10743
14423,3,14409
1889,0,14425
4152,0,14425
4257,0,14425
10409,2,14425
14425,1,6150
14425,1,6153
14425,1,6689
14425,1,7509
14425,1,7812
14425,1,8881
14425,3,14731
14425,3,15439
14425,3,13601
14425,3,14341
337,0,14428
1514,0,14428
2342,0,14428
2493,0,14428
3338,0,14428
3339,0,14428
3340,0,14428
3341,0,14428
3342,0,14428
3344,0,14428
10409,2,14428
14428,1,6309
14428,1,6926
14428,1,9991
14428,1,10008
2327,0,14430
3331,0,14430
4812,0,14430
10409,2,14430
14430,1,5936
14430,1,5951
14430,1,6118
14430,1,6322
14430,1,6359
14430,1,6363
14430,1,6424
14430,1,7612
14430,3,14441
14430,3,14329
14430,3,14808
14430,3,14326
14430,3,11395
14430,3,15170
14430,3,11003
2327,0,14431
3331,0,14431
3403,0,14431
10409,2,14431
14431,1,6022
14431,1,6064
14431,1,6215
14431,1,6333
14431,1,6365
14431,1,6428
14431,1,6534
14431,3,13515
14431,3,14735
14431,3,15100
14431,3,14440
14431,3,14746
14431,3,14562
14431,3,14674
3331,0,14434
3991,0,14434
4812,0,14434
5336,0,14434
5740,0,14434
5741,0,14434
10409,2,14434
14434,1,6250
14434,1,6376
14434,1,7470
14434,1,8341
14434,1,8963
14434,3,14435
14434,3,14579
2439,0,14435
3331,0,14435
3991,0,14435
5740,0,14435
10409,2,14435
14435,1,5951
14435,1,6082
14435,1,6250
14435,1,6274
14435,1,6282
14435,1,6337
14435,1,8341
14435,3,13064
14435,3,15023
14435,3,15124
14435,3,14579
3331,0,14436
4812,0,14436
5567,0,14436
10409,2,14436
14436,1,6501
14436,1,7470
14436,1,7819
14436,3,14323
14436,3,14326
14436,3,14409
14436,3,11395
14436,3,14430
14436,3,15017
14436,3,15100
14436,3,11685
14436,3,15432
3331,0,14437
3401,0,14437
3992,0,14437
10409,2,14437
14437,1,6322
14437,1,6400
14437,1,6470
14437,1,7870
14437,1,8883
14437,1,10029
14437,3,13591
14437,3,14433
14437,3,14464
14437,3,14576
14437,3,14627
14437,3,15204
14437,3,11268
14437,3,11274
2964,0,14438
3331,0,14438
4838,0,14438
10409,2,14438
14438,1,6062
14438,1,6065
14438,1,6249
14438,1,6410
14438,1,6742
14438,1,8992
14438,3,11391
14438,3,15020
14438,3,15133
14438,3,15405
14438,3,15406
3331,0,14439
3375,0,14439
4838,0,14439
10409,2,14439
14439,1,6322
14439,1,6325
14439,1,7070
14439,1,7470
14439,1,8381
14439,3,14441
14439,3,14329
14439,3,14595
14439,3,14616
14439,3,14675
14439,3,14688
14439,3,14592
14439,3,11576
3331,0,14443
3375,0,14443
4812,0,14443
10409,2,14443
14443,1,6322
14443,1,6608
14443,1,7070
14443,1,7470
14443,1,7620
14443,1,8286
405,0,14444
3331,0,14444
10409,2,14444
14444,1,6295
14444,1,6415
14444,1,6531
14444,1,6550
371,0,14447
2699,0,14447
3502,0,14447
10409,2,14447
14447,1,6309
14447,1,6337
14447,1,6671
14447,1,10030
14447,3,11217
14447,3,14485
14447,3,14623
14447,3,15404
14447,3,15040
14447,3,14845
2695,0,14448
3231,0,14448
4836,0,14448
10409,2,14448
14448,1,6013
14448,1,6185
14448,1,6295
14448,1,6424
14448,1,8555
14448,3,14576
14448,3,11597
14448,3,15189
14448,3,15260
14448,3,11458
14448,3,15176
14448,3,14950
14448,3,11324
14448,3,14655
1083,0,14449
2732,0,14449
2733,0,14449
10409,2,14449
14449,1,6018
14449,1,6205
14449,1,6371
14449,1,6432
14449,1,7487
14449,3,14714
14449,3,11458
14449,3,15248
14449,3,14888
14449,3,14382
14449,3,14655
2106,0,14450
2645,0,14450
2646,0,14450
10409,2,14450
14450,1,5970
14450,1,6127
14450,1,6249
14450,1,6276
14450,1,6528
14450,1,6575
14450,1,6604
14450,1,6858
14450,1,7405
14450,1,10031
14450,3,14742
14450,3,14623
14450,3,15110
14450,3,10883
14450,3,14447
14450,3,14845
14450,3,11397
1996,0,14451
2866,0,14451
3682,0,14451
10409,2,14451
14451,1,5951
14451,1,5977
14451,1,6247
14451,1,6351
14451,1,6710
14451,1,7005
14451,1,8040
14451,3,11691
14451,3,11504
14451,3,15124
14451,3,11732
14451,3,15355
14451,3,15087
14451,3,15468
14451,3,14633
14451,3,14526
14451,3,13095
14451,3,13096
114,0,14452
275,0,14452
1434,0,14452
10409,2,14452
14452,1,5947
14452,1,6249
14452,1,6272
14452,1,6322
14452,1,10032
214,0,14453
1426,0,14453
1434,0,14453
3656,0,14453
4030,0,14453
10409,2,14453
14453,1,6226
14453,1,6250
14453,1,6401
14453,1,6425
14453,1,7599
14453,1,8252
14453,1,10033
2072,0,14454
3624,0,14454
4155,0,14454
10409,2,14454
14454,1,6250
14454,1,6322
14454,1,6485
14454,1,6614
14454,1,8155
14454,3,14329
14454,3,14541
14454,3,14721
14454,3,15332
14454,3,14720
2488,0,14455
2854,0,14455
3457,0,14455
4509,0,14455
10409,2,14455
14455,1,6016
14455,1,6249
14455,1,6490
14455,1,7609
14455,1,10034
4538,0,14457
4566,0,14457
4761,0,14457
10409,2,14457
14457,1,5992
14457,1,6012
14457,1,6247
14457,1,6421
14457,1,6716
14457,1,8218
14457,3,15574
14457,3,15544
2083,0,14459
10409,2,14459
14459,1,6000
14459,1,6096
14459,1,6221
14459,1,6250
14459,1,6385
14459,1,6471
14459,1,8536
1514,0,14462
1641,0,14462
2559,0,14462
2720,0,14462
3129,0,14462
3369,0,14462
3370,0,14462
3371,0,14462
3372,0,14462
5742,0,14462
10409,2,14462
14462,1,6016
14462,1,6353
14462,1,6354
1426,0,14463
1434,0,14463
2979,0,14463
2980,0,14463
3164,0,14463
3770,0,14463
4214,0,14463
10409,2,14463
14463,1,5948
14463,1,5978
14463,1,6065
14463,1,6250
14463,1,6314
14463,1,6425
14463,1,6560
14463,1,10035
4386,0,14468
10409,2,14468
14468,1,6136
14468,1,6241
14468,1,6250
14468,1,10036
169,0,14469
1532,0,14469
1889,0,14469
2905,0,14469
10409,2,14469
14469,1,6109
14469,1,6242
14469,1,6250
14469,1,6361
14469,1,6731
14469,1,6732
14469,1,6746
14469,1,8205
14469,3,13005
14469,3,14569
14469,3,14713
14469,3,14470
14469,3,12957
14469,3,13037
14469,3,11955
14469,3,13100
169,0,14470
1532,0,14470
1558,0,14470
2905,0,14470
2916,0,14470
10409,2,14470
14470,1,6109
14470,1,6367
14470,1,6620
14470,1,6746
14470,1,7558
14470,1,8304
14470,1,9746
14470,3,13156
14470,3,14366
14470,3,14713
14470,3,13037
14470,3,13100
1881,0,14471
2887,0,14471
4818,0,14471
4987,0,14471
10409,2,14471
14471,1,6835
14471,1,7898
14471,1,8181
14471,1,9369
14471,1,9422
14471,3,14436
14471,3,15084
14471,3,14856
14471,3,15017
14471,3,14442
14471,3,14592
1890,0,14474
2080,0,14474
2610,0,14474
3368,0,14474
10409,2,14474
14474,1,6162
14474,1,6303
14474,1,6359
14474,1,6808
14474,1,6830
14474,1,7404
14474,1,8559
14474,1,9256
14474,3,13499
14474,3,14311
14474,3,14680
14474,3,14719
14474,3,15099
14474,3,15103
14474,3,14744
2080,0,14475
2610,0,14475
3457,0,14475
4836,0,14475
10409,2,14475
14475,1,6052
14475,1,6078
14475,1,6193
14475,1,6250
14475,1,6367
14475,1,6542
14475,1,9798
14475,1,9799
14475,1,10037
14475,3,14366
14475,3,14651
14475,3,14794
14475,3,11003
3196,0,14477
4206,0,14477
4567,0,14477
10409,2,14477
14477,1,5915
14477,1,5992
14477,1,6178
14477,1,6237
14477,1,6250
14477,1,7922
14477,1,10039
14477,3,15296
218,0,14479
1888,0,14479
1889,0,14479
2019,0,14479
10409,2,14479
14479,1,6078
14479,1,6139
14479,1,6250
14479,1,6260
14479,1,6309
14479,1,6337
14479,1,6435
14479,1,10040
3231,0,14480
3335,0,14480
4388,0,14480
10409,2,14480
14480,1,6250
14480,1,6283
14480,1,6309
14480,1,6359
14480,1,6436
14480,3,14441
14480,3,14599
14480,3,13491
14480,3,15103
14480,3,15170
14480,3,14682
14480,3,14794
3231,0,14481
3335,0,14481
4388,0,14481
10409,2,14481
14481,1,5987
14481,1,6250
14481,1,6604
14481,1,6786
14481,3,13499
14481,3,14331
14481,3,14511
14481,3,14496
14481,3,14794
14481,3,14732
14481,3,13627
14481,3,13491
14481,3,11318
14481,3,11360
14481,3,11677
2610,0,14482
3613,0,14482
4862,0,14482
5317,0,14482
10409,2,14482
14482,1,6242
14482,1,6250
14482,1,6295
14482,1,6421
14482,1,7835
14482,1,8508
14482,3,13499
14482,3,14522
14482,3,13520
14482,3,11332
14482,3,14495
14482,3,14528
14482,3,15114
14482,3,15099
14482,3,15103
14482,3,15124
14482,3,14578
14482,3,11496
14482,3,15222
14482,3,15304
1881,0,14485
1996,0,14485
3098,0,14485
4340,0,14485
10409,2,14485
14485,1,5970
14485,1,6001
14485,1,6431
14485,1,6442
14485,1,7470
14485,1,7547
14485,1,7793
14485,1,8912
14485,3,14960
14485,3,14473
14485,3,15287
14485,3,15406
14485,3,15404
14485,3,14791
14485,3,14845
2493,0,14487
4857,0,14487
10409,2,14487
14487,1,6113
14487,1,6272
14487,1,6322
14487,1,6902
14487,1,6926
14487,1,8558
14487,3,14454
14487,3,14719
14487,3,14576
14487,3,14627
14487,3,15413
14487,3,15022
429,0,14488
2051,0,14488
4367,0,14488
4368,0,14488
4369,0,14488
10409,2,14488
14488,1,6001
14488,1,6250
14488,1,6413
14488,3,15549
2733,0,14489
3340,0,14489
3995,0,14489
5164,0,14489
10409,2,14489
14489,1,5949
14489,1,6185
14489,1,6232
14489,1,6270
14489,1,6768
14489,1,7673
14489,3,14534
14489,3,14617
14489,3,13587
14489,3,14720
14489,3,11656
2733,0,14490
3340,0,14490
3995,0,14490
5164,0,14490
10409,2,14490
14490,1,6046
14490,1,6141
14490,1,6353
14490,1,6354
14490,1,6768
14490,1,7922
14490,1,10041
14490,3,14489
2172,0,14492
2489,0,14492
4125,0,14492
5248,0,14492
5566,0,14492
10409,2,14492
14492,1,5992
14492,1,6028
14492,1,6250
14492,1,6331
14492,1,6526
14492,1,10042
14492,3,13532
14492,3,13495
14492,3,13619
14492,3,13533
3019,0,14493
3034,0,14493
5743,0,14493
5744,0,14493
10409,2,14493
14493,1,5990
14493,1,6000
14493,1,6028
14493,1,6258
14493,1,6456
14493,1,6715
14493,1,7641
14493,1,7683
14493,1,8150
834,0,14495
1195,0,14495
1357,0,14495
10409,2,14495
14495,1,5921
14495,1,6118
14495,1,6164
14495,1,6250
14495,1,6541
14495,1,7040
14495,1,8254
14495,1,8685
14495,3,14599
14495,3,15137
14495,3,15306
14495,3,15252
14495,3,15304
1890,0,14496
3231,0,14496
3368,0,14496
4527,0,14496
10409,2,14496
14496,1,6250
14496,1,6283
14496,1,6309
14496,1,6322
14496,1,6400
14496,1,7612
14496,3,14687
14496,3,13499
14496,3,14329
14496,3,14808
14496,3,15114
14496,3,14537
14496,3,15100
14496,3,15103
14496,3,15170
14496,3,15293
1193,0,14497
1195,0,14497
3379,0,14497
10409,2,14497
14497,1,6086
14497,1,6400
14497,1,7242
14497,1,7507
14497,1,8428
14497,3,13064
14497,3,13020
14497,3,13898
14497,3,14435
14497,3,14579
14497,3,15112
14497,3,12811
521,0,14498
1195,0,14498
2364,0,14498
10409,2,14498
14498,1,6000
14498,1,6623
14498,1,9265
14498,3,14334
14498,3,15137
14498,3,15252
2867,0,14501
2869,0,14501
4221,0,14501
10409,2,14501
14501,1,5946
14501,1,5990
14501,1,8066
14501,1,8912
14501,1,10043
14501,1,10044
2875,0,14502
3084,0,14502
4244,0,14502
10409,2,14502
14502,1,6086
14502,1,6133
14502,1,6134
14502,1,6206
14502,1,6276
14502,1,8039
14502,1,8306
14502,3,14761
14502,3,11641
14502,3,14378
876,0,14503
2604,0,14503
3146,0,14503
10409,2,14503
14503,1,5929
14503,1,6247
14503,1,6337
14503,1,6351
14503,1,6364
14503,1,8501
14503,3,13537
14503,3,13542
14503,3,15106
3494,0,14504
10409,2,14504
14504,1,6242
14504,1,6276
14504,1,6283
14504,3,15023
167,0,14505
2552,0,14505
10409,2,14505
14505,1,6250
14505,1,6410
14505,1,6702
14505,1,10045
14505,3,14619
14505,3,14625
14505,3,13593
14505,3,15304
14505,3,14642
14505,3,11359
14505,3,13555
1836,0,14506
1946,0,14506
2875,0,14506
3359,0,14506
10409,2,14506
14506,1,5926
14506,1,5992
14506,1,6046
14506,1,10046
3368,0,14512
3537,0,14512
4152,0,14512
10409,2,14512
14512,1,6016
14512,1,6249
14512,1,6308
14512,1,6490
14512,1,6517
14512,3,15048
14512,3,11441
14512,3,14347
311,0,14514
405,0,14514
1194,0,14514
1195,0,14514
2493,0,14514
3094,0,14514
3130,0,14514
3366,0,14514
10409,2,14514
14514,1,6098
14514,1,6172
14514,1,8147
14514,1,9597
14514,1,10047
2851,0,14516
2998,0,14516
10409,2,14516
14516,1,6250
14516,1,9091
14516,1,9698
1963,0,14517
2698,0,14517
4207,0,14517
10409,2,14517
14517,1,6005
14517,1,6249
14517,1,6322
14517,1,6337
14517,1,7832
14517,1,10050
14517,3,14960
14517,3,15406
2655,0,14519
2867,0,14519
3492,0,14519
3846,0,14519
4824,0,14519
10409,2,14519
14519,1,6008
14519,1,6249
14519,1,9489
14519,1,10051
14519,3,14752
14519,3,14883
14519,3,11390
14519,3,15203
14519,3,15295
14519,3,14746
14519,3,15360
14519,3,14735
14519,3,15404
14519,3,11294
181,0,14520
3091,0,14520
3092,0,14520
4004,0,14520
4583,0,14520
10409,2,14520
14520,1,5970
14520,1,6295
14520,1,6689
14520,1,6987
14520,1,7005
14520,1,7814
14520,1,8244
14520,3,13520
14520,3,15284
14520,3,14886
14520,3,14888
14520,3,14950
14520,3,14539
3092,0,14521
4004,0,14521
5593,0,14521
10409,2,14521
14521,1,5970
14521,1,6242
14521,1,6359
14521,1,6987
14521,1,7005
14521,1,7430
14521,1,7814
14521,1,8773
14521,1,9256
14521,3,14687
14521,3,14794
14521,3,14440
14521,3,14744
14521,3,14520
14521,3,10822
14521,3,11563
3156,0,14526
5737,0,14526
10409,2,14526
14526,1,6276
14526,1,6655
14526,1,6656
14526,1,8040
14526,1,8997
14526,1,10053
14526,3,13585
14526,3,11691
14526,3,14763
14526,3,11236
14526,3,11504
14526,3,11644
14526,3,15087
14526,3,15468
14526,3,14633
14526,3,14620
2129,0,14527
4621,0,14527
5745,0,14527
10409,2,14527
14527,1,6165
14527,1,6205
14527,1,6374
14527,1,6435
14527,1,7468
14527,1,10054
3135,0,14530
3583,0,14530
10409,2,14530
14530,1,5936
14530,1,6171
14530,1,6322
14530,1,6351
14530,1,6575
14530,1,6614
14530,1,7418
14530,1,7424
14530,1,10055
14530,3,12947
14530,3,14354
14530,3,11504
14530,3,14743
14530,3,11644
14530,3,14793
2733,0,14532
3368,0,14532
10409,2,14532
14532,1,5997
14532,1,8214
14532,1,8544
14532,1,8937
14532,3,14329
14532,3,14808
14532,3,15103
14532,3,14562
14532,3,14689
14532,3,15293
1428,0,14536
1639,0,14536
1896,0,14536
2141,0,14536
10409,2,14536
14536,1,7282
14536,1,10057
3231,0,14537
3457,0,14537
4836,0,14537
10409,2,14537
14537,1,6250
14537,1,6283
14537,1,6509
14537,1,7094
14537,1,7427
14537,1,8559
14537,3,14687
14537,3,15100
14537,3,15332
14537,3,14896
14537,3,14744
571,0,14539
941,0,14539
1755,0,14539
10409,2,14539
14539,1,5970
14539,1,5978
14539,1,6022
14539,1,6485
14539,1,6696
14539,3,14329
14539,3,14808
14539,3,15360
14539,3,14689
14539,3,14674
364,0,14540
471,0,14540
472,0,14540
603,0,14540
854,0,14540
912,0,14540
1590,0,14540
1591,0,14540
1592,0,14540
1967,0,14540
2188,0,14540
2189,0,14540
3118,0,14540
4236,0,14540
4292,0,14540
4584,0,14540
10409,2,14540
14540,1,6000
14540,1,6250
14540,1,7330
14540,1,7748
14540,1,7758
14540,1,10059
14540,3,13593
14540,3,14918
14540,3,13555
3001,0,14542
4122,0,14542
5746,0,14542
5747,0,14542
10409,2,14542
14542,1,6185
14542,1,6295
14542,1,6365
14542,1,7597
14542,1,8143
14542,3,14441
14542,3,14329
14542,3,14326
14542,3,14528
14542,3,13569
14542,3,14707
14542,3,15006
14542,3,15020
14542,3,11631
14542,3,15251
14542,3,14440
14542,3,14747
1501,0,14544
3243,0,14544
3457,0,14544
3636,0,14544
3966,0,14544
10409,2,14544
14544,1,6249
14544,1,6359
14544,1,6631
14544,3,14445
14544,3,14446
14544,3,15023
14544,3,15124
405,0,14545
3030,0,14545
4967,0,14545
10409,2,14545
14545,1,5990
14545,1,6136
14545,1,6421
14545,1,7789
14545,1,8937
14545,3,11250
2327,0,14547
3229,0,14547
10409,2,14547
14547,1,6171
14547,1,6276
14547,1,6351
14547,1,7115
14547,1,7418
2972,0,14548
3229,0,14548
3636,0,14548
10409,2,14548
14548,1,6255
14548,1,6337
14548,1,6391
14548,1,6784
14548,1,8650
14548,3,13520
14548,3,14598
14548,3,11390
14548,3,15106
1882,0,14550
2052,0,14550
3362,0,14550
5693,0,14550
10409,2,14550
14550,1,6306
14550,1,6592
14550,1,7053
14550,1,7470
14550,1,9893
14550,1,10001
14550,3,13523
14550,3,14389
14550,3,11689
14550,3,15332
14550,3,14721
1886,0,14551
3001,0,14551
4122,0,14551
10409,2,14551
14551,1,6055
14551,1,6185
14551,1,6250
14551,1,6424
14551,1,6766
14551,1,7319
14551,1,7353
14551,3,14735
14551,3,15006
14551,3,15168
14551,3,15146
14551,3,11332
14551,3,11496
14551,3,11470
14551,3,14986
14551,3,14674
1882,0,14552
2052,0,14552
3362,0,14552
5693,0,14552
10409,2,14552
14552,1,6065
14552,1,6306
14552,1,6592
14552,1,6663
14552,1,9767
14552,1,10001
14552,3,14389
14552,3,14550
2698,0,14556
5567,0,14556
10409,2,14556
14556,1,6309
14556,1,6322
14556,1,6671
14556,1,7430
14556,1,7870
14556,3,14898
27,0,14557
3466,0,14557
4956,0,14557
5564,0,14557
5748,0,14557
5749,0,14557
5750,0,14557
10409,2,14557
14557,1,6250
14557,1,6295
14557,1,6410
14557,1,9584
14557,3,14819
14557,3,14576
14557,3,15251
2902,0,14560
4208,0,14560
4883,0,14560
4979,0,14560
5319,0,14560
10409,2,14560
14560,1,5982
14560,1,6214
14560,1,7358
14560,1,7510
14560,1,9302
14560,1,10060
14560,3,13593
14560,3,15304
14560,3,13543
14560,3,14692
2951,0,14561
3002,0,14561
3172,0,14561
3343,0,14561
4284,0,14561
4950,0,14561
4988,0,14561
10409,2,14561
14561,1,5943
14561,1,6333
14561,1,6336
14561,1,6550
14561,3,15432
316,0,14563
520,0,14563
1195,0,14563
1378,0,14563
2364,0,14563
3035,0,14563
3114,0,14563
5591,0,14563
10409,2,14563
14563,1,6000
14563,1,6086
14563,1,6241
14563,1,6310
14563,1,8847
14563,1,10061
14563,3,15137
1137,0,14567
1138,0,14567
1430,0,14567
1504,0,14567
10409,2,14567
14567,1,6337
14567,1,6400
14567,1,6689
14567,1,7115
14567,1,7637
14567,1,8899
14567,3,13044
14567,3,14647
14567,3,14366
14567,3,14569
14567,3,14573
14567,3,15084
14567,3,14881
14567,3,14713
14567,3,14847
129,0,14568
1137,0,14568
1504,0,14568
2173,0,14568
2906,0,14568
5751,0,14568
10409,2,14568
14568,1,5982
14568,1,6242
14568,1,6390
14568,1,8526
14568,1,9681
1137,0,14570
1138,0,14570
1430,0,14570
1504,0,14570
2588,0,14570
10409,2,14570
14570,1,6250
14570,1,6282
14570,1,7169
14570,1,7637
14570,1,10062
14570,3,15061
14570,3,14567
50,0,14574
2119,0,14574
3391,0,14574
10409,2,14574
14574,1,5992
14574,1,6000
14574,1,6185
14574,1,6759
14574,1,7129
14574,1,10063
14574,1,10064
50,0,14575
2119,0,14575
3391,0,14575
10409,2,14575
14575,1,5992
14575,1,6016
14575,1,6096
14575,1,6541
14575,1,8715
14575,1,9301
14575,3,14832
14575,3,14355
14575,3,12937
14575,3,14841
1514,0,14577
3094,0,14577
10409,2,14577
14577,1,6098
14577,1,6250
14577,1,6283
14577,1,7371
14577,1,10065
14577,1,10066
14577,1,10067
2902,0,14578
4345,0,14578
4883,0,14578
10409,2,14578
14578,1,5915
14578,1,6214
14578,1,6416
14578,1,6529
14578,1,6702
14578,1,9302
14578,3,15304
14578,3,14826
14,0,14580
2904,0,14580
4884,0,14580
10409,2,14580
14580,1,6078
14580,1,6079
14580,1,6250
14580,1,6435
14580,1,6761
14580,1,8203
14580,1,9304
3605,0,14583
3826,0,14583
4169,0,14583
10409,2,14583
14583,1,5980
14583,1,5987
14583,1,6043
14583,1,6107
14583,1,6322
14583,1,6420
14583,1,6710
14583,1,6926
14583,3,14761
14583,3,14846
14583,3,14763
14583,3,14785
14583,3,11738
14583,3,14378
432,0,14584
1826,0,14584
4998,0,14584
10409,2,14584
14584,1,6086
14584,1,6250
14584,1,7921
14584,1,8025
14584,1,8335
14584,3,13093
14584,3,11980
14584,3,12042
14584,3,13062
14584,3,12967
14584,3,13114
14584,3,12825
14584,3,11853
2120,0,14585
2312,0,14585
3024,0,14585
3305,0,14585
3809,0,14585
4709,0,14585
10409,2,14585
14585,1,6038
14585,1,6185
14585,1,8036
14585,1,10068
14585,3,14761
14585,3,14378
1186,0,14586
4255,0,14586
10409,2,14586
14586,1,6249
14586,1,6309
14586,1,6344
14586,1,6400
14586,1,6420
14586,1,6444
14586,1,6549
14586,1,6724
14586,3,14607
1100,0,14587
3313,0,14587
3413,0,14587
10409,2,14587
14587,1,5990
14587,1,6016
14587,1,6259
14587,1,6326
14587,1,6352
14587,1,6609
14587,1,6610
14587,1,6926
14587,1,7933
14587,1,7937
14587,1,8118
14587,1,8938
2950,0,14588
2951,0,14588
3002,0,14588
3431,0,14588
4766,0,14588
10409,2,14588
14588,1,5915
14588,1,5991
14588,1,6461
14588,1,6462
14588,1,6972
14588,1,8677
14588,1,10069
14588,3,14323
14588,3,14406
14588,3,15432
14588,3,10742
14588,3,14409
14588,3,14539
3163,0,14589
3410,0,14589
4650,0,14589
4766,0,14589
4986,0,14589
10409,2,14589
14589,1,5968
14589,1,6171
14589,1,6185
14589,1,6302
14589,1,6608
14589,3,14856
14589,3,14442
14589,3,14529
14589,3,14594
14589,3,14615
14589,3,14616
14589,3,15333
14589,3,14751
1821,0,14590
3358,0,14590
3434,0,14590
3858,0,14590
4766,0,14590
10409,2,14590
14590,1,6134
14590,1,6185
14590,1,6424
14590,1,8501
14590,3,14429
14590,3,13537
14590,3,15322
14590,3,11225
14590,3,14958
14590,3,13542
127,0,14596
3591,0,14596
10409,2,14596
14596,1,5970
14596,1,6295
14596,1,6301
14596,1,6386
14596,1,6432
14596,1,8344
14596,1,8780
14596,3,14415
14596,3,11005
14596,3,14268
14596,3,14107
14596,3,10975
14596,3,13826
14596,3,12253
14596,3,15301
14596,3,10851
14596,3,11567
127,0,14597
1337,0,14597
3591,0,14597
10409,2,14597
14597,1,5949
14597,1,5992
14597,1,6334
14597,1,6624
14597,1,7686
14597,1,8621
14597,1,9489
14597,3,14415
14597,3,14049
14597,3,12224
14597,3,15301
14597,3,10743
521,0,14600
1195,0,14600
3366,0,14600
10409,2,14600
14600,1,6000
14600,1,6250
14600,1,6309
14600,1,6322
14600,1,6807
14600,1,7116
14600,1,7347
14600,3,14508
14600,3,14599
14600,3,14682
14600,3,14406
14600,3,15137
14600,3,15367
14600,3,15020
14600,3,15432
14600,3,15119
14600,3,14616
208,0,14603
1501,0,14603
1888,0,14603
1889,0,14603
10409,2,14603
14603,1,6424
14603,1,6941
14603,1,7563
14603,3,14328
14603,3,14595
14603,3,14735
14603,3,15360
14603,3,15168
14603,3,15177
14603,3,14689
14603,3,14541
14603,3,14746
14603,3,14592
618,0,14606
5752,0,14606
10409,2,14606
14606,1,5992
14606,1,5996
14606,1,6046
14606,1,6250
14606,1,7998
14606,1,8202
14606,1,10070
14606,3,13605
14606,3,11275
14606,3,14608
1501,0,14607
2488,0,14607
3138,0,14607
3457,0,14607
4963,0,14607
10409,2,14607
14607,1,6249
14607,1,6719
14607,1,7968
14607,1,7969
14607,1,9607
14607,3,14791
14607,3,13574
14607,3,15179
14607,3,15404
14607,3,15066
14607,3,13528
14607,3,14789
618,0,14608
4383,0,14608
5752,0,14608
10409,2,14608
14608,1,6250
14608,1,6337
14608,1,6425
14608,1,6590
14608,1,8214
14608,1,8401
14608,1,8601
14608,1,8627
14608,3,14808
14608,3,14532
14608,3,11275
14608,3,15103
14608,3,11003
2920,0,14609
4357,0,14609
4527,0,14609
4816,0,14609
4909,0,14609
10409,2,14609
14609,1,5936
14609,1,6372
14609,1,6436
14609,1,6485
14609,1,8937
14609,3,13534
14609,3,14441
14609,3,14528
14609,3,14718
14609,3,15331
2920,0,14610
4357,0,14610
4816,0,14610
10409,2,14610
14610,1,6023
14610,1,6282
14610,1,6425
14610,1,6475
14610,1,8640
14610,3,14329
14610,3,14808
14610,3,14326
14610,3,14549
14610,3,14310
14610,3,14480
14610,3,14496
14610,3,14528
14610,3,11395
14610,3,15449
14610,3,14430
14610,3,14537
14610,3,15331
14610,3,14718
181,0,14611
1887,0,14611
2021,0,14611
10409,2,14611
14611,1,6309
14611,1,6322
14611,1,6337
14611,1,7405
14611,1,7870
2080,0,14612
2610,0,14612
3457,0,14612
3613,0,14612
4021,0,14612
4836,0,14612
10409,2,14612
14612,1,7404
14612,1,7424
14612,1,9768
14612,1,10071
14612,3,13499
14612,3,14496
14612,3,14794
14612,3,13491
14612,3,15099
14612,3,11466
14612,3,15100
14612,3,15103
14612,3,14744
14612,3,14537
3613,0,14613
5317,0,14613
10409,2,14613
14613,1,6223
14613,1,6250
14613,1,6421
14613,1,8341
2610,0,14614
3613,0,14614
4980,0,14614
10409,2,14614
14614,1,5995
14614,1,6131
14614,1,6365
14614,1,7430
14614,3,13491
14614,3,15099
14614,3,14612
1956,0,14615
2902,0,14615
2903,0,14615
4650,0,14615
10409,2,14615
14615,1,6185
14615,1,6269
14615,1,6309
14615,1,6713
14615,1,7597
14615,1,9755
14615,1,10072
14615,3,15137
14615,3,14747
14615,3,15136
14615,3,15304
14615,3,15376
14615,3,15377
1069,0,14617
1262,0,14617
1888,0,14617
1889,0,14617
2554,0,14617
10409,2,14617
14617,1,5945
14617,1,6206
14617,1,6235
14617,1,6272
14617,1,6303
14617,1,6326
14617,1,7536
14617,3,15389
14617,3,11241
14617,3,14491
14617,3,14573
14617,3,14618
14617,3,11279
14617,3,14847
1069,0,14618
1262,0,14618
10409,2,14618
14618,1,6373
14618,1,6376
14618,1,7223
14618,1,7536
14618,3,15389
14618,3,14573
14618,3,11466
14618,3,15417
14618,3,11477
14618,3,14881
14618,3,14708
14618,3,14491
14618,3,14847
2870,0,14619
2964,0,14619
10409,2,14619
14619,1,6127
14619,1,6250
14619,1,6329
14619,1,6416
14619,1,6599
14619,1,8658
14619,1,9035
14619,3,14931
14619,3,14495
14619,3,14539
14619,3,14578
14619,3,14943
14619,3,15304
14619,3,15306
14619,3,14826
2073,0,14621
2566,0,14621
5753,0,14621
10409,2,14621
14621,1,5970
14621,1,5987
14621,1,6050
14621,1,6203
14621,1,6250
14621,1,6286
14621,1,6470
14621,1,7548
14621,1,7772
14621,1,9204
14621,3,14622
14621,3,14378
14621,3,13889
14621,3,14636
14621,3,15334
14621,3,14732
14621,3,14620
14621,3,14763
14621,3,15397
14621,3,13627
2895,0,14623
2964,0,14623
3909,0,14623
4838,0,14623
10409,2,14623
14623,1,6322
14623,1,6470
14623,1,6875
14623,1,7052
14623,1,8205
14623,3,15040
14623,3,15110
14623,3,11607
14623,3,15404
3904,0,14625
4202,0,14625
4345,0,14625
10409,2,14625
14625,1,6013
14625,1,6250
14625,1,6326
14625,1,6409
14625,1,6702
14625,1,8082
14625,1,8132
14625,3,13593
1936,0,14630
2053,0,14630
5754,0,14630
10409,2,14630
14630,1,6024
14630,1,6139
14630,1,6260
14630,1,6350
14630,1,6371
14630,1,6590
14630,1,7402
14630,3,10828
14630,3,14405
14630,3,13544
14630,3,15397
14630,3,15195
14630,3,11458
14630,3,14888
14630,3,14950
14630,3,14352
14630,3,14378
2610,0,14635
3223,0,14635
4836,0,14635
10409,2,14635
14635,1,6214
14635,1,6235
14635,1,6250
14635,1,6761
14635,1,6801
14635,1,7334
14635,1,7612
14635,1,10073
1955,0,14638
3140,0,14638
10409,2,14638
14638,1,6185
14638,1,6946
14638,1,8049
14638,1,10074
14638,3,10874
14638,3,14529
14638,3,11544
3031,0,14639
3032,0,14639
10409,2,14639
14639,1,6283
14639,1,6309
14639,1,6653
14639,1,7113
14639,1,7498
14639,1,10075
14639,3,15393
1901,0,14640
2066,0,14640
2067,0,14640
2961,0,14640
3048,0,14640
10409,2,14640
14640,1,5970
14640,1,5980
14640,1,6247
14640,1,6351
14640,1,6788
14640,1,6943
14640,1,7889
14640,1,8461
14640,1,8887
14640,3,14304
14640,3,14353
14640,3,15023
14640,3,14602
14640,3,15219
14640,3,14760
2066,0,14641
2962,0,14641
2963,0,14641
4392,0,14641
10409,2,14641
14641,1,5987
14641,1,6136
14641,1,6220
14641,1,6250
14641,1,7364
14641,3,15228
2655,0,14644
3640,0,14644
10409,2,14644
14644,1,5995
14644,1,6127
14644,1,7470
14644,1,8951
14644,1,9778
14644,3,14280
14644,3,15124
4064,0,14645
4213,0,14645
5756,0,14645
5757,0,14645
10409,2,14645
14645,1,5998
14645,1,7005
14645,1,7757
14645,1,7845
14645,1,9204
14645,1,9605
14645,3,14975
14645,3,14910
14645,3,15313
14645,3,15191
14645,3,14646
2076,0,14648
3855,0,14648
10409,2,14648
14648,1,5970
14648,1,6078
14648,1,6100
14648,1,6365
14648,1,6371
14648,1,6435
14648,1,6444
14648,3,14331
14648,3,13515
14648,3,13627
14648,3,10828
14648,3,13570
14648,3,13544
14648,3,15468
14648,3,15023
14648,3,11226
14648,3,14760
14648,3,13504
14648,3,14352
14648,3,14378
14648,3,14509
14648,3,14518
14648,3,14674
1852,0,14649
4535,0,14649
10409,2,14649
14649,1,5958
14649,1,6050
14649,1,6052
14649,1,6071
14649,1,6322
14649,1,6359
14649,1,7612
14649,1,7998
14649,3,14808
14649,3,14549
14649,3,14763
14649,3,15170
834,0,14650
1195,0,14650
1357,0,14650
3348,0,14650
4990,0,14650
10409,2,14650
14650,1,5948
14650,1,6295
14650,1,6400
14650,1,7040
14650,1,7047
14650,1,10077
3895,0,14653
5159,0,14653
5167,0,14653
10409,2,14653
14653,1,5949
14653,1,6276
14653,1,6321
14653,1,6366
14653,1,6371
14653,1,6475
14653,1,6655
14653,1,6656
14653,1,6770
14653,1,10078
14653,3,12268
14653,3,15023
14653,3,13038
254,0,14654
1807,0,14654
3022,0,14654
3521,0,14654
10409,2,14654
14654,1,6001
14654,1,6013
14654,1,6335
14654,1,6366
14654,1,6491
14654,1,7506
14654,3,14362
479,0,14657
527,0,14657
941,0,14657
1122,0,14657
10409,2,14657
14657,1,5915
14657,1,5970
14657,1,5992
14657,1,6071
14657,1,6178
14657,1,6484
14657,1,6705
14657,3,15296
14657,3,12267
14657,3,12220
14657,3,14388
14657,3,15539
2711,0,14658
2872,0,14658
3223,0,14658
4284,0,14658
5169,0,14658
10409,2,14658
14658,1,6028
14658,1,6131
14658,1,6171
14658,1,6582
14658,1,7005
14658,1,7418
14658,1,7459
14658,1,7813
14658,1,9400
14658,1,10079
2895,0,14660
3909,0,14660
4020,0,14660
5728,0,14660
10409,2,14660
14660,1,6249
14660,1,6308
14660,1,6568
14660,1,8814
14660,1,8992
14660,1,10080
14660,3,14517
14660,3,15405
404,0,14661
1810,0,14661
3223,0,14661
3361,0,14661
3722,0,14661
4926,0,14661
10409,2,14661
14661,1,6065
14661,1,6171
14661,1,6376
14661,1,6566
14661,1,7470
14661,1,7597
14661,1,10081
14661,3,14662
46,0,14663
2311,0,14663
4986,0,14663
10409,2,14663
14663,1,6436
14663,1,6439
14663,1,6604
14663,1,7473
14663,1,8927
14663,1,9288
14663,3,15209
14663,3,15320
14663,3,11668
14663,3,15459
14663,3,14845
1833,0,14665
1999,0,14665
3387,0,14665
3388,0,14665
4958,0,14665
10409,2,14665
14665,1,6005
14665,1,6250
14665,1,6283
14665,1,6409
14665,1,6604
14665,1,6630
14665,1,8559
14665,3,13491
1810,0,14666
4668,0,14666
10409,2,14666
14666,1,5922
14666,1,5998
14666,1,9782
14666,3,14667
14666,3,11572
14666,3,15275
1499,0,14668
1500,0,14668
1501,0,14668
10409,2,14668
14668,1,5972
14668,1,6016
14668,1,6137
14668,1,6167
14668,1,6249
14668,1,6526
14668,1,10082
216,0,14671
1887,0,14671
1985,0,14671
2668,0,14671
4015,0,14671
4580,0,14671
10409,2,14671
14671,1,6008
14671,1,6372
14671,1,10083
14671,1,10084
14671,1,10085
1964,0,14673
2630,0,14673
2896,0,14673
2953,0,14673
2964,0,14673
3341,0,14673
5572,0,14673
10409,2,14673
14673,1,6272
14673,1,6295
14673,1,7357
14673,1,7641
14673,1,7832
14673,1,9026
14673,3,15482
14673,3,14334
14673,3,14417
14673,3,14491
14673,3,15308
14673,3,15376
1507,0,14675
2964,0,14675
4927,0,14675
4928,0,14675
10409,2,14675
14675,1,6295
14675,1,6322
14675,1,7070
14675,1,9511
14675,3,14323
14675,3,14589
14675,3,13518
14675,3,11322
14675,3,15432
14675,3,14616
14675,3,14409
5499,0,14676
10409,2,14676
14676,1,5978
14676,1,5992
14676,1,6046
14676,1,6639
879,0,14677
2968,0,14677
3851,0,14677
3852,0,14677
10409,2,14677
14677,1,6242
14677,1,6250
14677,1,6283
14677,1,7470
14677,1,7518
14677,1,8915
14677,3,14682
14677,3,13491
14677,3,15465
14677,3,11755
14677,3,13099
4195,0,14679
4196,0,14679
4917,0,14679
10409,2,14679
14679,1,6309
14679,1,8912
14679,1,8915
14679,1,9204
14679,1,10087
14679,3,14485
14679,3,15405
14679,3,15287
14679,3,15406
14679,3,14747
14679,3,11549
1514,0,14680
2342,0,14680
2493,0,14680
3342,0,14680
10409,2,14680
14680,1,6185
14680,1,6220
14680,1,6352
14680,1,6495
14680,1,6768
14680,1,9264
14680,3,14820
14680,3,14599
14680,3,14998
14680,3,14448
14680,3,15114
14680,3,14537
14680,3,15230
14680,3,14682
14680,3,14720
1514,0,14681
3342,0,14681
10409,2,14681
14681,1,5923
14681,1,6135
14681,1,6234
14681,1,6322
14681,1,6352
14681,1,6768
14681,1,8221
1514,0,14682
3342,0,14682
3343,0,14682
3344,0,14682
10409,2,14682
14682,1,6206
14682,1,6283
14682,1,6322
14682,1,6926
14682,1,8950
14682,3,14765
14682,3,14599
14682,3,14697
14682,3,14793
5758,0,14683
10409,2,14683
14683,1,6136
14683,1,8202
14683,1,8238
14683,1,9163
14683,1,10088
24,0,14684
30,0,14684
181,0,14684
4110,0,14684
10409,2,14684
14684,1,5949
14684,1,6200
14684,1,6276
14684,1,6569
14684,1,7586
14684,3,12343
1263,0,14685
10409,2,14685
14685,1,6309
14685,1,6337
14685,1,6391
14685,1,6631
14685,1,7379
14685,1,7571
14685,3,14476
14685,3,15151
14685,3,14598
14685,3,15364
14685,3,15500
14685,3,15502
2733,0,14686
3329,0,14686
4234,0,14686
10409,2,14686
14686,1,5951
14686,1,6235
14686,1,6283
14686,1,6337
14686,1,6364
14686,1,6768
14686,1,8528
14686,1,10089
14686,3,13035
14686,3,14680
14686,3,13491
14686,3,11419
14686,3,11677
2953,0,14688
3002,0,14688
3163,0,14688
3343,0,14688
4548,0,14688
10409,2,14688
14688,1,5951
14688,1,6018
14688,1,6185
14688,1,6309
14688,1,6424
14688,1,7998
14688,3,14837
14688,3,14682
14688,3,14406
14688,3,14735
14688,3,11282
14688,3,15360
14688,3,15432
14688,3,14616
14688,3,14592
2690,0,14690
10409,2,14690
14690,1,6112
14690,1,6295
14690,1,6517
14690,1,8383
1194,0,14692
1195,0,14692
2676,0,14692
3065,0,14692
10409,2,14692
14692,1,5948
14692,1,6003
14692,1,6136
14692,1,7556
14692,1,8006
14692,3,13593
14692,3,15405
14692,3,14856
14692,3,11232
14692,3,14373
14692,3,13543
14692,3,13612
105,0,14693
879,0,14693
2615,0,14693
2629,0,14693
10409,2,14693
14693,1,6050
14693,1,6322
14693,1,6371
14693,1,6575
14693,1,6653
14693,1,10091
14693,3,14813
14693,3,14623
14693,3,15110
14693,3,15040
5759,0,14694
10409,2,14694
14694,1,5992
14694,1,6093
14694,1,6136
14694,1,6250
14694,1,8721
14694,1,10092
175,0,14695
177,0,14695
2844,0,14695
2845,0,14695
5545,0,14695
10409,2,14695
14695,1,6249
14695,1,6250
14695,1,8253
14695,1,10093
14695,3,14319
14695,3,14853
14695,3,15484
14695,3,14465
14695,3,14495
2051,0,14697
3492,0,14697
4239,0,14697
5760,0,14697
10409,2,14697
14697,1,5970
14697,1,6052
14697,1,6185
14697,1,6301
14697,1,6307
14697,1,6424
14697,1,6425
14697,1,7304
14697,3,11417
14697,3,14765
14697,3,14538
14697,3,14573
14697,3,14856
14697,3,14376
1964,0,14698
10409,2,14698
14698,1,5992
14698,1,6098
14698,1,6165
14698,1,6374
14698,1,6874
14698,1,8104
14698,1,9180
14698,1,10076
1964,0,14699
10409,2,14699
14699,1,6165
14699,1,6230
14699,1,6374
14699,1,6408
14699,1,6888
14699,3,15308
3022,0,14703
3520,0,14703
3521,0,14703
10409,2,14703
14703,1,5936
14703,1,5949
14703,1,6127
14703,1,6171
14703,1,6197
14703,1,6274
14703,1,6305
14703,1,6510
14703,1,7418
14703,1,7631
14703,1,8365
14703,3,14378
14703,3,14352
14703,3,13544
14703,3,13575
14703,3,11590
14703,3,11622
14703,3,14743
14703,3,15468
14703,3,11732
1963,0,14704
4192,0,14704
4895,0,14704
4939,0,14704
10409,2,14704
14704,1,5947
14704,1,5948
14704,1,6214
14704,1,6249
14704,1,6331
14704,1,6400
14704,1,7455
14704,1,7775
14704,3,15306
14704,3,15304
14704,3,14495
14704,3,11591
5761,0,14705
10409,2,14705
14705,1,5989
14705,1,6086
14705,1,6241
14705,1,8537
2915,0,14709
3494,0,14709
10409,2,14709
14709,1,5949
14709,1,6277
14709,1,6379
14709,1,7358
14709,1,7704
14709,1,8132
1836,0,14710
3527,0,14710
4195,0,14710
4196,0,14710
4817,0,14710
4917,0,14710
4938,0,14710
5755,0,14710
5762,0,14710
5763,0,14710
5764,0,14710
10409,2,14710
14710,1,6159
14710,1,6249
14710,1,6310
14710,3,11549
14710,3,14679
668,0,14711
4351,0,14711
5765,0,14711
10409,2,14711
14711,1,6242
14711,1,6250
14711,1,7340
14711,1,7516
14711,1,10094
2037,0,14715
3943,0,14715
4996,0,14715
5708,0,14715
5766,0,14715
5767,0,14715
10409,2,14715
14715,1,6249
14715,1,6523
14715,1,6673
14715,1,8882
14715,1,10095
14715,1,10096
14715,3,14791
14715,3,14845
1801,0,14719
3094,0,14719
3382,0,14719
10409,2,14719
14719,1,6206
14719,1,6250
14719,1,6283
14719,1,6303
14719,1,6322
14719,1,6926
14719,1,8306
14719,3,14558
14719,3,14682
14719,3,14721
14719,3,15332
14719,3,14720
3094,0,14720
3382,0,14720
10409,2,14720
14720,1,6224
14720,1,6270
14720,1,6954
14720,1,7116
14720,1,7235
14720,1,7578
14720,3,14456
14720,3,14494
14720,3,14315
14720,3,11218
14720,3,15549
14720,3,14721
14720,3,15332
3094,0,14721
3369,0,14721
3382,0,14721
10409,2,14721
14721,1,6206
14721,1,6287
14721,1,6359
14721,1,6599
14721,1,7391
14721,1,9116
14721,3,11695
14721,3,15228
14721,3,15332
235,0,14722
1818,0,14722
1888,0,14722
1889,0,14722
2553,0,14722
2554,0,14722
2555,0,14722
3841,0,14722
4075,0,14722
4203,0,14722
5768,0,14722
10409,2,14722
14722,1,5949
14722,1,6262
14722,1,9162
14722,1,9975
2077,0,14723
10409,2,14723
14723,1,7277
14723,1,7729
14723,1,10097
14723,1,10098
14723,3,14837
14723,3,14819
14723,3,11036
14723,3,14853
14723,3,11466
14723,3,14567
2077,0,14724
10409,2,14724
14724,1,6322
14724,1,6897
14724,1,7402
14724,1,7470
14724,3,11565
14724,3,11424
14724,3,14566
366,0,14727
1956,0,14727
2953,0,14727
3064,0,14727
3163,0,14727
3829,0,14727
4768,0,14727
4952,0,14727
5723,0,14727
5725,0,14727
5769,0,14727
5770,0,14727
5771,0,14727
5772,0,14727
10409,2,14727
14727,1,6249
14727,1,6410
14727,1,7011
14727,3,14485
14727,3,14791
14727,3,14623
14727,3,15405
14727,3,15137
14727,3,15287
14727,3,11441
14727,3,15404
14727,3,14845
14727,3,14747
14727,3,11719
1496,0,14729
1889,0,14729
2051,0,14729
5773,0,14729
10409,2,14729
14729,1,5945
14729,1,6115
14729,1,6185
14729,1,6250
14729,1,6410
14729,1,8579
14729,1,8992
14729,3,14673
14729,3,11614
1069,0,14730
4520,0,14730
4556,0,14730
10409,2,14730
14730,1,6043
14730,1,6197
14730,1,6337
14730,1,6458
14730,1,6926
14730,1,7422
14730,1,7423
14730,1,7613
14730,3,14846
14730,3,14763
14730,3,15429
1069,0,14731
3032,0,14731
3778,0,14731
5774,0,14731
10409,2,14731
14731,1,6181
14731,1,6322
14731,1,6612
14731,1,7998
14731,1,8522
14731,3,14429
14731,3,14378
14731,3,13538
14731,3,15322
14731,3,14763
14731,3,15439
1892,0,14733
1955,0,14733
3368,0,14733
10409,2,14733
14733,1,6185
14733,1,6249
14733,1,6323
14733,1,6359
14733,3,14812
14733,3,14752
14733,3,14519
14733,3,11294
14733,3,11390
14733,3,15170
14733,3,14883
14733,3,15295
14733,3,11632
1599,0,14734
4208,0,14734
10409,2,14734
14734,1,5936
14734,1,6000
14734,1,6055
14734,1,6185
14734,1,6186
14734,1,6249
14734,1,6250
14734,3,15048
14734,3,13510
14734,3,14348
14734,3,14615
14734,3,13593
14734,3,15405
14734,3,15287
14734,3,15304
14734,3,13498
2883,0,14736
3707,0,14736
5775,0,14736
10409,2,14736
14736,1,6016
14736,1,6250
14736,1,7745
14736,1,8930
14736,1,10100
14736,3,14907
14736,3,14957
14736,3,14344
14736,3,14465
14736,3,14517
14736,3,15616
14736,3,15406
1501,0,14738
1599,0,14738
2488,0,14738
3337,0,14738
3440,0,14738
3457,0,14738
3721,0,14738
4572,0,14738
4573,0,14738
4963,0,14738
5735,0,14738
10409,2,14738
14738,1,6016
14738,1,6249
14738,1,8915
14738,1,9958
14738,3,10698
14738,3,14339
14738,3,11294
1501,0,14739
2488,0,14739
3721,0,14739
4572,0,14739
10409,2,14739
14739,1,6005
14739,1,6050
14739,1,6154
14739,1,6337
14739,1,6464
14739,1,8912
14739,3,14485
14739,3,14791
14739,3,15404
14739,3,14845
149,0,14742
4273,0,14742
5776,0,14742
10409,2,14742
14742,1,6096
14742,1,6199
14742,1,6206
14742,1,6250
14742,1,6321
14742,1,6361
14742,1,6371
14742,1,6528
14742,1,7591
14742,3,15110
14742,3,14752
14742,3,14845
14742,3,15040
14742,3,14623
3188,0,14745
4949,0,14745
10409,2,14745
14745,1,6250
14745,1,6322
14745,1,6671
14745,1,7424
14745,3,14898
14745,3,13491
14745,3,13611
2953,0,14749
3001,0,14749
3410,0,14749
10409,2,14749
14749,1,5994
14749,1,6424
14749,1,8624
14749,1,9275
14749,3,11635
14749,3,14578
2920,0,14750
4357,0,14750
10409,2,14750
14750,1,6410
14750,1,7198
14750,1,7260
14750,1,7915
14750,1,8452
14750,3,14328
14750,3,13515
14750,3,13570
14750,3,14674
366,0,14751
3163,0,14751
3410,0,14751
3986,0,14751
10409,2,14751
14751,1,6047
14751,1,6220
14751,1,6295
14751,1,6304
14751,1,6465
14751,3,14856
14751,3,14442
14751,3,13573
14751,3,14594
14751,3,15333
1892,0,14752
3368,0,14752
10409,2,14752
14752,1,5949
14752,1,6039
14752,1,6096
14752,1,6249
14752,1,6321
14752,1,8544
14752,3,14808
14752,3,14883
14752,3,11390
14752,3,15295
14752,3,15360
14752,3,14735
2074,0,14755
2075,0,14755
3335,0,14755
10409,2,14755
14755,1,6000
14755,1,6086
14755,1,6337
14755,1,6364
14755,1,6445
14755,3,11226
14755,3,15004
14755,3,14649
14755,3,15343
14755,3,13631
3943,0,14756
4996,0,14756
5778,0,14756
10409,2,14756
14756,1,6145
14756,1,6371
14756,1,8494
14756,1,8964
14756,3,14427
14756,3,14357
14756,3,11652
14756,3,14426
14756,3,14717
1885,0,14757
3384,0,14757
3492,0,14757
4239,0,14757
10409,2,14757
14757,1,6090
14757,1,6185
14757,1,6186
14757,1,6290
14757,1,6350
14757,1,6604
14757,1,7644
14757,1,7645
14757,3,14765
14757,3,14837
14757,3,13526
14757,3,14832
14757,3,15133
14757,3,15427
14757,3,11404
14757,3,14926
3494,0,14766
3750,0,14766
4946,0,14766
10409,2,14766
14766,1,6018
14766,1,6036
14766,1,6242
14766,1,7430
14766,1,8677
14766,1,9335
14766,1,9993
14766,3,14480
14766,3,14308
14766,3,14682
14766,3,14496
14766,3,15103
1434,0,14767
2122,0,14767
3863,0,14767
4149,0,14767
10409,2,14767
14767,1,5991
14767,1,6078
14767,1,6250
14767,1,6435
14767,1,6526
14767,1,6761
14767,1,6788
14767,1,7169
14767,1,7442
14767,1,10101
1836,0,14768
2140,0,14768
2592,0,14768
10409,2,14768
14768,1,6013
14768,1,6136
14768,1,6249
14768,1,6295
14768,1,6410
14768,1,6440
14768,1,9496
2859,0,14769
2872,0,14769
10409,2,14769
14769,1,6266
14769,1,6295
14769,1,6531
14769,1,6604
14769,1,6867
14769,1,6952
14769,1,7241
2859,0,14771
2872,0,14771
10409,2,14771
14771,1,6266
14771,1,6295
14771,1,6531
14771,1,6604
14771,1,6952
14771,1,7241
2998,0,14772
10409,2,14772
14772,1,6185
14772,1,6420
14772,1,7338
14772,1,10102
37,0,14773
2010,0,14773
2011,0,14773
2024,0,14773
4097,0,14773
10409,2,14773
14773,1,6275
14773,1,6276
14773,1,6277
14773,1,6295
14773,1,6337
14773,1,6475
14773,1,6660
14773,1,6688
14773,1,6737
14773,1,10103
1889,0,14775
2312,0,14775
4076,0,14775
5780,0,14775
5781,0,14775
10409,2,14775
14775,1,5974
14775,1,6161
14775,1,6171
14775,1,8562
14775,1,10104
1608,0,14779
3291,0,14779
10409,2,14779
14779,1,6226
14779,1,6250
14779,1,6263
14779,1,7556
14779,1,7745
14779,1,10105
14779,3,13833
14779,3,13997
14779,3,14220
14779,3,13883
1827,0,14781
2072,0,14781
4274,0,14781
10409,2,14781
14781,1,6250
14781,1,6410
14781,1,8653
14781,1,8983
2856,0,14782
2955,0,14782
4184,0,14782
4380,0,14782
10409,2,14782
14782,1,9585
14782,1,10106
14782,1,10107
14782,3,14326
14782,3,14366
14782,3,13070
14782,3,14881
14782,3,15084
14782,3,11466
14782,3,11477
14782,3,14541
14782,3,14573
14782,3,11003
14782,3,14847
1950,0,14784
1980,0,14784
2311,0,14784
10409,2,14784
14784,1,6005
14784,1,6185
14784,1,6424
14784,1,6656
14784,1,8268
14784,1,8944
14784,3,14831
14784,3,14356
14784,3,15377
14784,3,15065
14784,3,15416
188,0,14785
1069,0,14785
3494,0,14785
3778,0,14785
10409,2,14785
14785,1,5980
14785,1,6200
14785,1,6276
14785,1,6625
14785,1,6710
14785,1,6873
14785,1,7490
14785,3,13585
14785,3,14761
14785,3,14786
14785,3,13598
14785,3,14378
1069,0,14786
3778,0,14786
10409,2,14786
14786,1,5949
14786,1,6171
14786,1,6322
14786,1,6655
14786,1,6656
14786,1,7706
14786,3,13585
14786,3,14761
14786,3,14476
14786,3,13504
14786,3,11354
14786,3,14939
14786,3,14404
14786,3,14378
14786,3,13524
14786,3,15219
14786,3,14763
14786,3,14760
14786,3,11664
14786,3,14793
14786,3,15468
14786,3,15334
1069,0,14787
1263,0,14787
3778,0,14787
4520,0,14787
4537,0,14787
10409,2,14787
14787,1,5936
14787,1,5945
14787,1,6018
14787,1,6283
14787,1,6424
14787,1,6436
14787,1,7005
14787,1,8165
14787,1,8250
14787,1,10108
14787,3,13534
14787,3,14329
14787,3,14480
14787,3,14807
14787,3,13491
14787,3,11301
1195,0,14788
3367,0,14788
10409,2,14788
14788,1,6013
14788,1,6136
14788,1,6185
14788,1,6250
14788,1,6326
14788,1,6337
14788,1,8080
14788,3,15567
14788,3,13593
14788,3,14347
14788,3,14495
14788,3,13543
521,0,14789
1195,0,14789
3366,0,14789
3367,0,14789
10409,2,14789
14789,1,6249
14789,1,8043
14789,3,11586
14789,3,15404
14789,3,15406
14789,3,14626
366,0,14791
3367,0,14791
3460,0,14791
3829,0,14791
4136,0,14791
4504,0,14791
10409,2,14791
14791,1,5970
14791,1,6016
14791,1,6249
14791,1,6295
14791,1,6410
14791,1,7812
14791,1,7912
14791,3,15040
14791,3,14517
14791,3,11527
14791,3,15404
14791,3,15406
14791,3,14789
14791,3,14845
1888,0,14792
3457,0,14792
3636,0,14792
4904,0,14792
10409,2,14792
14792,1,6250
14792,1,6283
14792,1,6314
14792,1,10098
14792,3,14682
14792,3,14573
14792,3,13491
2458,0,14794
3636,0,14794
3966,0,14794
5782,0,14794
10409,2,14794
14794,1,6001
14794,1,6590
14794,1,7563
14794,3,14687
14794,3,14323
14794,3,14808
14794,3,14651
14794,3,14549
14794,3,14328
14794,3,14409
14794,3,15100
14794,3,15103
14794,3,11466
14794,3,13570
14794,3,14562
14794,3,14595
14794,3,15177
14794,3,14689
14794,3,15293
14794,3,15360
14794,3,14735
14794,3,11003
362,0,14795
1624,0,14795
2734,0,14795
4325,0,14795
10409,2,14795
14795,1,6250
14795,1,6539
14795,1,6558
14795,1,6710
14795,1,7952
14795,1,8791
14795,3,14780
14795,3,11281
14795,3,15451
14795,3,14817
2141,0,14796
10409,2,14796
14796,1,5949
14796,1,6081
14796,1,6621
14796,1,10109
62,0,14798
2952,0,14798
2953,0,14798
2954,0,14798
3230,0,14798
10409,2,14798
14798,1,5970
14798,1,6249
14798,1,6295
14798,1,6410
14798,1,6492
14798,1,6645
2698,0,14800
4837,0,14800
10409,2,14800
14800,1,6322
14800,1,6323
14800,1,6415
14800,1,6485
1514,0,14801
2141,0,14801
10409,2,14801
14801,1,6000
14801,1,6471
14801,1,7357
14801,1,7641
14801,3,15280
14801,3,14856
3132,0,14802
4542,0,14802
4926,0,14802
4977,0,14802
10409,2,14802
14802,1,6050
14802,1,6282
14802,1,6707
14802,1,7228
14802,3,14652
14802,3,14854
14802,3,15319
14802,3,11453
14802,3,15181
14802,3,15504
14802,3,14701
14802,3,14700
14802,3,14664
14802,3,11570
14802,3,15311
169,0,14804
1888,0,14804
2905,0,14804
10409,2,14804
14804,1,6367
14804,1,6513
14804,1,7094
14804,1,7954
14804,1,8922
14804,1,10110
14804,3,14304
14804,3,11712
14804,3,15199
14804,3,11683
14804,3,14324
14804,3,14384
1428,0,14805
10409,2,14805
14805,1,6295
14805,1,6432
14805,1,7083
14805,1,7222
2964,0,14807
4136,0,14807
10409,2,14807
14807,1,5936
14807,1,6086
14807,1,6185
14807,1,6424
14807,1,6541
14807,1,7424
14807,1,8165
14807,3,14599
14807,3,15116
14807,3,14616
14807,3,15406
14807,3,14845
1541,0,14809
3229,0,14809
3792,0,14809
3793,0,14809
10409,2,14809
14809,1,6247
14809,1,6282
14809,1,6322
14809,1,7197
14809,1,7259
14809,1,9722
14809,1,10111
14809,3,15023
14809,3,14378
1263,0,14810
2022,0,14810
2521,0,14810
3003,0,14810
10409,2,14810
14810,1,6247
14810,1,6250
14810,1,6337
14810,1,6361
14810,1,8189
14810,1,9629
14810,1,9763
14810,3,14305
14810,3,13538
14810,3,14507
14810,3,15155
14810,3,15172
14810,3,15219
14810,3,14717
14810,3,14763
14810,3,15384
14810,3,14760
14810,3,15468
181,0,14812
1887,0,14812
2018,0,14812
2021,0,14812
10409,2,14812
14812,1,5918
14812,1,5978
14812,1,6022
14812,1,6436
14812,1,7634
14812,1,8878
14812,3,13499
14812,3,14511
14812,3,14883
14812,3,11318
14812,3,11390
14812,3,14496
14812,3,14519
14812,3,14528
14812,3,13570
14812,3,15168
14812,3,14752
14812,3,14735
14812,3,11294
14812,3,14845
474,0,14813
879,0,14813
880,0,14813
2620,0,14813
10409,2,14813
14813,1,6001
14813,1,6016
14813,1,6050
14813,1,6197
14813,1,6249
14813,1,6250
14813,1,6371
14813,1,6444
14813,1,10112
14813,3,15040
14813,3,15110
14813,3,14623
181,0,14815
879,0,14815
880,0,14815
2916,0,14815
10409,2,14815
14815,1,6079
14815,1,6250
14815,1,6351
14815,1,6475
14815,1,6575
14815,1,6788
14815,3,12893
14815,3,12822
14815,3,14324
14815,3,15180
181,0,14816
210,0,14816
1137,0,14816
1504,0,14816
2574,0,14816
2657,0,14816
4879,0,14816
10409,2,14816
14816,1,5936
14816,1,5949
14816,1,6028
14816,1,6242
14816,1,6321
14816,1,6372
14816,1,6475
14816,1,6528
14816,1,6575
14816,1,10113
14816,3,11891
14816,3,13105
14816,3,12025
14816,3,12062
14816,3,11810
14816,3,13124
1898,0,14818
3144,0,14818
10409,2,14818
14818,1,6249
14818,1,6504
14818,1,7694
14818,1,10114
14818,3,13064
14818,3,14544
14818,3,14579
14818,3,15112
14818,3,12811
27,0,14819
3466,0,14819
4956,0,14819
5564,0,14819
5748,0,14819
5749,0,14819
5750,0,14819
5783,0,14819
10409,2,14819
14819,1,7536
14819,1,7829
14819,1,8884
14819,3,14378
14819,3,14926
14819,3,14376
14819,3,14555
14819,3,14576
14819,3,15251
14819,3,14706
14819,3,14782
300,0,14821
2899,0,14821
3149,0,14821
4542,0,14821
4648,0,14821
5479,0,14821
10409,2,14821
14821,1,6096
14821,1,6127
14821,1,6171
14821,1,6250
14821,1,7418
14821,1,7631
14821,3,14530
14821,3,14703
14821,3,10780
14821,3,13358
14821,3,11732
14821,3,15103
14821,3,14633
14821,3,14743
14821,3,14822
14821,3,14537
3843,0,14822
4542,0,14822
4648,0,14822
10409,2,14822
14822,1,6127
14822,1,6144
14822,1,6250
14822,1,6282
14822,1,6283
14822,1,6331
14822,1,7474
14822,1,7631
14822,3,14530
14822,3,14703
14822,3,10780
14822,3,13358
14822,3,11732
14822,3,13162
14822,3,15334
14822,3,15103
14822,3,15023
14822,3,14633
14822,3,14743
14822,3,14378
14822,3,14537
1357,0,14823
2090,0,14823
2092,0,14823
2093,0,14823
10409,2,14823
14823,1,5936
14823,1,5940
14823,1,5992
14823,1,6079
14823,1,6118
14823,1,6185
14823,1,6526
14823,1,6759
14823,1,7116
14823,1,7129
14823,3,13064
14823,3,14355
14823,3,12366
14823,3,15304
14823,3,14495
4733,0,14824
5490,0,14824
10409,2,14824
14824,1,6013
14824,1,6095
14824,1,6136
14824,1,6235
14824,1,6250
14824,1,6295
14824,1,6303
302,0,14825
4882,0,14825
4975,0,14825
10409,2,14825
14825,1,5975
14825,1,6272
14825,1,6283
14825,1,8939
14825,3,13492
14825,3,14441
14825,3,14480
876,0,14826
2902,0,14826
4035,0,14826
4345,0,14826
10409,2,14826
14826,1,5948
14826,1,6219
14826,1,6250
14826,1,6331
14826,1,6416
14826,1,6827
14826,3,15048
14826,3,13623
14826,3,15304
880,0,14827
1504,0,14827
4879,0,14827
10409,2,14827
14827,1,5936
14827,1,6071
14827,1,6118
14827,1,6276
14827,1,6280
14827,1,6321
14827,3,14742
14827,3,13616
14827,3,15110
14827,3,15040
14827,3,11891
14827,3,11810
14827,3,12025
14827,3,12062
14827,3,13124
14827,3,13159
880,0,14828
1504,0,14828
4879,0,14828
10409,2,14828
14828,1,5949
14828,1,6247
14828,1,6321
14828,1,6351
14828,1,7305
14828,3,13616
14828,3,11891
14828,3,14827
181,0,14830
880,0,14830
1504,0,14830
2916,0,14830
10409,2,14830
14830,1,6009
14830,1,6156
14830,1,6225
14830,1,6242
14830,1,6625
14830,1,7620
14830,3,12044
14830,3,13139
14830,3,12934
14830,3,14569
14830,3,11260
14830,3,15449
14830,3,14811
14830,3,13140
302,0,14833
2743,0,14833
3853,0,14833
3998,0,14833
10409,2,14833
14833,1,6249
14833,1,6253
14833,1,6425
14833,1,6470
14833,1,6528
14833,3,14742
14833,3,14752
14833,3,15110
14833,3,11441
14833,3,14883
14833,3,15295
14833,3,11397
1263,0,14834
4537,0,14834
10409,2,14834
14834,1,5980
14834,1,5987
14834,1,6079
14834,1,6235
14834,3,14304
2090,0,14835
2091,0,14835
2092,0,14835
2093,0,14835
10409,2,14835
14835,1,5949
14835,1,6312
14835,1,6337
14835,1,6346
14835,1,6386
14835,1,6428
14835,1,7106
14835,1,8267
14835,3,14129
14835,3,11005
14835,3,14268
14835,3,14230
14835,3,13826
14835,3,14181
14835,3,15123
14835,3,15122
14835,3,15301
14835,3,15643
121,0,14836
516,0,14836
1931,0,14836
3408,0,14836
4969,0,14836
10409,2,14836
14836,1,6005
14836,1,6322
14836,1,6337
14836,1,6540
14836,1,10115
14836,3,11601
14836,3,14508
14836,3,14523
14836,3,14599
14836,3,14334
14836,3,15019
14836,3,15065
14836,3,15137
14836,3,14593
14836,3,15252
14836,3,15376
2061,0,14839
3990,0,14839
10409,2,14839
14839,1,6016
14839,1,6100
14839,1,6250
14839,1,6410
14839,1,6541
14839,1,6590
14839,1,6713
14839,1,7763
14839,1,10116
14839,3,14615
14839,3,15287
264,0,14840
1426,0,14840
1434,0,14840
2546,0,14840
3509,0,14840
4594,0,14840
4595,0,14840
5784,0,14840
5785,0,14840
10409,2,14840
14840,1,5970
14840,1,6052
14840,1,6249
14840,1,6307
14840,1,6308
14840,1,6424
14840,1,8912
14840,1,10117
14840,3,14843
50,0,14841
2119,0,14841
3391,0,14841
10409,2,14841
14841,1,5992
14841,1,6185
14841,1,6334
14841,1,6759
14841,1,6827
14841,1,6891
14841,1,6954
14841,1,7112
14841,1,7235
14841,3,14355
14841,3,15296
2918,0,14842
3514,0,14842
3515,0,14842
4712,0,14842
10409,2,14842
14842,1,6242
14842,1,6390
14842,1,6625
14842,1,6664
14842,1,7910
14842,1,8490
14842,3,13139
14842,3,14325
14842,3,11625
14842,3,11015
1426,0,14843
1434,0,14843
2546,0,14843
5785,0,14843
5786,0,14843
10409,2,14843
14843,1,6309
14843,1,6331
14843,1,6702
14843,1,8912
14843,1,10117
14843,3,14960
366,0,14845
2630,0,14845
2964,0,14845
3130,0,14845
3163,0,14845
10409,2,14845
14845,1,6013
14845,1,6136
14845,1,6295
14845,1,6322
14845,1,6410
14845,1,7556
14845,1,8878
14845,3,14523
14845,3,15483
14845,3,15404
14845,3,15406
14845,3,14888
162,0,14846
1069,0,14846
3605,0,14846
3778,0,14846
4109,0,14846
10409,2,14846
14846,1,5936
14846,1,5987
14846,1,6322
14846,1,7704
14846,3,14331
14846,3,14378
14846,3,13504
14846,3,14763
14846,3,14786
14846,3,15468
2921,0,14849
5474,0,14849
10409,2,14849
14849,1,6181
14849,1,6199
14849,1,6242
14849,1,6250
14849,1,6428
14849,1,6513
14849,1,7525
14849,1,8304
14849,1,10118
14849,3,14815
14849,3,14324
14849,3,12957
14849,3,11942
235,0,14850
240,0,14850
2040,0,14850
2041,0,14850
2123,0,14850
2633,0,14850
3537,0,14850
4168,0,14850
4867,0,14850
10409,2,14850
14850,1,6249
14850,1,6568
14850,1,9752
14850,1,10119
14850,1,10120
2726,0,14851
4743,0,14851
10409,2,14851
14851,1,6371
14851,1,6488
14851,1,6692
14851,1,8894
14851,1,10121
14851,1,10122
14851,1,10123
14851,1,10124
14851,3,11636
1434,0,14852
2622,0,14852
3161,0,14852
10409,2,14852
14852,1,5993
14852,1,6001
14852,1,6250
14852,1,6283
14852,1,6322
14852,1,6926
14852,1,8897
14852,3,14308
14852,3,14682
14852,3,14807
14852,3,13491
14852,3,11323
14852,3,14616
151,0,14855
2544,0,14855
2953,0,14855
3001,0,14855
4188,0,14855
5747,0,14855
10409,2,14855
14855,1,5970
14855,1,6364
14855,1,6630
14855,1,7032
14855,1,9193
14855,1,10125
14855,3,14837
14855,3,15318
14855,3,11640
478,0,14858
479,0,14858
525,0,14858
618,0,14858
1415,0,14858
4707,0,14858
10410,2,14858
14858,1,5992
14858,1,6000
14858,1,6086
14858,1,6655
14858,1,6656
14858,1,7416
14858,1,10130
2854,0,14859
4504,0,14859
10410,2,14859
14859,1,6241
14859,1,6247
14859,1,6249
14859,1,6386
14859,1,7911
14859,3,13833
14859,3,14845
14859,3,15518
14859,3,14212
2949,0,14860
3219,0,14860
5010,0,14860
10410,2,14860
14860,1,5949
14860,1,6277
14860,1,6565
14860,1,7586
14860,3,13549
14860,3,14735
14860,3,14325
14860,3,15216
14860,3,13369
14860,3,11520
2073,0,14861
2566,0,14861
4319,0,14861
10410,2,14861
14861,1,6024
14861,1,6205
14861,1,6286
14861,1,6432
14861,1,8921
14861,1,9204
14861,1,9800
14861,3,14622
14861,3,14378
298,0,14862
306,0,14862
307,0,14862
308,0,14862
2736,0,14862
4319,0,14862
10410,2,14862
14862,1,5918
14862,1,5987
14862,1,6139
14862,1,6250
14862,1,6350
14862,1,6397
14862,1,6769
14862,1,7586
14862,1,7707
14862,3,14763
14862,3,10828
14862,3,14888
14862,3,14655
1835,0,14863
2839,0,14863
2841,0,14863
2843,0,14863
2858,0,14863
10410,2,14863
14863,1,6547
14863,1,7131
14863,1,10131
1835,0,14864
2841,0,14864
2843,0,14864
10410,2,14864
14864,1,6042
14864,1,6095
14864,1,6139
14864,1,6140
14864,1,6185
14864,1,6946
14864,1,7821
14864,3,14863
14864,3,14681
2839,0,14865
2857,0,14865
10410,2,14865
14865,1,5970
14865,1,6084
14865,1,6149
14865,1,6302
14865,1,6800
14865,1,6874
14865,1,9985
14865,1,9986
3094,0,14868
3380,0,14868
10410,2,14868
14868,1,6141
14868,1,6630
14868,1,6648
14868,1,6926
14868,1,7592
14868,1,8559
14868,3,14765
14868,3,14556
14868,3,14745
14868,3,14682
14868,3,13491
14868,3,14898
14868,3,14537
1562,0,14869
1987,0,14869
2846,0,14869
2882,0,14869
4513,0,14869
4514,0,14869
10410,2,14869
14869,1,6249
14869,1,6250
14869,1,6322
14869,1,8555
14869,1,8959
14869,1,10132
14869,3,15110
14869,3,14448
2463,0,14870
3342,0,14870
3345,0,14870
5793,0,14870
10410,2,14870
14870,1,6000
14870,1,6013
14870,1,6136
14870,1,6250
14870,1,6352
14870,1,6420
14870,1,6768
14870,1,7430
14870,3,14680
2463,0,14871
3342,0,14871
3345,0,14871
10410,2,14871
14871,1,5951
14871,1,6075
14871,1,6087
14871,1,6337
14871,1,6352
14871,1,6768
14871,1,7474
14871,1,10086
14871,3,14680
14871,3,14500
3239,0,14872
4502,0,14872
10410,2,14872
14872,1,5949
14872,1,6410
14872,1,9796
3239,0,14873
4366,0,14873
4502,0,14873
4503,0,14873
10410,2,14873
14873,1,5949
14873,1,10133
14873,3,14543
14873,3,15112
14873,3,15415
175,0,14875
177,0,14875
2844,0,14875
2845,0,14875
5545,0,14875
5794,0,14875
10410,2,14875
14875,1,5992
14875,1,6046
14875,1,6331
14875,1,6416
14875,1,9036
14875,3,14319
14875,3,14495
2676,0,14876
3040,0,14876
10410,2,14876
14876,1,6006
14876,1,6127
14876,1,6402
14876,1,6416
14876,1,6576
14876,1,10014
14876,3,15552
14876,3,15306
14876,3,14495
175,0,14877
176,0,14877
177,0,14877
2845,0,14877
2851,0,14877
2998,0,14877
3376,0,14877
10410,2,14877
14877,1,6303
14877,1,6326
14877,1,6490
14877,1,6692
14877,1,6738
14877,1,6811
14877,1,7611
14877,1,8466
14877,1,10127
14877,3,14516
14877,3,14321
175,0,14878
177,0,14878
1987,0,14878
2846,0,14878
2847,0,14878
2849,0,14878
2865,0,14878
5730,0,14878
5794,0,14878
10410,2,14878
14878,1,6249
14878,1,6303
14878,1,6324
14878,1,6798
14878,1,10018
14878,3,14319
175,0,14879
177,0,14879
1978,0,14879
2845,0,14879
2846,0,14879
10410,2,14879
14879,1,5992
14879,1,6000
14879,1,6046
14879,1,6249
14879,1,6250
14879,1,6326
14879,1,6798
14879,3,14789
3239,0,14880
4503,0,14880
5795,0,14880
10410,2,14880
14880,1,6016
14880,1,6250
14880,1,6261
14880,1,7357
14880,1,8238
14880,3,14696
14880,3,15240
14880,3,11528
14880,3,15512
14880,3,14642
2492,0,14882
3393,0,14882
10410,2,14882
14882,1,5936
14882,1,6028
14882,1,6185
14882,1,6303
14882,1,6309
14882,1,6808
14882,1,7430
2724,0,14883
2964,0,14883
3431,0,14883
10410,2,14883
14883,1,6028
14883,1,6249
14883,1,6353
14883,1,6354
14883,1,6608
14883,1,6696
14883,1,7052
14883,1,7321
14883,3,13576
14883,3,13520
14883,3,15110
14883,3,15109
14883,3,15178
14883,3,11390
14883,3,15295
3330,0,14884
3331,0,14884
4812,0,14884
5484,0,14884
5700,0,14884
5701,0,14884
10410,2,14884
14884,1,5984
14884,1,6295
14884,1,6376
14884,1,6531
14884,1,7470
14884,1,8963
2951,0,14885
3002,0,14885
3060,0,14885
3163,0,14885
3343,0,14885
3431,0,14885
4950,0,14885
10410,2,14885
14885,1,6333
14885,1,6336
14885,1,6550
14885,1,7597
14885,1,8929
14885,3,14323
14885,3,14406
14885,3,14735
14885,3,15432
14885,3,11365
14885,3,14588
14885,3,14409
309,0,14886
311,0,14886
3130,0,14886
5289,0,14886
10410,2,14886
14886,1,6205
14886,1,6270
14886,1,6587
14886,1,10135
14886,3,14405
14886,3,14419
14886,3,15071
14886,3,14888
14886,3,14950
14886,3,11458
14886,3,15320
14886,3,14717
1896,0,14889
1899,0,14889
1979,0,14889
3158,0,14889
3590,0,14889
5796,0,14889
10410,2,14889
14889,1,6474
14889,1,6589
14889,1,6903
14889,1,7644
14889,1,7645
14889,1,8937
14889,1,9002
14889,3,14534
14889,3,11416
14889,3,15201
14889,3,14550
14889,3,14552
14889,3,11425
2714,0,14890
10410,2,14890
14890,1,5998
14890,1,6258
14890,1,6509
1016,0,14891
1942,0,14891
2439,0,14891
2609,0,14891
3094,0,14891
3399,0,14891
3400,0,14891
3401,0,14891
3402,0,14891
3403,0,14891
3404,0,14891
10410,2,14891
14891,1,6738
14891,1,6839
14891,1,8377
14891,1,8681
14891,1,10137
880,0,14892
1504,0,14892
2588,0,14892
3435,0,14892
10410,2,14892
14892,1,6079
14892,1,6250
14892,1,6283
14892,1,6420
14892,1,7980
14892,3,12854
14892,3,14304
14892,3,13491
880,0,14893
1504,0,14893
2588,0,14893
3435,0,14893
10410,2,14893
14893,1,6078
14893,1,6079
14893,1,6250
14893,1,6283
14893,1,6420
14893,1,6435
14893,1,8678
14893,3,12854
14893,3,14304
14893,3,13491
14893,3,14324
2586,0,14894
3148,0,14894
3358,0,14894
3363,0,14894
3434,0,14894
3436,0,14894
3722,0,14894
10410,2,14894
14894,1,6013
14894,1,6075
14894,1,6136
14894,1,6250
14894,1,6420
14894,1,6830
14894,1,7430
14894,1,9297
14894,1,9364
14894,1,10138
14894,3,11482
374,0,14897
1964,0,14897
2491,0,14897
2953,0,14897
2954,0,14897
3341,0,14897
10410,2,14897
14897,1,6206
14897,1,6270
14897,1,6295
14897,1,6482
14897,1,6705
14897,1,10139
14897,3,14837
14897,3,14389
14897,3,14345
14897,3,14673
14897,3,14334
14897,3,15136
14897,3,15308
14897,3,14417
572,0,14899
1954,0,14899
3239,0,14899
3494,0,14899
4366,0,14899
4502,0,14899
10410,2,14899
14899,1,6295
14899,1,7075
14899,1,9744
14899,1,10133
14899,3,14747
357,0,14900
2488,0,14900
2851,0,14900
2854,0,14900
10410,2,14900
14900,1,6247
14900,1,6249
14900,1,6386
14900,1,9475
14900,1,10140
14900,3,15518
2854,0,14901
2869,0,14901
3457,0,14901
3844,0,14901
10410,2,14901
14901,1,6127
14901,1,6249
14901,1,7243
14901,3,11225
2854,0,14902
2868,0,14902
3098,0,14902
3457,0,14902
3636,0,14902
10410,2,14902
14902,1,6071
14902,1,6249
14902,1,6471
14902,1,7795
14902,3,13833
14902,3,14351
14902,3,14733
14902,3,13578
14902,3,11581
3331,0,14903
3991,0,14903
5797,0,14903
10410,2,14903
14903,1,6082
14903,1,6250
14903,1,6504
14903,1,6991
14903,1,7605
14903,3,14579
14903,3,15124
14903,3,15112
14903,3,11496
14903,3,14388
1999,0,14904
2141,0,14904
3352,0,14904
3380,0,14904
3395,0,14904
3397,0,14904
4842,0,14904
5546,0,14904
10410,2,14904
14904,1,6136
14904,1,6250
14904,1,6487
14904,1,6615
14904,1,7430
14904,1,8020
1309,0,14905
4086,0,14905
5489,0,14905
10410,2,14905
14905,1,5970
14905,1,6086
14905,1,6247
14905,1,6351
14905,1,6488
14905,1,7526
14905,1,8944
14905,3,13808
14905,3,14866
14905,3,15383
14905,3,15172
14905,3,14353
14905,3,14383
14905,3,14182
14905,3,14743
1856,0,14908
1881,0,14908
10410,2,14908
14908,1,6000
14908,1,6577
14908,1,7597
14908,1,8294
14908,1,9117
2953,0,14909
3829,0,14909
4768,0,14909
4805,0,14909
5723,0,14909
10410,2,14909
14909,1,5970
14909,1,6185
14909,1,6249
14909,1,6307
14909,1,6308
14909,1,6309
14909,1,6420
14909,1,6671
14909,3,14837
14909,3,14623
14909,3,15110
14909,3,15040
14909,3,11607
14909,3,11404
2074,0,14911
2075,0,14911
4138,0,14911
4550,0,14911
10410,2,14911
14911,1,5949
14911,1,5987
14911,1,6014
14911,1,6089
14911,1,6904
14911,1,8244
14911,1,8358
14911,1,8670
14911,3,14405
14911,3,15497
1885,0,14913
3846,0,14913
4818,0,14913
10410,2,14913
14913,1,6086
14913,1,6249
14913,1,6558
14913,1,6702
14913,1,6739
14913,1,7204
14913,3,14791
14913,3,15404
14913,3,14960
14913,3,15305
14913,3,14845
14913,3,14789
14913,3,14942
14913,3,14471
14913,3,11331
1881,0,14915
1885,0,14915
5799,0,14915
10410,2,14915
14915,1,5918
14915,1,6185
14915,1,6249
14915,1,6302
14915,1,6314
14915,1,6350
14915,1,6672
14915,1,7052
14915,1,7101
14915,1,7556
14915,3,15048
14915,3,14813
14915,3,14461
14915,3,15110
14915,3,11441
14915,3,14883
14915,3,15295
14915,3,11373
14915,3,11632
3039,0,14916
10410,2,14916
14916,1,5936
14916,1,5992
14916,1,6046
14916,1,6354
14916,1,6475
14916,1,6702
14916,1,7157
14916,1,8019
14916,1,8194
14916,1,9252
14916,3,11647
14916,3,15289
14916,3,14375
912,0,14918
2176,0,14918
4624,0,14918
10410,2,14918
14918,1,5992
14918,1,6086
14918,1,6237
14918,1,6761
14918,1,9034
14918,3,15381
14918,3,14919
14918,3,14801
912,0,14919
2176,0,14919
4624,0,14919
10410,2,14919
14919,1,6081
14919,1,6814
14919,1,8366
14919,1,9034
1824,0,14920
2271,0,14920
3135,0,14920
3240,0,14920
10410,2,14920
14920,1,6028
14920,1,6136
14920,1,6517
14920,1,7365
14920,1,9246
14920,1,10141
1997,0,14922
3185,0,14922
3552,0,14922
4704,0,14922
10410,2,14922
14922,1,5977
14922,1,6013
14922,1,6086
14922,1,7250
14922,1,7712
4518,0,14923
4591,0,14923
5739,0,14923
10410,2,14923
14923,1,6245
14923,1,6927
14923,1,7892
14923,1,8350
14923,1,10142
14923,1,10143
14923,3,15029
1897,0,14924
1898,0,14924
3144,0,14924
4829,0,14924
5801,0,14924
5802,0,14924
10410,2,14924
14924,1,5915
14924,1,6250
14924,1,7250
14924,1,10144
14924,3,15393
14924,3,11359
14924,3,11483
14924,3,14818
1194,0,14925
1947,0,14925
1950,0,14925
1996,0,14925
2069,0,14925
2311,0,14925
3094,0,14925
3130,0,14925
3366,0,14925
3521,0,14925
10410,2,14925
14925,1,6295
14925,1,9657
14925,1,9959
405,0,14929
3023,0,14929
3042,0,14929
3043,0,14929
3392,0,14929
10410,2,14929
14929,1,6247
14929,1,6627
14929,1,7933
14929,1,10145
14929,3,11005
14929,3,13537
14929,3,13811
14929,3,13795
235,0,14930
1890,0,14930
2487,0,14930
3537,0,14930
4152,0,14930
4168,0,14930
10410,2,14930
14930,1,6356
14930,1,6431
14930,1,6675
14930,1,6735
14930,1,8992
14930,1,9752
14930,3,13546
14930,3,14517
3094,0,14933
3130,0,14933
3377,0,14933
3378,0,14933
10410,2,14933
14933,1,5936
14933,1,6149
14933,1,6176
14933,1,6250
14933,1,6471
14933,1,6481
14933,3,14599
14933,3,14680
14933,3,14406
14933,3,15432
14933,3,14616
14933,3,14688
14933,3,14343
14933,3,14316
14933,3,14600
14933,3,14588
14933,3,14539
14933,3,14537
14933,3,14312
14933,3,11430
334,0,14934
358,0,14934
359,0,14934
470,0,14934
3117,0,14934
10410,2,14934
14934,1,5915
14934,1,5936
14934,1,5947
14934,1,5992
14934,1,6045
14934,1,6046
14934,1,8421
14934,1,9279
14934,3,13533
3032,0,14936
4510,0,14936
10410,2,14936
14936,1,6005
14936,1,6107
14936,1,6604
14936,1,8921
14936,1,9451
14936,3,14356
14936,3,14507
14936,3,10828
14936,3,15071
14936,3,14938
14936,3,15393
14936,3,15181
14936,3,11226
14936,3,14378
14936,3,15023
196,0,14940
291,0,14940
1839,0,14940
2022,0,14940
2982,0,14940
3020,0,14940
3951,0,14940
10410,2,14940
14940,1,6006
14940,1,6247
14940,1,6288
14940,1,6292
14940,1,6645
14940,3,11052
2655,0,14941
2867,0,14941
3492,0,14941
3846,0,14941
3909,0,14941
4824,0,14941
10410,2,14941
14941,1,6249
14941,1,6261
14941,1,6346
14941,1,6410
14941,1,9160
14941,1,9355
14941,3,14519
14941,3,15404
3537,0,14942
3909,0,14942
4020,0,14942
4144,0,14942
10410,2,14942
14942,1,6086
14942,1,6249
14942,1,6416
14942,1,6739
14942,1,7245
14942,3,14625
14942,3,13511
14942,3,13593
14942,3,15306
14942,3,15305
14942,3,15240
14942,3,14495
14942,3,13500
805,0,14944
2606,0,14944
2895,0,14944
3909,0,14944
4020,0,14944
10410,2,14944
14944,1,6024
14944,1,6065
14944,1,6322
14944,1,7304
14944,1,7402
14944,1,8558
14944,1,9658
14944,1,10017
14944,3,14374
14944,3,15404
14944,3,14874
14944,3,15093
14944,3,11640
14944,3,15089
14944,3,14517
1896,0,14947
1900,0,14947
1978,0,14947
3811,0,14947
10410,2,14947
14947,1,6005
14947,1,6322
14947,1,6351
14947,1,6400
14947,1,6604
14947,1,7005
14947,3,15384
14947,3,15155
14947,3,11237
14947,3,15468
14947,3,15023
14947,3,14378
46,0,14948
5804,0,14948
10410,2,14948
14948,1,6280
14948,1,6281
14948,1,6509
14948,1,9204
14948,1,9496
14948,3,14325
2983,0,14949
2995,0,14949
3010,0,14949
3074,0,14949
3079,0,14949
4137,0,14949
10410,2,14949
14949,1,6410
14949,1,6482
14949,1,8912
14949,1,10128
1688,0,14951
10410,2,14951
14951,1,6008
14951,1,6013
14951,1,6173
14951,1,6295
14951,1,6441
14951,1,7127
14951,1,7260
14951,3,15017
376,0,14952
1806,0,14952
1987,0,14952
2157,0,14952
10410,2,14952
14952,1,6241
14952,1,6250
14952,1,6339
14952,1,7789
14952,1,7911
14952,3,14977
1987,0,14953
2488,0,14953
4280,0,14953
5805,0,14953
5806,0,14953
10410,2,14953
14953,1,5949
14953,1,6249
14953,1,7933
14953,1,9352
14953,1,9473
14953,1,10146
14953,3,14625
14953,3,14788
14953,3,13509
14953,3,13543
1603,0,14954
2074,0,14954
2087,0,14954
4157,0,14954
4158,0,14954
10410,2,14954
14954,1,6001
14954,1,6272
14954,1,6471
14954,1,7223
14954,1,7304
14954,1,7488
14954,1,10147
14954,3,14758
14954,3,14673
14954,3,14334
14954,3,14853
14954,3,13566
14954,3,14555
14954,3,15253
14954,3,15308
14954,3,14417
14954,3,14774
14954,3,14571
14954,3,14672
14954,3,14376
14954,3,14340
14954,3,14935
4826,0,14959
10410,2,14959
14959,1,5949
14959,1,5992
14959,1,6136
14959,1,6176
14959,1,6250
14959,1,7920
14959,1,8648
14959,1,9336
1835,0,14962
2840,0,14962
2841,0,14962
10410,2,14962
14962,1,5936
14962,1,6090
14962,1,6136
14962,1,6249
14962,1,6346
14962,1,6350
14962,1,6736
14962,3,14745
14962,3,14347
1835,0,14963
2840,0,14963
2841,0,14963
5807,0,14963
10410,2,14963
14963,1,6250
14963,1,6350
14963,1,8254
14963,1,8393
14963,1,8983
14963,1,9916
14963,1,10148
1835,0,14964
2841,0,14964
10410,2,14964
14964,1,6250
14964,1,6350
14964,1,6374
14964,1,8393
14964,1,8995
14964,1,8996
14964,1,10148
14964,3,14863
14964,3,15024
396,0,14965
2013,0,14965
2888,0,14965
3434,0,14965
10410,2,14965
14965,1,5936
14965,1,6065
14965,1,6288
14965,1,6721
14965,1,8448
2593,0,14967
2699,0,14967
4078,0,14967
10410,2,14967
14967,1,5953
14967,1,5957
14967,1,6249
14967,1,6269
14967,1,6410
14967,1,6878
14967,1,7304
14967,1,7484
14967,3,14438
14967,3,15405
14967,3,15406
14967,3,14789
4671,0,14968
4769,0,14968
4845,0,14968
4846,0,14968
5808,0,14968
5809,0,14968
10410,2,14968
14968,1,6250
14968,1,6339
14968,1,6425
14968,1,7612
14968,1,8928
14968,1,9254
14968,1,10048
14968,1,10049
14968,3,11417
14968,3,14837
14968,3,14573
14968,3,14856
14968,3,14926
14968,3,15427
1924,0,14969
1925,0,14969
4002,0,14969
5792,0,14969
10410,2,14969
14969,1,6127
14969,1,6250
14969,1,6830
14969,1,7139
14969,1,8127
14969,3,11355
1009,0,14970
1681,0,14970
2052,0,14970
3349,0,14970
4525,0,14970
10410,2,14970
14970,1,6250
14970,1,6411
14970,1,7536
14970,1,8155
2985,0,14971
5810,0,14971
10410,2,14971
14971,1,6095
14971,1,6282
14971,1,6295
14971,1,6955
14971,1,7126
14971,3,14652
14971,3,14854
14971,3,15504
1817,0,14972
2141,0,14972
2492,0,14972
3352,0,14972
3355,0,14972
3398,0,14972
4011,0,14972
5695,0,14972
5811,0,14972
10410,2,14972
14972,1,6028
14972,1,6043
14972,1,6136
14972,1,6250
14972,1,6269
14972,1,6283
14972,1,7056
14972,3,14599
14972,3,14682
14972,3,15392
14972,3,14898
14972,3,14537
14972,3,11486
316,0,14973
1836,0,14973
4160,0,14973
4789,0,14973
4969,0,14973
5319,0,14973
5367,0,14973
5643,0,14973
5725,0,14973
5729,0,14973
5772,0,14973
5812,0,14973
5813,0,14973
5814,0,14973
5815,0,14973
5816,0,14973
5817,0,14973
5818,0,14973
10410,2,14973
14973,1,5926
14973,1,6046
14973,1,6303
14973,1,10149
1817,0,14974
2141,0,14974
2492,0,14974
3352,0,14974
3355,0,14974
3396,0,14974
10410,2,14974
14974,1,5995
14974,1,6221
14974,1,6250
14974,1,6474
14974,1,7430
14974,3,14308
14974,3,14317
14974,3,14807
121,0,14976
3408,0,14976
10410,2,14976
14976,1,5970
14976,1,5992
14976,1,6250
14976,1,7419
14976,1,7589
14976,1,9009
14976,1,10150
14976,3,14456
14976,3,14334
14976,3,14573
14976,3,14853
14976,3,14417
14976,3,14721
333,0,14977
376,0,14977
1806,0,14977
2157,0,14977
10410,2,14977
14977,1,6018
14977,1,6172
14977,1,6421
14977,1,6432
14977,1,6827
14977,1,6873
14977,1,7641
14977,1,7936
14977,1,9436
700,0,14979
10410,2,14979
14979,1,5992
14979,1,6046
14979,1,8459
14979,1,10151
2180,0,14980
4285,0,14980
5547,0,14980
10410,2,14980
14980,1,5982
14980,1,6136
14980,1,6575
14980,1,10152
14980,3,13342
5819,0,14981
5820,0,14981
10410,2,14981
14981,1,6304
14981,1,7939
14981,1,8431
14981,1,8973
14981,1,10058
420,0,14984
2981,0,14984
10410,2,14984
14984,1,5936
14984,1,5956
14984,1,5974
14984,1,5982
14984,1,6255
14984,1,6471
14984,1,6651
14984,1,7383
14984,1,10153
3331,0,14988
4516,0,14988
10410,2,14988
14988,1,6006
14988,1,6295
14988,1,8055
14988,3,14323
14988,3,14370
14988,3,14794
14988,3,14535
14988,3,15360
14988,3,14928
14988,3,14407
14988,3,14409
14988,3,14322
14988,3,11685
1936,0,14990
2053,0,14990
5754,0,14990
5791,0,14990
10410,2,14990
14990,1,6013
14990,1,6090
14990,1,6139
14990,1,6260
14990,1,6270
14990,1,6470
14990,1,6789
14990,1,6791
14990,1,7611
14990,1,7990
14990,3,14945
14990,3,15248
14990,3,14630
14990,3,14700
14990,3,15311
2488,0,14991
3156,0,14991
4985,0,14991
10410,2,14991
14991,1,6744
14991,1,8568
14991,1,10154
14991,3,13584
14991,3,14808
14991,3,14782
14991,3,14573
14991,3,15386
14991,3,14847
2968,0,14992
4294,0,14992
4500,0,14992
10410,2,14992
14992,1,5977
14992,1,6136
14992,1,6257
14992,1,6337
14992,1,6346
14992,1,10155
14992,3,11346
14992,3,14956
14992,3,11369
14992,3,14662
5255,0,14994
10410,2,14994
14994,1,5949
14994,1,6235
14994,1,6334
14994,1,6456
14994,1,6874
14994,1,7821
14994,1,8130
14994,1,8746
14994,1,8914
3156,0,14995
3682,0,14995
10410,2,14995
14995,1,7385
14995,1,8810
14995,1,9039
14995,1,10156
14995,1,10157
14995,3,11532
14995,3,11691
14995,3,13358
14995,3,11732
14995,3,15087
14995,3,11442
14995,3,15468
14995,3,15023
14995,3,14633
879,0,14999
880,0,14999
3816,0,14999
10410,2,14999
14999,1,6242
14999,1,6250
14999,1,6377
14999,1,7428
14999,1,7430
14999,1,9823
14999,3,11301
14999,3,13099
2968,0,15000
3793,0,15000
3843,0,15000
4294,0,15000
4500,0,15000
10410,2,15000
15000,1,6249
15000,1,6337
15000,1,6346
15000,1,6528
15000,1,6631
15000,1,8725
15000,3,11217
15000,3,14446
15000,3,14404
15000,3,15110
15000,3,11441
15000,3,15404
15000,3,14992
15000,3,15161
15000,3,15040
15000,3,11607
15000,3,15343
15000,3,15295
15000,3,14378
15000,3,14662
15000,3,14845
1640,0,15001
1890,0,15001
3368,0,15001
3537,0,15001
4152,0,15001
10410,2,15001
15001,1,6050
15001,1,6249
15001,1,6250
15001,1,6364
15001,1,6413
15001,1,6575
15001,1,6645
15001,3,14898
15001,3,14883
15001,3,14347
3537,0,15002
4152,0,15002
5481,0,15002
10410,2,15002
15002,1,6322
15002,1,6671
15002,1,7313
15002,1,8281
15002,1,8720
15002,1,10158
15002,3,14813
15002,3,14512
15002,3,14347
1195,0,15003
1958,0,15003
2698,0,15003
10410,2,15003
15003,1,5920
15003,1,5953
15003,1,6029
15003,1,6301
15003,1,7304
15003,3,14837
15003,3,14573
15003,3,15484
15003,3,14856
15003,3,11477
15003,3,14926
2488,0,15005
2854,0,15005
3457,0,15005
4509,0,15005
10410,2,15005
15005,1,6005
15005,1,6322
15005,1,6490
15005,1,7402
15005,1,7405
15005,3,15040
15005,3,15295
15005,3,14845
2072,0,15007
3515,0,15007
3624,0,15007
4071,0,15007
5822,0,15007
10410,2,15007
15007,1,5936
15007,1,6206
15007,1,6229
15007,1,6322
15007,1,6488
15007,1,6667
15007,1,7430
15007,1,8306
15007,1,9007
15007,3,14311
15007,3,14454
15007,3,14317
15007,3,14719
15007,3,13502
1766,0,15009
4566,0,15009
10410,2,15009
15009,1,5970
15009,1,6075
15009,1,6279
15009,1,6365
15009,1,6428
15009,3,14456
15009,3,14441
15009,3,14720
15009,3,15008
15009,3,14467
3537,0,15010
3538,0,15010
4146,0,15010
5498,0,15010
10410,2,15010
15010,1,6070
15010,1,6249
15010,1,6250
15010,1,6787
15010,1,8992
15010,3,14348
15010,3,14379
3406,0,15011
3523,0,15011
3524,0,15011
4844,0,15011
10410,2,15011
15011,1,5936
15011,1,6016
15011,1,6275
15011,1,6337
15011,1,7470
15011,1,7652
15011,3,15578
15011,3,14926
2072,0,15012
3624,0,15012
3857,0,15012
10410,2,15012
15012,1,6250
15012,1,6295
15012,1,6324
15012,1,6717
15012,1,7980
15012,1,8868
15012,1,9201
15012,3,14454
1821,0,15013
2072,0,15013
3624,0,15013
3858,0,15013
3859,0,15013
10410,2,15013
15013,1,5918
15013,1,6250
15013,1,6276
15013,1,6322
15013,1,6337
15013,1,6411
15013,1,6485
15013,1,7750
15013,3,14761
15013,3,14454
15013,3,15228
15013,3,13551
405,0,15014
2327,0,15014
3331,0,15014
3791,0,15014
10410,2,15014
15014,1,5945
15014,1,6012
15014,1,6185
15014,1,6295
15014,1,6485
15014,3,15474
15014,3,13538
15014,3,14711
15014,3,13542
15014,3,11422
1837,0,15015
3163,0,15015
3331,0,15015
10410,2,15015
15015,1,5989
15015,1,6013
15015,1,6136
15015,1,6207
15015,1,6295
15015,1,6324
3331,0,15016
3401,0,15016
4812,0,15016
10410,2,15016
15016,1,6561
15016,1,6744
15016,1,7445
15016,1,7470
15016,1,7561
15016,3,14323
15016,3,14326
15016,3,14731
15016,3,14438
15016,3,14436
15016,3,15439
15016,3,15432
15016,3,11395
15016,3,14856
15016,3,13538
15016,3,14430
15016,3,11685
3331,0,15018
4499,0,15018
10410,2,15018
15018,1,5949
15018,1,5970
15018,1,6249
15018,1,6250
15018,1,6255
15018,1,6261
15018,1,6410
2417,0,15021
3133,0,15021
4172,0,15021
4680,0,15021
10410,2,15021
15021,1,6001
15021,1,6322
15021,1,6665
15021,1,6902
15021,1,7481
15021,1,7965
15021,3,15004
15021,3,15397
15021,3,14378
1884,0,15025
4029,0,15025
5823,0,15025
10410,2,15025
15025,1,6085
15025,1,6226
15025,1,6353
15025,1,8180
15025,1,8830
15025,3,11602
2924,0,15027
3188,0,15027
3274,0,15027
4713,0,15027
10410,2,15027
15027,1,6250
15027,1,6324
15027,1,10159
334,0,15028
2826,0,15028
2827,0,15028
2851,0,15028
2998,0,15028
4008,0,15028
10410,2,15028
15028,1,6081
15028,1,6136
15028,1,6250
15028,1,6369
15028,1,6738
15028,1,7357
15028,1,8238
1918,0,15031
3185,0,15031
3552,0,15031
4298,0,15031
10410,2,15031
15031,1,5947
15031,1,6247
15031,1,6249
15031,1,6623
15031,1,10160
15031,3,13578
311,0,15032
1083,0,15032
2732,0,15032
2733,0,15032
10410,2,15032
15032,1,6631
15032,1,9904
15032,3,15284
15032,3,15432
15032,3,14950
15032,3,14616
15032,3,14688
15032,3,14376
15032,3,11376
311,0,15033
313,0,15033
1083,0,15033
2730,0,15033
10410,2,15033
15033,1,6566
15033,1,7554
15033,1,8393
15033,1,8948
15033,1,8989
15033,1,9131
15033,3,15379
371,0,15034
2699,0,15034
3502,0,15034
4210,0,15034
10410,2,15034
15034,1,6249
15034,1,6261
15034,1,6587
15034,1,6767
15034,1,7142
15034,1,10161
15034,3,14737
15034,3,15110
15034,3,15404
15034,3,15536
1046,0,15035
3561,0,15035
3563,0,15035
5824,0,15035
10410,2,15035
15035,1,5970
15035,1,6097
15035,1,6156
15035,1,6295
15035,1,6301
15035,1,6336
15035,1,6464
15035,1,6465
15035,1,6545
15035,1,6715
15035,1,6848
15035,1,7443
15035,1,8872
15035,1,9110
15035,3,10980
15035,3,14129
15035,3,13813
15035,3,14268
15035,3,14230
15035,3,13826
15035,3,10778
15035,3,14154
15035,3,15122
15035,3,15301
15035,3,13928
15035,3,10851
15035,3,14125
114,0,15036
2996,0,15036
4059,0,15036
10410,2,15036
15036,1,5936
15036,1,6127
15036,1,6131
15036,1,6575
15036,1,6928
15036,1,10162
15036,3,15545
15036,3,14623
15036,3,13616
15036,3,11390
15036,3,15295
15036,3,14845
15036,3,14341
15036,3,15300
159,0,15037
673,0,15037
1138,0,15037
1504,0,15037
2588,0,15037
10410,2,15037
15037,1,5996
15037,1,6052
15037,1,6078
15037,1,6171
15037,1,6250
15037,1,6283
15037,1,6572
15037,1,7418
15037,3,14366
15037,3,14573
15037,3,15061
15037,3,11504
15037,3,15222
15037,3,11590
15037,3,15386
15037,3,15103
15037,3,14881
15037,3,14537
15037,3,14567
15037,3,14847
344,0,15038
1501,0,15038
2488,0,15038
4572,0,15038
10410,2,15038
15038,1,6005
15038,1,6050
15038,1,6337
15038,1,6510
15038,1,6625
15038,1,8912
15038,3,14485
15038,3,14791
15038,3,10698
15038,3,15404
15038,3,14845
337,0,15039
2342,0,15039
2493,0,15039
3129,0,15039
3339,0,15039
3341,0,15039
3384,0,15039
3385,0,15039
3386,0,15039
10410,2,15039
15039,1,6013
15039,1,6159
15039,1,6311
15039,1,6435
15039,1,10163
15039,1,10164
15039,3,14680
370,0,15040
2493,0,15040
3137,0,15040
4703,0,15040
4953,0,15040
10410,2,15040
15040,1,6250
15040,1,6371
15040,1,7005
15040,1,7745
15040,3,14604
15040,3,14461
15040,3,15110
15040,3,11441
15040,3,15404
15040,3,15295
15040,3,15478
808,0,15041
2080,0,15041
2458,0,15041
2610,0,15041
10410,2,15041
15041,1,5970
15041,1,6250
15041,1,6283
15041,1,7155
15041,1,7964
15041,1,9039
15041,1,10165
15041,3,13515
15041,3,14482
15041,3,14794
15041,3,15222
15041,3,15099
15041,3,15103
15041,3,14440
2080,0,15042
3368,0,15042
10410,2,15042
15042,1,6018
15042,1,6185
15042,1,6283
15042,1,6303
15042,1,6359
15042,1,6574
15042,1,6830
15042,1,8698
15042,3,13499
15042,3,14311
15042,3,14680
15042,3,14719
15042,3,14496
15042,3,14794
15042,3,15099
15042,3,15103
15042,3,14474
2425,0,15043
3196,0,15043
4206,0,15043
4567,0,15043
10410,2,15043
15043,1,5915
15043,1,5992
15043,1,6178
15043,1,6250
15043,1,6475
15043,1,10166
15043,3,14477
15043,3,15296
15043,3,15539
2080,0,15044
2610,0,15044
3457,0,15044
4836,0,15044
10410,2,15044
15044,1,6193
15044,1,6250
15044,1,6283
15044,1,6367
15044,1,9798
15044,1,9799
15044,3,14687
15044,3,14366
15044,3,15084
15044,3,15103
15044,3,14744
2080,0,15045
2610,0,15045
4980,0,15045
10410,2,15045
15045,1,6001
15045,1,6242
15045,1,6250
15045,1,6283
15045,1,6365
15045,1,8108
15045,1,8566
15045,1,8891
15045,3,14441
15045,3,13515
15045,3,14428
15045,3,14317
15045,3,13491
15045,3,15099
15045,3,15100
15045,3,14440
15045,3,14541
15045,3,14612
3094,0,15046
4347,0,15046
10410,2,15046
15046,1,6250
15046,1,6305
15046,1,6568
15046,1,7599
15046,1,7848
15046,1,9259
15046,3,14797
15046,3,15081
15046,3,15240
15046,3,11701
3049,0,15047
3389,0,15047
4164,0,15047
10410,2,15047
15047,1,6042
15047,1,6091
15047,1,6424
15047,1,8538
15047,1,8539
15047,1,8884
15047,3,14819
15047,3,14880
3772,0,15049
4125,0,15049
10410,2,15049
15049,1,6249
15049,1,6261
15049,1,6345
15049,1,6861
15049,1,8704
15049,1,8992
15049,3,15048
15049,3,14737
15049,3,15405
15049,3,15287
15049,3,11294
15049,3,15404
15049,3,14960
15049,3,11390
15049,3,14883
15049,3,11640
15049,3,14517
15049,3,14347
1837,0,15050
2874,0,15050
2877,0,15050
3346,0,15050
4848,0,15050
5803,0,15050
10410,2,15050
15050,1,5915
15050,1,6531
15050,1,7470
15050,1,9204
15050,3,15432
15050,3,15017
15050,3,11685
15050,3,14747
2698,0,15051
4837,0,15051
10410,2,15051
15051,1,5949
15051,1,6005
15051,1,6185
15051,1,6337
15051,1,6485
15051,3,14280
15051,3,13542
2698,0,15052
4837,0,15052
10410,2,15052
15052,1,6308
15052,1,6322
15052,1,6333
15052,1,6363
15052,1,6485
15052,3,13593
15052,3,15252
15052,3,14588
2542,0,15054
2604,0,15054
3146,0,15054
3292,0,15054
3828,0,15054
5825,0,15054
10410,2,15054
15054,1,5992
15054,1,6207
15054,1,6351
15054,3,13806
15054,3,15232
2875,0,15057
3056,0,15057
3084,0,15057
10410,2,15057
15057,1,7470
15057,1,7536
15057,1,7909
15057,1,7910
15057,3,14819
15057,3,13574
15057,3,11466
15057,3,11477
15057,3,14590
15057,3,14364
3406,0,15058
3523,0,15058
3524,0,15058
4844,0,15058
10410,2,15058
15058,1,5936
15058,1,5947
15058,1,6127
15058,1,6721
15058,1,7556
15058,1,8884
15058,3,15426
2875,0,15059
3084,0,15059
3085,0,15059
3086,0,15059
10410,2,15059
15059,1,6086
15059,1,6262
15059,1,9544
15059,1,10167
15059,1,10168
1561,0,15060
2429,0,15060
3032,0,15060
3084,0,15060
10410,2,15060
15060,1,5936
15060,1,6107
15060,1,6181
15060,1,6436
15060,1,6488
15060,1,7998
15060,1,8129
15060,1,8927
15060,1,9288
15060,3,14599
15060,3,12892
15060,3,15507
15060,3,15393
15060,3,15367
15060,3,11668
15060,3,10704
15060,3,14383
15060,3,14637
15060,3,11543
1137,0,15061
1138,0,15061
1430,0,15061
1504,0,15061
4183,0,15061
10410,2,15061
15061,1,6052
15061,1,6078
15061,1,6242
15061,1,6250
15061,1,6946
15061,1,7637
15061,1,8586
15061,3,14366
15061,3,14881
15061,3,15084
15061,3,14567
15061,3,14713
15061,3,11624
162,0,15062
1193,0,15062
1195,0,15062
3379,0,15062
5826,0,15062
10410,2,15062
15062,1,5992
15062,1,6046
15062,1,6247
15062,1,10169
15062,3,14023
15062,3,14495
1195,0,15063
3367,0,15063
3379,0,15063
10410,2,15063
15063,1,6249
15063,1,6322
15063,1,6370
15063,1,8878
15063,3,14625
15063,3,13593
15063,3,13566
15063,3,15253
15063,3,13548
15063,3,14788
15063,3,14347
15063,3,13517
2854,0,15064
3846,0,15064
5827,0,15064
10410,2,15064
15064,1,5949
15064,1,6249
15064,1,6324
15064,1,6346
15064,1,6410
15064,1,10170
15064,3,14738
15064,3,15404
15064,3,11727
256,0,15067
2157,0,15067
4798,0,15067
10410,2,15067
15067,1,5927
15067,1,6054
15067,1,6172
15067,1,7061
15067,1,7384
15067,1,7641
15067,1,7902
15067,1,8132
15067,3,13483
15067,3,11305
15067,3,11219
15067,3,14952
15067,3,14978
15067,3,14484
15067,3,15068
15067,3,14977
2963,0,15073
3041,0,15073
4721,0,15073
10410,2,15073
15073,1,5949
15073,1,6229
15073,1,6309
15073,1,6322
15073,1,6410
15073,1,7547
15073,1,7609
15073,1,9037
15073,3,11437
15073,3,15397
15073,3,15072
15073,3,15228
15073,3,14632
15073,3,14378
15073,3,13545
15073,3,14601
2052,0,15074
3130,0,15074
4894,0,15074
10410,2,15074
15074,1,6205
15074,1,6322
15074,1,6386
15074,1,6410
15074,1,6487
15074,1,6717
15074,1,7995
15074,1,8184
15074,3,12844
15074,3,14535
15074,3,14176
15074,3,15280
15074,3,15080
15074,3,14982
15074,3,13874
2066,0,15075
2067,0,15075
3045,0,15075
10410,2,15075
15075,1,6337
15075,1,6728
15075,1,7511
15075,1,7526
15075,1,9533
15075,3,12913
15075,3,15538
15075,3,15053
15075,3,12301
15075,3,13806
15075,3,14424
979,0,15077
1514,0,15077
2342,0,15077
3340,0,15077
3342,0,15077
10410,2,15077
15077,1,5916
15077,1,6003
15077,1,6250
15077,1,6331
15077,1,6352
15077,1,6768
15077,3,14454
15077,3,14680
15077,3,14720
15077,3,15099
15077,3,14541
15077,3,14539
15077,3,14721
15077,3,11419
584,0,15078
876,0,15078
2604,0,15078
3146,0,15078
3292,0,15078
5401,0,15078
10410,2,15078
15078,1,5949
15078,1,6052
15078,1,6060
15078,1,6337
15078,1,6354
15078,1,6475
15078,1,6528
15078,3,14573
15078,3,15179
15078,3,13539
3494,0,15079
10410,2,15079
15079,1,5996
15079,1,6242
15079,1,6247
15079,1,6250
15079,1,6351
15079,1,6575
15079,1,6768
1887,0,15082
1890,0,15082
2018,0,15082
2340,0,15082
3537,0,15082
10410,2,15082
15082,1,6185
15082,1,6431
15082,1,6671
15082,1,6897
15082,1,7470
15082,1,7522
15082,1,8066
15082,3,14765
15082,3,14485
15082,3,15405
15082,3,11441
15082,3,15404
15082,3,14517
2867,0,15085
2868,0,15085
2869,0,15085
4146,0,15085
5828,0,15085
10410,2,15085
15085,1,6492
15085,1,6547
15085,1,8912
15085,1,9128
15085,1,10171
1842,0,15086
1995,0,15086
2769,0,15086
10410,2,15086
15086,1,5936
15086,1,6012
15086,1,6410
15086,1,6538
15086,3,12953
15086,3,13676
15086,3,15322
15086,3,15101
15086,3,13806
15086,3,13542
15086,3,14266
2176,0,15090
3124,0,15090
4179,0,15090
10410,2,15090
15090,1,6322
15090,1,6671
15090,1,6855
15090,3,13548
15090,3,14347
316,0,15091
1836,0,15091
2875,0,15091
4994,0,15091
5156,0,15091
5563,0,15091
5829,0,15091
5830,0,15091
5831,0,15091
10410,2,15091
15091,1,6495
15091,1,7424
15091,1,8912
15091,3,14556
15091,3,14745
27,0,15094
3466,0,15094
4956,0,15094
5564,0,15094
5748,0,15094
5749,0,15094
5750,0,15094
5787,0,15094
10410,2,15094
15094,1,6307
15094,1,6308
15094,1,6391
15094,1,7402
15094,1,9269
15094,3,14837
15094,3,13526
15094,3,14819
15094,3,14538
15094,3,14853
15094,3,14555
15094,3,15236
15094,3,11466
15094,3,11404
15094,3,14926
15094,3,14881
15094,3,14708
15094,3,14376
1599,0,15095
4208,0,15095
10410,2,15095
15095,1,5947
15095,1,5948
15095,1,6416
15095,1,6996
15095,1,7040
15095,1,9721
15095,3,15048
15095,3,13593
15095,3,15287
15095,3,15304
15095,3,14734
15095,3,14367
15095,3,13543
3459,0,15096
3460,0,15096
3468,0,15096
3828,0,15096
4082,0,15096
10410,2,15096
15096,1,6131
15096,1,6205
15096,1,6247
15096,1,6371
15096,1,6435
15096,1,7600
15096,1,7604
15096,1,7835
15096,3,15554
15096,3,15551
15096,3,15510
15096,3,14982
15096,3,14192
15096,3,14266
2948,0,15097
3126,0,15097
3127,0,15097
3314,0,15097
10410,2,15097
15097,1,6295
15097,1,6322
15097,1,6326
15097,1,6878
15097,1,10172
15097,3,14625
15097,3,13593
15097,3,13509
138,0,15098
139,0,15098
140,0,15098
141,0,15098
142,0,15098
143,0,15098
4140,0,15098
10410,2,15098
15098,1,5960
15098,1,6242
15098,1,6270
15098,1,6280
15098,1,6495
15098,1,6575
15098,1,7611
15098,3,14569
15098,3,13137
15098,3,14325
15098,3,11845
15098,3,15418
15098,3,14888
15098,3,14449
15098,3,11376
2733,0,15099
10410,2,15099
15099,1,6095
15099,1,6322
15099,1,6323
15099,1,6365
15099,1,6599
15099,1,7474
15099,1,7489
15099,1,7511
15099,1,8514
15099,3,14329
15099,3,14808
15099,3,14326
15099,3,14328
15099,3,13515
15099,3,14735
15099,3,14430
15099,3,14440
15099,3,14541
15099,3,15100
15099,3,15170
15099,3,14649
15099,3,11003
2604,0,15102
3292,0,15102
4227,0,15102
10410,2,15102
15102,1,6475
15102,1,6676
15102,1,7047
15102,1,7443
15102,1,7777
15102,1,8611
15102,3,11791
15102,3,15551
15102,3,15232
2610,0,15103
2763,0,15103
2856,0,15103
4233,0,15103
10410,2,15103
15103,1,6283
15103,1,6322
15103,1,6359
15103,1,6672
15103,1,7612
15103,1,7809
15103,1,8942
15103,1,10173
15103,3,14687
15103,3,13499
15103,3,14323
15103,3,14808
15103,3,12854
15103,3,14651
15103,3,15084
15103,3,15293
15103,3,15100
15103,3,14537
15103,3,13550
15103,3,14541
15103,3,14689
15103,3,11003
2610,0,15104
2763,0,15104
2856,0,15104
4233,0,15104
10410,2,15104
15104,1,6001
15104,1,6425
15104,1,9256
15104,1,9398
15104,1,10174
15104,3,14687
15104,3,14482
15104,3,14735
15104,3,14325
15104,3,15099
15104,3,15359
15104,3,15293
15104,3,15100
15104,3,15103
15104,3,14896
15104,3,14744
1874,0,15105
2105,0,15105
3204,0,15105
5832,0,15105
10410,2,15105
15105,1,6016
15105,1,6171
15105,1,7126
15105,1,7418
15105,1,7685
15105,3,11732
15105,3,11590
15105,3,14378
880,0,15107
1887,0,15107
2018,0,15107
2672,0,15107
10410,2,15107
15107,1,6075
15107,1,6283
15107,1,6386
15107,1,6530
15107,1,7018
15107,1,7054
15107,1,9576
15107,3,10988
15107,3,14206
15107,3,13835
15107,3,13991
15107,3,13778
15107,3,14809
15107,3,11450
1886,0,15108
4122,0,15108
5833,0,15108
10410,2,15108
15108,1,6250
15108,1,6297
15108,1,6388
15108,1,6475
15108,1,6689
15108,1,6788
15108,3,14731
15108,3,15439
1836,0,15112
2354,0,15112
2871,0,15112
2872,0,15112
4348,0,15112
10410,2,15112
15112,1,5972
15112,1,6003
15112,1,6131
15112,1,6250
15112,1,6520
15112,1,8341
15112,3,14522
15112,3,14579
15112,3,15046
15112,3,15240
15112,3,15124
2048,0,15113
3590,0,15113
4164,0,15113
5707,0,15113
10410,2,15113
15113,1,6185
15113,1,6272
15113,1,6279
15113,1,6295
15113,1,6337
15113,1,7445
15113,1,8558
15113,1,10175
15113,3,14673
2733,0,15114
3368,0,15114
10410,2,15114
15114,1,6185
15114,1,6309
15114,1,6359
15114,1,8720
15114,1,10176
15114,3,14441
15114,3,13499
15114,3,14323
15114,3,14329
15114,3,14808
15114,3,14326
15114,3,14377
15114,3,14651
15114,3,14549
15114,3,13515
15114,3,14595
15114,3,14528
15114,3,14735
15114,3,14409
15114,3,14314
15114,3,11395
15114,3,14430
15114,3,14440
15114,3,15017
15114,3,15099
15114,3,13550
15114,3,15103
15114,3,14537
15114,3,14541
15114,3,15100
15114,3,14539
15114,3,14592
15114,3,15168
15114,3,15170
15114,3,15177
15114,3,15180
15114,3,14633
15114,3,14649
15114,3,14674
15114,3,14689
15114,3,15293
15114,3,11603
15114,3,15360
15114,3,14746
2311,0,15117
4986,0,15117
10410,2,15117
15117,1,6005
15117,1,6249
15117,1,6322
15117,1,6656
15117,1,8543
15117,3,11217
15117,3,15066
912,0,15118
966,0,15118
4205,0,15118
10410,2,15118
15118,1,6131
15118,1,6309
15118,1,6322
15118,1,6337
15118,1,6671
15118,3,13610
15118,3,13556
15118,3,14556
15118,3,14745
15118,3,13616
15118,3,14898
405,0,15120
3042,0,15120
3043,0,15120
3050,0,15120
3051,0,15120
3052,0,15120
3080,0,15120
10410,2,15120
15120,1,5936
15120,1,5992
15120,1,6247
15120,1,6249
15120,1,6250
15120,1,6315
15120,1,6623
15120,1,7129
15120,1,7588
15120,1,8655
15120,3,14477
15120,3,14918
405,0,15121
3050,0,15121
3081,0,15121
10410,2,15121
15121,1,5992
15121,1,6157
15121,1,6249
15121,1,6255
15121,1,6311
15121,1,6346
15121,1,6623
15121,1,8394
15121,1,10177
15121,3,14303
15121,3,14477
15121,3,14137
15121,3,15381
15121,3,14907
15121,3,15215
15121,3,11328
15121,3,14351
15121,3,14068
15121,3,11651
15121,3,13555
15121,3,15553
127,0,15124
1501,0,15124
2610,0,15124
3457,0,15124
3591,0,15124
3636,0,15124
10410,2,15124
15124,1,6295
15124,1,6355
15124,1,6359
15124,1,6631
15124,1,7054
2995,0,15125
3079,0,15125
4137,0,15125
10410,2,15125
15125,1,6410
15125,1,6436
15125,1,6595
15125,1,6717
15125,1,7313
15125,1,8456
15125,1,9734
15125,1,10178
15125,3,15228
15125,3,14845
2995,0,15126
3079,0,15126
4277,0,15126
10410,2,15126
15126,1,7470
15126,1,8912
15126,1,10179
15126,3,14485
15126,3,15405
15126,3,15287
3966,0,15127
10410,2,15127
15127,1,5956
15127,1,6131
15127,1,6166
15127,1,7222
15127,1,9551
15127,3,14328
15127,3,14595
15127,3,14735
15127,3,15168
15127,3,15177
15127,3,15100
15127,3,15103
15127,3,14689
15127,3,15197
3457,0,15128
3636,0,15128
3966,0,15128
4978,0,15128
10410,2,15128
15128,1,5945
15128,1,6274
15128,1,6359
15128,1,7228
15128,1,8244
15128,3,13064
15128,3,15564
15128,3,14503
15128,3,14435
15128,3,14579
15128,3,15124
15128,3,14388
15128,3,13542
3966,0,15129
4499,0,15129
4911,0,15129
10410,2,15129
15129,1,6250
15129,1,6296
15129,1,6359
15129,1,7424
15129,1,7809
15129,1,10180
3966,0,15130
4499,0,15130
10410,2,15130
15130,1,6131
15130,1,6250
15130,1,6337
15130,1,6444
15130,1,6689
15130,1,7430
15130,1,8706
15130,1,9551
3966,0,15131
4499,0,15131
5834,0,15131
10410,2,15131
15131,1,5997
15131,1,6131
15131,1,6166
15131,1,7111
15131,1,8604
15131,1,10181
15131,3,14808
15131,3,14328
15131,3,14532
15131,3,14595
15131,3,13563
15131,3,15168
15131,3,15177
15131,3,14689
15131,3,13550
1882,0,15132
2052,0,15132
5693,0,15132
10410,2,15132
15132,1,6115
15132,1,6272
15132,1,6306
15132,1,7053
15132,1,10001
15132,3,14673
15132,3,15308
15132,3,15332
15132,3,14550
15132,3,14417
15132,3,14721
2950,0,15135
2951,0,15135
10410,2,15135
15135,1,5915
15135,1,5991
15135,1,6082
15135,1,6250
15135,1,6410
15135,1,6663
15135,1,7050
15135,1,10182
15135,3,14532
15135,3,14406
15135,3,15360
15135,3,15432
15135,3,11628
2875,0,15139
3365,0,15139
4151,0,15139
10410,2,15139
15139,1,6013
15139,1,6042
15139,1,6165
15139,1,6210
15139,1,6295
15139,1,6304
15139,1,8153
15139,3,14535
15139,3,15424
1950,0,15140
2039,0,15140
4382,0,15140
4710,0,15140
5835,0,15140
10410,2,15140
15140,1,6038
15140,1,6046
15140,1,6136
15140,1,6161
15140,1,6162
15140,1,6163
15140,1,6250
15140,3,14761
1195,0,15141
10410,2,15141
15141,1,6333
15141,1,6409
15141,1,6444
15141,3,14355
15141,3,13593
15141,3,14495
2859,0,15142
5836,0,15142
10410,2,15142
15142,1,6065
15142,1,6295
15142,1,6432
15142,1,6937
15142,1,7043
15142,1,10183
15142,1,10184
62,0,15143
252,0,15143
2964,0,15143
3128,0,15143
3130,0,15143
4051,0,15143
4136,0,15143
4825,0,15143
5711,0,15143
5777,0,15143
5837,0,15143
10410,2,15143
15143,1,6185
15143,1,6249
15143,1,6309
15143,1,6861
15143,1,8480
15143,3,14519
15143,3,14419
15143,3,11294
15143,3,11390
15143,3,14898
15143,3,14883
15143,3,15295
15143,3,14845
1956,0,15144
2953,0,15144
3163,0,15144
4825,0,15144
5838,0,15144
10410,2,15144
15144,1,6249
15144,1,6410
15144,1,10185
15144,3,15405
15144,3,11685
15144,3,11719
2493,0,15145
3358,0,15145
3433,0,15145
3434,0,15145
10410,2,15145
15145,1,6250
15145,1,6283
15145,1,6474
15145,1,6630
15145,1,6631
15145,1,6791
15145,3,14599
15145,3,14682
4193,0,15148
4250,0,15148
4692,0,15148
10410,2,15148
15148,1,5970
15148,1,6249
15148,1,6261
15148,1,6276
15148,1,8884
15148,3,14791
2090,0,15149
2093,0,15149
2095,0,15149
4981,0,15149
10410,2,15149
15149,1,5915
15149,1,5992
15149,1,6247
15149,1,6759
15149,1,7215
15149,1,7357
15149,1,8238
15149,1,10186
15149,3,14355
15149,3,15252
15149,3,14495
2090,0,15150
2093,0,15150
2095,0,15150
4981,0,15150
10410,2,15150
15150,1,5940
15150,1,5992
15150,1,6034
15150,1,6247
15150,1,6400
15150,1,6759
15150,1,7129
15150,1,7215
15150,1,10186
15150,3,14355
15150,3,14823
15150,3,14841
174,0,15152
3005,0,15152
3006,0,15152
10410,2,15152
15152,1,5967
15152,1,6608
15152,1,6662
15152,1,6988
15152,1,7271
15152,1,9766
15152,1,10187
15152,3,14326
15152,3,13515
15152,3,14496
15152,3,15084
15152,3,15020
15152,3,11395
15152,3,15202
15152,3,14881
2051,0,15154
4868,0,15154
4869,0,15154
5839,0,15154
5840,0,15154
10410,2,15154
15154,1,6006
15154,1,6028
15154,1,6306
15154,1,6425
15154,1,7515
15154,1,9286
15154,3,14371
15154,3,14914
372,0,15156
388,0,15156
2904,0,15156
10410,2,15156
15156,1,5995
15156,1,6028
15156,1,6065
15156,1,6242
15156,1,6250
15156,1,6295
15156,1,10188
15156,3,14725
15156,3,14366
15156,3,11491
15156,3,15084
15156,3,11466
15156,3,15465
15156,3,15199
15156,3,11608
15156,3,14860
15156,3,14881
15156,3,14803
15156,3,14847
15156,3,14567
1830,0,15157
1852,0,15157
3599,0,15157
10410,2,15157
15157,1,6322
15157,1,6371
15157,1,6738
15157,1,6739
15157,1,6902
15157,3,14549
15157,3,14543
15157,3,15415
15157,3,14409
15157,3,13550
1999,0,15158
3412,0,15158
10410,2,15158
15158,1,6539
15158,1,6620
15158,1,6853
15158,1,7050
15158,3,13078
15158,3,14368
15158,3,15071
15158,3,15289
2883,0,15159
3591,0,15159
3791,0,15159
10410,2,15159
15159,1,5949
15159,1,6247
15159,1,6337
15159,1,6410
15159,1,6554
15159,1,6577
15159,1,7622
15159,3,15322
15159,3,13542
1142,0,15160
1888,0,15160
2573,0,15160
3018,0,15160
5841,0,15160
5842,0,15160
10410,2,15160
15160,1,6230
15160,1,6295
15160,1,7748
15160,1,9182
15160,1,9560
15160,3,14582
1514,0,15162
3369,0,15162
3370,0,15162
3371,0,15162
3372,0,15162
5594,0,15162
10410,2,15162
15162,1,6016
15162,1,6353
15162,1,10189
15162,3,13491
1665,0,15163
1878,0,15163
1989,0,15163
10410,2,15163
15163,1,6295
15163,1,6371
15163,1,6390
15163,1,6475
15163,1,6593
15163,3,14604
3358,0,15164
3434,0,15164
4766,0,15164
10410,2,15164
15164,1,7863
15164,1,8045
15164,1,8394
15164,1,8939
15164,3,13537
15164,3,14433
15164,3,15322
15164,3,14958
15164,3,13542
15164,3,14753
15164,3,11638
15164,3,14762
15164,3,14764
3358,0,15165
3434,0,15165
4766,0,15165
10410,2,15165
15165,1,5949
15165,1,6322
15165,1,6361
15165,1,6410
15165,1,6436
15165,1,7556
15165,3,13537
15165,3,15322
15165,3,14958
15165,3,14764
15165,3,13542
2951,0,15166
3002,0,15166
3431,0,15166
4766,0,15166
4767,0,15166
10410,2,15166
15166,1,5915
15166,1,6081
15166,1,6333
15166,1,6801
15166,1,7597
15166,1,10069
15166,3,14588
1955,0,15167
10410,2,15167
15167,1,6777
15167,1,7563
15167,1,8051
15167,3,13576
15167,3,14687
15167,3,14323
15167,3,14329
15167,3,14808
15167,3,14331
15167,3,14377
15167,3,14651
15167,3,14549
15167,3,14532
15167,3,14794
15167,3,14752
15167,3,14406
15167,3,14519
15167,3,14595
15167,3,14735
15167,3,15360
15167,3,14927
15167,3,15168
15167,3,15177
15167,3,15432
15167,3,15178
15167,3,15359
15167,3,15170
15167,3,11705
15167,3,15293
15167,3,15100
15167,3,15103
15167,3,14883
15167,3,14896
15167,3,14440
15167,3,11003
15167,3,14744
15167,3,14689
15167,3,14746
15167,3,14539
15167,3,14409
15167,3,14603
15167,3,14592
1955,0,15169
3140,0,15169
10410,2,15169
15169,1,5918
15169,1,5978
15169,1,6013
15169,1,6029
15169,1,6577
15169,1,7597
15169,1,7617
127,0,15171
3591,0,15171
10410,2,15171
15171,1,5992
15171,1,6193
15171,1,6247
15171,1,6295
15171,1,6301
15171,1,6303
15171,1,6334
15171,1,6365
15171,3,14415
15171,3,14129
15171,3,14268
15171,3,13826
15171,3,15301
15171,3,14597
15171,3,10851
434,0,15173
4568,0,15173
10410,2,15173
15173,1,6042
15173,1,6304
15173,1,6322
15173,1,6539
15173,1,7430
15173,1,8945
15173,3,14682
18,0,15174
4706,0,15174
5843,0,15174
10410,2,15174
15174,1,6322
15174,1,6361
15174,1,6710
15174,1,6878
15174,1,6926
15174,1,7422
15174,1,7423
15174,1,7576
15174,1,8950
15174,3,14761
15174,3,14786
15174,3,14763
15174,3,14555
15174,3,11664
18,0,15175
4706,0,15175
5843,0,15175
10410,2,15175
15175,1,5987
15175,1,6322
15175,1,6425
15175,1,6710
15175,1,7576
15175,1,7629
15175,3,14761
15175,3,14763
15175,3,14555
15175,3,11664
1501,0,15182
1888,0,15182
4896,0,15182
10410,2,15182
15182,1,6050
15182,1,6071
15182,1,6326
15182,1,6352
15182,1,8447
15182,1,10191
15182,3,14652
15182,3,15248
2259,0,15183
2822,0,15183
4316,0,15183
4350,0,15183
10410,2,15183
15183,1,6013
15183,1,6046
15183,1,6136
15183,1,6250
15183,1,8333
1810,0,15184
1950,0,15184
10410,2,15184
15184,1,5949
15184,1,6566
15184,1,6656
15184,1,10192
15184,3,15416
1888,0,15185
1950,0,15185
3024,0,15185
10410,2,15185
15185,1,5936
15185,1,5980
15185,1,6050
15185,1,6185
15185,1,6276
15185,1,6337
15185,1,6710
15185,1,7481
15185,3,13585
15185,3,14761
15185,3,15355
15185,3,15334
15185,3,15220
15185,3,15365
15185,3,14378
15185,3,13545
2920,0,15186
4357,0,15186
4527,0,15186
4909,0,15186
10410,2,15186
15186,1,5936
15186,1,6022
15186,1,6282
15186,1,6322
15186,1,6932
15186,1,7470
1137,0,15187
2094,0,15187
2907,0,15187
10410,2,15187
15187,1,6242
15187,1,6250
15187,1,6526
15187,1,6731
15187,1,6732
15187,1,10193
15187,3,12957
15187,3,12958
181,0,15188
1887,0,15188
2018,0,15188
2021,0,15188
10410,2,15188
15188,1,6249
15188,1,6346
15188,1,6631
15188,1,7404
15188,1,7405
15188,1,8725
15188,3,14812
15188,3,14791
15188,3,14806
15188,3,11294
15188,3,15404
15188,3,15295
15188,3,14845
2610,0,15190
3613,0,15190
4021,0,15190
4862,0,15190
10410,2,15190
15190,1,6165
15190,1,6227
15190,1,10038
15190,1,10194
15190,3,13491
15190,3,11466
15190,3,14665
15190,3,13622
15190,3,14614
4239,0,15193
4455,0,15193
4807,0,15193
4808,0,15193
4973,0,15193
5548,0,15193
10410,2,15193
15193,1,5949
15193,1,6247
15193,1,6321
15193,1,6407
15193,1,6554
15193,1,7263
15193,3,15295
15193,3,13542
2076,0,15194
2908,0,15194
10410,2,15194
15194,1,5949
15194,1,6337
15194,1,6355
15194,1,6371
15194,1,6444
15194,3,15219
15194,3,11504
15194,3,14760
387,0,15196
1633,0,15196
2748,0,15196
3002,0,15196
3038,0,15196
3069,0,15196
3070,0,15196
3071,0,15196
4346,0,15196
10410,2,15196
15196,1,6111
15196,1,6309
15196,1,6322
15196,1,6512
15196,1,6705
15196,1,8400
15196,1,8446
15196,3,11046
15196,3,15133
15196,3,11652
15196,3,15020
15196,3,11466
15196,3,15427
15196,3,11740
15196,3,15251
15196,3,14426
15196,3,14491
15196,3,14717
1263,0,15197
4564,0,15197
10410,2,15197
15197,1,5997
15197,1,7823
15197,1,7885
15197,1,8214
15197,1,8544
15197,1,8942
15197,3,14808
15197,3,14532
15197,3,14689
15197,3,14562
805,0,15198
2964,0,15198
3909,0,15198
4838,0,15198
10410,2,15198
15198,1,6071
15198,1,6470
15198,1,6878
15198,3,14623
15198,3,14752
15198,3,15110
15198,3,11607
15198,3,14883
3904,0,15200
4202,0,15200
10410,2,15200
15200,1,6018
15200,1,6185
15200,1,6192
15200,1,6250
15200,1,6431
15200,1,6541
15200,1,6648
15200,3,14625
15200,3,13593
14,0,15205
405,0,15205
1884,0,15205
2022,0,15205
2493,0,15205
3331,0,15205
10410,2,15205
15205,1,5949
15205,1,6262
15205,1,6295
15205,1,9741
15205,1,10195
1156,0,15206
3231,0,15206
3872,0,15206
10410,2,15206
15206,1,6250
15206,1,6279
15206,1,6283
15206,1,6783
15206,3,13491
15206,3,11369
15206,3,14445
3521,0,15207
3764,0,15207
4156,0,15207
4968,0,15207
10410,2,15207
15207,1,5956
15207,1,6064
15207,1,6071
15207,1,6171
15207,1,6337
15207,1,6371
15207,1,6469
15207,1,6511
15207,1,7188
15207,1,7972
15207,3,14040
15207,3,14132
15207,3,11711
71,0,15208
10410,2,15208
15208,1,6250
15208,1,7775
15208,1,10196
2860,0,15210
3948,0,15210
4205,0,15210
10410,2,15210
15210,1,6249
15210,1,6322
15210,1,7052
15210,1,8555
15210,3,15110
15210,3,11441
15210,3,15404
15210,3,14886
3066,0,15211
4081,0,15211
4205,0,15211
4701,0,15211
10410,2,15211
15211,1,5936
15211,1,6096
15211,1,6250
15211,1,6283
15211,1,6322
15211,1,6416
15211,1,6474
15211,1,6491
15211,1,6855
15211,1,6987
15211,1,7474
15211,3,14556
15211,3,10757
15211,3,14898
3066,0,15212
4081,0,15212
4205,0,15212
4701,0,15212
10410,2,15212
15212,1,6249
15212,1,6250
15212,1,6495
15212,1,7402
15212,1,7424
15212,1,8912
15212,1,10197
15212,3,14556
15212,3,10757
15212,3,14898
618,0,15213
4707,0,15213
10410,2,15213
15213,1,5936
15213,1,5949
15213,1,5987
15213,1,6235
15213,1,6247
15213,1,6361
15213,1,7422
15213,1,7423
15213,1,8924
15213,3,14763
15213,3,15219
15213,3,15023
15213,3,11354
15213,3,14760
2031,0,15214
4031,0,15214
10410,2,15214
15214,1,6247
15214,1,6295
15214,1,8687
15214,3,14483
15214,3,13537
15214,3,13833
15214,3,14982
15214,3,15334
15214,3,14907
15214,3,11328
15214,3,15468
15214,3,14691
15214,3,14351
15214,3,14841
15214,3,14590
15214,3,14423
15214,3,10738
15214,3,13578
15214,3,13567
15214,3,15518
15214,3,15641
2610,0,15217
3457,0,15217
4836,0,15217
10410,2,15217
15217,1,6250
15217,1,6283
15217,1,7422
15217,1,7423
15217,1,7760
15217,1,8559
15217,3,14687
15217,3,14634
15217,3,11721
15217,3,15429
15217,3,15103
15217,3,14896
15217,3,14537
15217,3,14744
2610,0,15218
3223,0,15218
4836,0,15218
10410,2,15218
15218,1,5919
15218,1,5949
15218,1,6043
15218,1,6235
15218,1,6250
15218,1,6421
15218,1,7334
15218,1,7485
15218,1,10198
15218,3,14482
15218,3,15112
15218,3,11496
3229,0,15221
3457,0,15221
3636,0,15221
3792,0,15221
3966,0,15221
10410,2,15221
15221,1,6322
15221,1,6337
15221,1,6364
15221,1,6424
15221,1,6661
15221,1,6663
15221,1,6786
15221,3,14429
15221,3,15322
15221,3,13601
1888,0,15224
1889,0,15224
3636,0,15224
4904,0,15224
10410,2,15224
15224,1,6283
15224,1,6322
15224,1,6359
15224,1,7198
15224,1,8189
15224,1,8654
15224,3,14530
15224,3,13491
15224,3,15334
15224,3,15468
15224,3,14378
15224,3,11720
1884,0,15225
3942,0,15225
10410,2,15225
15225,1,6028
15225,1,6046
15225,1,6158
15225,1,6250
15225,1,6272
15225,1,6350
15225,1,6432
15225,1,6766
15225,1,9279
1968,0,15226
1969,0,15226
10410,2,15226
15226,1,6005
15226,1,6156
15226,1,6210
15226,1,6424
15226,1,7645
15226,1,8608
15226,1,10199
15226,3,14747
1954,0,15227
1968,0,15227
1969,0,15227
1970,0,15227
10410,2,15227
15227,1,6186
15227,1,6390
15227,1,6424
15227,1,6604
15227,1,7470
15227,1,7645
15227,1,8608
15227,1,9979
15227,3,14765
15227,3,14837
15227,3,15133
15227,3,15484
15227,3,13531
15227,3,14747
15227,3,14593
4195,0,15231
4196,0,15231
4197,0,15231
4198,0,15231
4917,0,15231
5764,0,15231
10410,2,15231
15231,1,6185
15231,1,6249
15231,1,7597
15231,1,8476
15231,1,9204
15231,3,15405
15231,3,14517
2655,0,15233
3640,0,15233
10410,2,15233
15233,1,6013
15233,1,6295
15233,1,7100
15233,1,10200
15233,3,14631
1820,0,15234
3063,0,15234
3078,0,15234
4701,0,15234
10410,2,15234
15234,1,5936
15234,1,6250
15234,1,6283
15234,1,6309
15234,1,6648
15234,1,7933
15234,1,8333
15234,1,10201
15234,1,10202
15234,3,14682
44,0,15235
45,0,15235
4193,0,15235
4951,0,15235
10410,2,15235
15235,1,6087
15235,1,6249
15235,1,6344
15235,1,6625
15235,1,6645
15235,1,7405
15235,1,9368
15235,1,10203
15235,3,14556
15235,3,14745
15235,3,14898
4213,0,15237
4720,0,15237
4840,0,15237
5798,0,15237
5844,0,15237
10410,2,15237
15237,1,6270
15237,1,6290
15237,1,6372
15237,1,6513
15237,1,6791
15237,1,7250
15237,1,8535
15237,3,14975
2343,0,15238
2488,0,15238
3156,0,15238
3613,0,15238
5845,0,15238
10410,2,15238
15238,1,6118
15238,1,6510
15238,1,6744
15238,1,8568
15238,3,14366
15238,3,15084
15238,3,14324
1137,0,15239
1504,0,15239
2488,0,15239
10410,2,15239
15239,1,6250
15239,1,6409
15239,1,6665
15239,1,8651
15239,1,10174
15239,3,14366
15239,3,13070
15239,3,14782
15239,3,14573
15239,3,11466
15239,3,15386
15239,3,14881
15239,3,11003
15239,3,14847
2068,0,15241
3439,0,15241
4252,0,15241
4819,0,15241
5847,0,15241
10410,2,15241
15241,1,6028
15241,1,6095
15241,1,6394
15241,1,6653
15241,1,6724
15241,1,6986
15241,1,7844
15241,1,9001
15241,1,9240
15241,1,9385
15241,3,15404
15241,3,14845
879,0,15242
2968,0,15242
4992,0,15242
10410,2,15242
15242,1,5939
15242,1,5978
15242,1,6185
15242,1,6250
15242,1,6283
15242,1,6295
15242,1,6390
15242,3,14682
15242,3,13491
15242,3,15380
15242,3,14793
3705,0,15243
10410,2,15243
15243,1,5945
15243,1,6173
15243,1,6181
15243,1,6337
15243,1,6436
15243,1,6999
15243,1,7666
15243,1,8028
15243,3,14441
15243,3,14599
15243,3,14807
15243,3,14958
15243,3,15320
15243,3,14486
15243,3,14675
15243,3,14610
2052,0,15244
3130,0,15244
3239,0,15244
4503,0,15244
4894,0,15244
4916,0,15244
10410,2,15244
15244,1,5949
15244,1,9045
15244,1,9786
15244,1,10133
1142,0,15245
1950,0,15245
2019,0,15245
2573,0,15245
5842,0,15245
10410,2,15245
15245,1,6024
15245,1,6118
15245,1,6280
15245,1,6286
15245,1,6878
15245,1,7556
15245,3,13585
15245,3,14761
15245,3,11236
15245,3,15397
15245,3,15195
15245,3,15355
15245,3,15343
15245,3,14378
32,0,15247
1807,0,15247
3022,0,15247
3521,0,15247
10410,2,15247
15247,1,6181
15247,1,6364
15247,1,6491
15247,1,6590
15247,1,6612
15247,1,7536
15247,1,7634
15247,1,8942
15247,3,14716
15247,3,15260
15247,3,15246
15247,3,15394
15247,3,14881
15247,3,14378
15247,3,11543
15247,3,14847
2872,0,15250
4284,0,15250
10410,2,15250
15250,1,5972
15250,1,6185
15250,1,6250
15250,1,6266
15250,1,6424
15250,1,6604
15250,1,7812
15250,1,10204
15250,3,13586
15250,3,14778
325,0,15254
2087,0,15254
3343,0,15254
3432,0,15254
3996,0,15254
10410,2,15254
15254,1,5936
15254,1,6013
15254,1,6086
15254,1,6250
15254,1,6350
15254,1,6713
15254,1,7603
15254,1,8311
1603,0,15255
2074,0,15255
2087,0,15255
2630,0,15255
4001,0,15255
4157,0,15255
4158,0,15255
5848,0,15255
5849,0,15255
10410,2,15255
15255,1,5989
15255,1,5992
15255,1,6178
15255,1,6270
15255,1,6295
15255,1,6331
15255,1,7357
15255,1,8238
15255,1,8585
15255,1,9608
15255,3,14417
195,0,15256
1504,0,15256
2107,0,15256
10410,2,15256
15256,1,6078
15256,1,6118
15256,1,6435
15256,1,6871
15256,1,7536
15256,1,9847
15256,3,14366
15256,3,13070
15256,3,14782
15256,3,14573
15256,3,15189
15256,3,11652
15256,3,14881
15256,3,14426
15256,3,14717
15256,3,14847
15256,3,14567
2540,0,15257
2635,0,15257
3829,0,15257
4579,0,15257
10410,2,15257
15257,1,5989
15257,1,6001
15257,1,6249
15257,1,7748
15257,1,10205
15257,1,10206
15257,3,14595
15257,3,15404
15257,3,12224
15257,3,14727
15257,3,11727
1603,0,15258
2074,0,15258
2087,0,15258
4155,0,15258
4157,0,15258
4158,0,15258
4274,0,15258
10410,2,15258
15258,1,5992
15258,1,6165
15258,1,6272
15258,1,7484
15258,1,8132
15258,1,8670
15258,1,9074
15258,3,14673
15258,3,15603
15258,3,15308
15258,3,14417
15258,3,15549
1603,0,15259
2074,0,15259
2087,0,15259
4157,0,15259
4158,0,15259
4630,0,15259
5849,0,15259
10410,2,15259
15259,1,5992
15259,1,6028
15259,1,6250
15259,1,6295
15259,1,6331
15259,1,6354
15259,1,6475
15259,1,6867
15259,1,7699
15259,1,8670
15259,1,10207
15259,1,10208
15259,3,15586
15259,3,15255
15259,3,14417
1499,0,15262
1501,0,15262
1599,0,15262
10410,2,15262
15262,1,6416
15262,1,7054
15262,1,8912
15262,3,14339
15262,3,11653
3060,0,15263
3409,0,15263
10410,2,15263
15263,1,5949
15263,1,6047
15263,1,6052
15263,1,6078
15263,1,6079
15263,1,6220
15263,1,6410
15263,1,6705
748,0,15264
1821,0,15264
2117,0,15264
3510,0,15264
4237,0,15264
10410,2,15264
15264,1,6022
15264,1,6207
15264,1,6249
15264,1,6531
15264,1,6696
15264,1,6911
15264,1,6948
15264,1,7052
15264,1,8604
15264,1,10209
15264,3,13576
15264,3,14323
15264,3,11390
15264,3,14883
15264,3,15295
15264,3,14409
1821,0,15265
2117,0,15265
4237,0,15265
10410,2,15265
15265,1,6206
15265,1,6207
15265,1,6391
15265,1,6500
15265,1,6501
15265,1,7063
15265,1,8604
15265,1,10210
15265,3,14323
15265,3,14808
15265,3,14735
15265,3,15360
15265,3,15432
15265,3,14689
15265,3,14539
15265,3,14409
15265,3,14603
1821,0,15266
2117,0,15266
4237,0,15266
10410,2,15266
15266,1,5929
15266,1,5936
15266,1,6022
15266,1,6249
15266,1,6355
15266,1,6696
15266,1,6911
15266,1,8604
15266,1,10211
15266,3,13576
15266,3,14323
15266,3,13520
15266,3,14791
15266,3,14752
15266,3,14519
15266,3,15360
15266,3,11294
15266,3,15178
15266,3,11390
15266,3,11705
15266,3,15490
15266,3,14883
15266,3,14409
15266,3,11396
15266,3,14727
10,0,15267
1874,0,15267
1875,0,15267
5427,0,15267
5428,0,15267
10410,2,15267
15267,1,5949
15267,1,6043
15267,1,6171
15267,1,6214
15267,1,6242
15267,1,7418
15267,1,7443
15267,1,8022
15267,1,10212
191,0,15270
433,0,15270
2264,0,15270
10410,2,15270
15270,1,6095
15270,1,6250
15270,1,6261
15270,1,6303
15270,1,6955
188,0,15271
1434,0,15271
10410,2,15271
15271,1,6052
15271,1,6185
15271,1,6309
15271,1,6436
15271,1,8050
15271,1,8970
15271,1,8989
15271,3,14533
15271,3,14656
15271,3,14961
15271,3,15278
15271,3,15471
15271,3,14993
15271,3,11405
15271,3,14529
15271,3,15272
188,0,15272
1434,0,15272
2622,0,15272
3775,0,15272
5850,0,15272
10410,2,15272
15272,1,6206
15272,1,6303
15272,1,6309
15272,1,6322
15272,1,6400
15272,1,6926
15272,1,7063
15272,3,13491
15272,3,14852
3060,0,15273
3163,0,15273
10410,2,15273
15273,1,6008
15273,1,7597
15273,1,7775
15273,1,8181
15273,3,14751
15273,3,11048
15273,3,15432
15273,3,14856
15273,3,11685
15273,3,14442
1514,0,15276
3369,0,15276
3370,0,15276
3371,0,15276
3372,0,15276
10410,2,15276
15276,1,6185
15276,1,6353
15276,1,6354
15276,1,6495
15276,1,6648
15276,1,7553
15276,1,7849
15276,1,7933
15276,3,11641
2106,0,15277
2645,0,15277
2646,0,15277
4152,0,15277
10410,2,15277
15277,1,6127
15277,1,6249
15277,1,6296
15277,1,6309
15277,1,6337
15277,1,6442
15277,1,6575
15277,1,6770
15277,1,7405
15277,1,10214
15277,3,14813
15277,3,14791
15277,3,14473
15277,3,11056
15277,3,10883
15277,3,14715
15277,3,14447
15277,3,14845
15277,3,11699
15277,3,11658
15277,3,14450
15277,3,14421
15277,3,11703
1507,0,15279
2964,0,15279
4927,0,15279
4928,0,15279
10410,2,15279
15279,1,6256
15279,1,6307
15279,1,6308
15279,1,6436
15279,1,7612
15279,1,8470
15279,3,13618
15279,3,15274
15279,3,14636
15279,3,14537
15279,3,14700
5851,0,15281
5852,0,15281
10410,2,15281
15281,1,7763
15281,1,8261
15281,1,9883
15281,1,9985
15281,1,10215
1193,0,15282
1195,0,15282
10410,2,15282
15282,1,5948
15282,1,6250
15282,1,6541
15282,1,8814
15282,3,15567
15282,3,13510
15282,3,14625
15282,3,14617
15282,3,13593
15282,3,15306
2967,0,15283
2997,0,15283
3083,0,15283
10410,2,15283
15283,1,6290
15283,1,8880
15283,1,10190
15283,1,10216
2022,0,15285
2983,0,15285
3010,0,15285
10410,2,15285
15285,1,5924
15285,1,5978
15285,1,6013
15285,1,6107
15285,1,6139
15285,1,6193
15285,1,6295
15285,3,14735
15285,3,15284
15285,3,14886
15285,3,15170
15285,3,14888
2983,0,15286
3003,0,15286
3010,0,15286
10410,2,15286
15286,1,6270
15286,1,7611
15286,1,8071
15286,1,10217
15286,1,10218
15286,3,14886
15286,3,14888
15286,3,14950
15286,3,14717
1836,0,15287
2846,0,15287
2875,0,15287
10410,2,15287
15287,1,6157
15287,1,6249
15287,1,6250
15287,1,6322
15287,1,6363
15287,1,6541
15287,3,14508
15287,3,15405
15287,3,15137
15287,3,14465
15287,3,14517
15287,3,15288
15287,3,15404
15287,3,15406
653,0,15290
1167,0,15290
3494,0,15290
10410,2,15290
15290,1,6214
15290,1,6242
15290,1,6250
15290,1,6645
15290,1,7005
15290,1,7420
15290,1,10219
15290,3,14366
15290,3,15004
15290,3,12873
15290,3,11466
15290,3,14573
15290,3,15170
15290,3,14651
15290,3,15418
15290,3,14808
2951,0,15291
3002,0,15291
3403,0,15291
3986,0,15291
4533,0,15291
4534,0,15291
10410,2,15291
15291,1,6608
15291,1,6696
15291,1,7870
15291,1,8779
15291,1,9244
15291,3,14323
15291,3,14406
15291,3,14735
15291,3,11282
15291,3,15360
15291,3,15432
15291,3,11480
15291,3,14746
15291,3,14407
15291,3,14588
15291,3,14539
15291,3,14409
15291,3,14592
2914,0,15292
4410,0,15292
4411,0,15292
4412,0,15292
5329,0,15292
5330,0,15292
10410,2,15292
15292,1,6014
15292,1,6038
15292,1,6089
15292,1,6136
15292,1,6250
15292,1,6593
15292,1,9028
15292,1,10220
15292,1,10221
2995,0,15294
3079,0,15294
4137,0,15294
5853,0,15294
10410,2,15294
15294,1,6050
15294,1,6436
15294,1,7653
15294,1,8113
15294,1,8379
15294,1,9268
15294,1,10178
3196,0,15296
4206,0,15296
4567,0,15296
10410,2,15296
15296,1,5915
15296,1,5992
15296,1,6178
15296,1,6237
15296,1,6250
15296,1,6475
15296,1,10039
15296,3,10955
15296,3,14907
2421,0,15297
4352,0,15297
5854,0,15297
5855,0,15297
10410,2,15297
15297,1,5929
15297,1,5970
15297,1,5972
15297,1,6082
15297,1,6136
15297,1,6185
15297,1,6447
15297,1,6843
1885,0,15298
3025,0,15298
4984,0,15298
10410,2,15298
15298,1,6249
15298,1,6276
15298,1,6346
15298,1,6656
15298,3,11217
15298,3,14742
15298,3,14623
15298,3,15110
15298,3,14992
15298,3,15040
2074,0,15302
2075,0,15302
4565,0,15302
10410,2,15302
15302,1,5970
15302,1,5992
15302,1,6075
15302,1,6264
15302,1,6265
15302,1,6352
15302,1,8506
15302,1,8838
15302,3,13088
15302,3,14569
15302,3,14325
15302,3,15604
15302,3,12878
5089,0,15303
5090,0,15303
5856,0,15303
10410,2,15303
15303,1,6065
15303,1,6295
15303,1,6297
15303,1,6525
15303,1,7273
15303,1,7437
15303,1,8486
15303,1,9204
15303,1,10222
15303,1,10223
15303,3,13154
174,0,15307
10410,2,15307
15307,1,6295
15307,1,6309
15307,1,7106
15307,1,7604
15307,1,10080
15307,3,14791
15307,3,15404
15307,3,15406
15307,3,15295
1964,0,15308
10410,2,15308
15308,1,5992
15308,1,6028
15308,1,6230
15308,1,6272
15308,3,15255
15308,3,14417
15308,3,15549
15308,3,15646
1964,0,15309
10410,2,15309
15309,1,6165
15309,1,6230
15309,1,6374
15309,1,6408
1964,0,15310
10410,2,15310
15310,1,5970
15310,1,6197
15310,1,6337
15310,1,6371
15310,1,6811
15310,1,6878
15310,1,7734
15310,1,8718
15310,1,9771
15310,3,15314
15310,3,11322
15310,3,11406
15310,3,15274
15310,3,11323
15310,3,11268
15310,3,15311
15310,3,15312
15310,3,14700
2072,0,15315
2959,0,15315
3358,0,15315
3433,0,15315
3722,0,15315
4574,0,15315
10410,2,15315
15315,1,6161
15315,1,6171
15315,1,6185
15315,1,6250
15315,1,6283
15315,1,6439
15315,1,6495
15315,1,6655
15315,1,6656
15315,1,7647
15315,3,11482
1962,0,15316
1963,0,15316
4731,0,15316
5857,0,15316
10410,2,15316
15316,1,5936
15316,1,5992
15316,1,6044
15316,1,6118
15316,1,6178
15316,1,6249
15316,1,6250
15316,1,6652
15316,1,6935
15316,1,7225
15316,1,7922
15316,1,8377
15316,1,8791
3793,0,15317
4269,0,15317
4294,0,15317
10410,2,15317
15317,1,6050
15317,1,6249
15317,1,6322
15317,1,6495
15317,1,6575
15317,1,9004
15317,3,14813
15317,3,14745
15317,3,14623
15317,3,14473
15317,3,15110
15317,3,15040
15317,3,15295
15317,3,10883
15317,3,11699
15317,3,14450
15317,3,11719
2733,0,15321
3340,0,15321
3995,0,15321
3999,0,15321
4234,0,15321
4321,0,15321
10410,2,15321
15321,1,6046
15321,1,6159
15321,1,6353
15321,1,6354
15321,1,7916
15321,1,10041
15321,3,14489
15321,3,14680
294,0,15322
384,0,15322
1821,0,15322
2033,0,15322
3674,0,15322
10410,2,15322
15322,1,6253
15322,1,6322
15322,1,6436
15322,1,7556
15322,1,8045
15322,1,8394
15322,3,13542
174,0,15324
3005,0,15324
10410,2,15324
15324,1,6420
15324,1,6424
15324,1,6584
15324,1,6833
15324,1,8613
15324,3,15020
15324,3,11610
1993,0,15325
1994,0,15325
2965,0,15325
10410,2,15325
15325,1,5926
15325,1,5936
15325,1,6165
15325,1,6303
15325,1,6472
15325,1,7384
15325,1,7704
15325,1,7748
15325,1,10224
698,0,15326
3332,0,15326
5858,0,15326
10410,2,15326
15326,1,5970
15326,1,6000
15326,1,6242
15326,1,6250
15326,1,6333
15326,1,7661
15326,1,8565
15326,1,8673
15326,3,10903
15326,3,15092
15326,3,15323
1501,0,15327
4573,0,15327
10410,2,15327
15327,1,6249
15327,1,6250
15327,1,6485
15327,1,10225
15327,3,15621
1972,0,15328
1973,0,15328
2356,0,15328
4166,0,15328
4288,0,15328
10410,2,15328
15328,1,6086
15328,1,6087
15328,1,6461
15328,1,6807
15328,3,13760
4593,0,15329
10410,2,15329
15329,1,7223
15329,1,9252
15329,1,10007
3331,0,15330
4258,0,15330
4790,0,15330
5564,0,15330
10410,2,15330
15330,1,6013
15330,1,6295
15330,1,6456
15330,1,6918
15330,1,7318
15330,1,7641
15330,1,8290
1501,0,15334
1888,0,15334
1889,0,15334
4148,0,15334
10410,2,15334
15334,1,6197
15334,1,6276
15334,1,6309
15334,1,6337
15334,1,7385
15334,1,8542
15334,3,15384
15334,3,14352
15334,3,15023
15334,3,15468
1627,0,15335
1996,0,15335
2866,0,15335
3156,0,15335
10410,2,15335
15335,1,5949
15335,1,6016
15335,1,6052
15335,1,6277
15335,1,6287
15335,1,6351
15335,1,7666
15335,1,9761
15335,3,13597
15335,3,11546
15335,3,11499
15335,3,14378
1850,0,15337
2037,0,15337
2592,0,15337
4539,0,15337
4540,0,15337
4983,0,15337
5708,0,15337
5766,0,15337
5790,0,15337
5861,0,15337
5862,0,15337
10410,2,15337
15337,1,6060
15337,1,6295
15337,1,6410
15337,1,8912
15337,3,14791
15337,3,14715
2037,0,15338
3390,0,15338
5708,0,15338
5766,0,15338
5861,0,15338
5863,0,15338
10410,2,15338
15338,1,6249
15338,1,6250
15338,1,6276
15338,1,6295
15338,1,6410
15338,1,6706
15338,3,14791
15338,3,15110
15338,3,14715
1874,0,15339
2169,0,15339
3229,0,15339
3854,0,15339
5864,0,15339
10410,2,15339
15339,1,5949
15339,1,6200
15339,1,6276
15339,1,6475
15339,1,6569
15339,3,11691
15339,3,14810
15339,3,11504
15339,3,13358
15339,3,15087
15339,3,15468
15339,3,11622
15339,3,14378
15339,3,13096
2953,0,15340
4768,0,15340
4944,0,15340
4999,0,15340
10410,2,15340
15340,1,5966
15340,1,6253
15340,1,6425
15340,1,6488
15340,1,7612
15340,1,9443
15340,3,14758
15340,3,10963
15340,3,14538
15340,3,14853
15340,3,14466
15340,3,14555
15340,3,11466
15340,3,14987
15340,3,14376
15340,3,14559
15340,3,14672
15340,3,14708
15340,3,14697
3328,0,15341
4455,0,15341
4538,0,15341
4566,0,15341
4831,0,15341
10410,2,15341
15341,1,5945
15341,1,6012
15341,1,6014
15341,1,6150
15341,1,6247
15341,1,6623
15341,1,8025
15341,1,9317
15341,1,10226
15341,1,10227
15341,3,15570
15341,3,15544
15341,3,14457
15341,3,15605
1069,0,15343
3778,0,15343
10410,2,15343
15343,1,6050
15343,1,6197
15343,1,6286
15343,1,6322
15343,1,6350
15343,1,6655
15343,1,6656
15343,1,7547
15343,1,9773
15343,3,13585
15343,3,14513
15343,3,14761
15343,3,14404
15343,3,14378
15343,3,14937
15343,3,14632
399,0,15344
1069,0,15344
3778,0,15344
10410,2,15344
15344,1,6050
15344,1,6197
15344,1,6322
15344,1,6350
15344,1,6647
15344,1,6655
15344,1,6656
15344,1,7959
15344,3,13585
15344,3,14761
15344,3,14786
15344,3,13598
15344,3,15343
15344,3,14378
162,0,15345
1069,0,15345
1263,0,15345
3778,0,15345
10410,2,15345
15345,1,5949
15345,1,5987
15345,1,6185
15345,1,6235
15345,1,6309
15345,3,14476
15345,3,14404
15345,3,15397
15345,3,11515
15345,3,14378
3494,0,15346
4780,0,15346
4946,0,15346
10410,2,15346
15346,1,6206
15346,1,6242
15346,1,7430
15346,1,10228
15346,3,14754
15346,3,14682
15346,3,14496
15346,3,14532
15346,3,15222
15346,3,11297
15346,3,15103
15346,3,14537
399,0,15347
3494,0,15347
4946,0,15347
10410,2,15347
15347,1,5991
15347,1,6171
15347,1,6314
15347,1,6575
15347,1,7418
15347,1,7424
15347,3,14480
15347,3,14308
15347,3,14496
15347,3,12969
15347,3,11674
15347,3,14766
15347,3,11430
15347,3,12927
15347,3,11613
15347,3,13099
1501,0,15348
4572,0,15348
10410,2,15348
15348,1,6050
15348,1,6390
15348,1,6575
15348,1,6788
15348,1,8064
15348,3,14485
15348,3,14791
15348,3,15404
15348,3,11390
15348,3,14739
15348,3,14845
2198,0,15350
2822,0,15350
10410,2,15350
15350,1,6064
15350,1,6086
15350,1,6136
15350,1,6340
15350,1,6570
1137,0,15352
3045,0,15352
3778,0,15352
4153,0,15352
10410,2,15352
15352,1,5936
15352,1,5947
15352,1,6118
15352,1,6308
15352,1,6954
15352,1,7253
15352,1,8522
15352,1,8603
15352,1,10229
15352,3,14731
15352,3,15439
15352,3,13542
15352,3,11564
15352,3,15498
2548,0,15353
2735,0,15353
4238,0,15353
10410,2,15353
15353,1,5947
15353,1,7318
15353,1,10213
15353,1,10230
2548,0,15354
4162,0,15354
4238,0,15354
10410,2,15354
15354,1,6337
15354,1,6346
15354,1,6413
15354,1,9362
15354,1,10056
15354,1,10213
15354,3,14898
15354,3,15617
5860,0,15356
5865,0,15356
10410,2,15356
15356,1,6146
15356,1,6322
15356,1,6487
15356,1,10231
15356,1,10232
15356,3,15424
5859,0,15357
5860,0,15357
10410,2,15357
15357,1,6013
15357,1,6250
15357,1,6295
15357,1,6354
15357,1,6475
15357,1,7605
15357,1,8333
15357,1,9204
15357,1,9263
15357,1,10233
1892,0,15358
3368,0,15358
10410,2,15358
15358,1,6071
15358,1,6229
15358,1,6249
15358,1,6250
15358,1,6676
15358,1,8544
15358,3,14808
15358,3,14752
15358,3,14519
15358,3,15110
15358,3,15360
15358,3,11294
15358,3,11390
15358,3,14883
15358,3,15295
876,0,15361
4208,0,15361
4300,0,15361
4345,0,15361
4883,0,15361
10410,2,15361
15361,1,5992
15361,1,6250
15361,1,6602
15361,3,13593
15361,3,15306
15361,3,15304
15361,3,11427
15361,3,14826
2814,0,15362
3130,0,15362
3375,0,15362
10410,2,15362
15362,1,6014
15362,1,10099
15362,1,10234
15362,3,14780
15362,3,14726
15362,3,14419
15362,3,11361
15362,3,14932
15362,3,14886
15362,3,11528
15362,3,14888
15362,3,14880
15362,3,14717
15362,3,14790
2953,0,15363
3002,0,15363
3163,0,15363
3343,0,15363
4548,0,15363
10410,2,15363
15363,1,5943
15363,1,6424
15363,1,7998
15363,3,14688
414,0,15366
415,0,15366
1954,0,15366
5866,0,15366
10410,2,15366
15366,1,6013
15366,1,6086
15366,1,6157
15366,1,6250
15366,1,6279
15366,1,6821
15366,1,10235
2231,0,15368
3560,0,15368
5339,0,15368
5867,0,15368
10410,2,15368
15368,1,6003
15368,1,6276
15368,1,6337
15368,1,6655
15368,1,6656
15368,1,8414
15368,1,8618
15368,3,13585
15368,3,14761
15368,3,11691
15368,3,13598
15368,3,11236
15368,3,15393
15368,3,15355
15368,3,14378
2655,0,15369
5868,0,15369
10410,2,15369
15369,1,5993
15369,1,6185
15369,1,6295
15369,1,7152
15369,1,7586
15369,1,8984
15369,3,14589
15369,3,15432
3165,0,15370
3173,0,15370
10410,2,15370
15370,1,6013
15370,1,6052
15370,1,6060
15370,1,6090
15370,1,6136
15370,1,6295
15370,1,6350
15370,1,6410
15370,1,7574
15370,1,10236
15370,3,15425
197,0,15371
3151,0,15371
3326,0,15371
4202,0,15371
4345,0,15371
4384,0,15371
4569,0,15371
4599,0,15371
10410,2,15371
15371,1,6250
15371,1,6295
15371,1,6326
15371,1,6648
15371,1,9762
15371,3,14625
15371,3,13593
15371,3,15252
15371,3,14734
203,0,15372
1895,0,15372
1896,0,15372
1900,0,15372
10410,2,15372
15372,1,6054
15372,1,7136
15372,1,7448
15372,1,7536
15372,1,7741
15372,1,8268
15372,1,9002
15372,1,10237
15372,3,14456
15372,3,14534
15372,3,15336
15372,3,15236
15372,3,15332
15372,3,14740
1457,0,15373
3035,0,15373
10410,2,15373
15373,1,5927
15373,1,6013
15373,1,6099
15373,1,6250
15373,1,6475
15373,1,6517
15373,1,6791
15373,1,7061
15373,1,7358
3304,0,15374
3673,0,15374
4562,0,15374
10410,2,15374
15374,1,6185
15374,1,6623
15374,1,7170
15374,1,7800
15374,1,9659
3673,0,15375
4562,0,15375
10410,2,15375
15375,1,6013
15375,1,6142
15375,1,6295
15375,1,6587
15375,1,6662
15375,1,7016
15375,1,9807
15375,3,14685
15375,3,14819
15375,3,15151
15375,3,15364
1434,0,15378
2622,0,15378
3509,0,15378
3774,0,15378
4526,0,15378
5784,0,15378
10410,2,15378
15378,1,6157
15378,1,6185
15378,1,6623
15378,1,6926
15378,1,7645
15378,1,7778
15378,1,10238
15378,3,14308
15378,3,14852
487,0,15380
2968,0,15380
3801,0,15380
3802,0,15380
10410,2,15380
15380,1,5972
15380,1,6009
15380,1,6046
15380,1,6185
15380,1,6242
15380,1,6250
15380,1,6575
15380,1,7357
15380,1,7556
15380,1,9344
15380,3,15465
2030,0,15382
2581,0,15382
2880,0,15382
10410,2,15382
15382,1,6295
15382,1,6305
15382,1,6744
15382,1,7574
15382,3,14565
15382,3,15180
15382,3,15415
15382,3,14314
15382,3,11509
1904,0,15383
1905,0,15383
2494,0,15383
3750,0,15383
10410,2,15383
15383,1,5970
15383,1,5987
15383,1,6206
15383,1,6247
15383,1,6322
15383,1,6351
15383,1,6463
15383,1,8813
15383,3,15384
15383,3,14866
15383,3,15395
15383,3,14378
15383,3,15023
15383,3,15172
377,0,15385
3992,0,15385
4955,0,15385
5869,0,15385
10410,2,15385
15385,1,5921
15385,1,6526
15385,1,6798
15385,1,6810
15385,1,9998
15385,1,10239
15385,3,13064
3992,0,15386
5779,0,15386
10410,2,15386
15386,1,6250
15386,1,6505
15386,1,6590
15386,1,7536
15386,1,10240
15386,3,15147
15386,3,15146
376,0,15387
1806,0,15387
2157,0,15387
3119,0,15387
10410,2,15387
15387,1,6172
15387,1,7641
15387,1,10241
15387,3,14952
1357,0,15388
3035,0,15388
3348,0,15388
4991,0,15388
10410,2,15388
15388,1,5970
15388,1,6026
15388,1,6127
15388,1,6416
15388,1,6531
15388,1,7336
15388,1,7988
15388,3,14619
15388,3,14355
15388,3,15552
15388,3,15306
15388,3,15024
15388,3,14823
15388,3,14826
15388,3,14495
15388,3,14388
15388,3,11579
15388,3,11359
15388,3,14318
311,0,15390
2728,0,15390
4644,0,15390
10410,2,15390
15390,1,5936
15390,1,5951
15390,1,6136
15390,1,6205
15390,1,6261
15390,1,6295
15390,1,6556
15390,1,6848
15390,1,7320
15390,1,10242
15390,3,14754
15390,3,14419
15390,3,14886
15390,3,14888
15390,3,14950
316,0,15391
1952,0,15391
2022,0,15391
2048,0,15391
2846,0,15391
3618,0,15391
10410,2,15391
15391,1,6136
15391,1,6249
15391,1,6250
15391,1,6487
15391,1,10243
15391,3,15404
15391,3,15364
15391,3,15424
15391,3,11227
15391,3,14845
3031,0,15393
3032,0,15393
3047,0,15393
3084,0,15393
4510,0,15393
4511,0,15393
4753,0,15393
10410,2,15393
15393,1,6118
15393,1,6292
15393,1,6295
15393,1,6322
15393,1,6337
15393,1,7556
15393,1,7748
15393,1,8679
15393,1,8976
15393,3,14531
15393,3,14938
15393,3,14378
15393,3,15024
15393,3,11543
2893,0,15396
10410,2,15396
15396,1,6000
15396,1,6086
15396,1,6249
15396,1,7318
15396,1,7597
15396,1,8536
2703,0,15398
2739,0,15398
4129,0,15398
10410,2,15398
15398,1,6141
15398,1,6335
15398,1,6420
15398,1,6464
15398,1,6474
15398,1,6663
15398,1,8387
15398,3,13483
15398,3,14906
15398,3,11660
15398,3,11305
15398,3,13532
2051,0,15401
5000,0,15401
5870,0,15401
10410,2,15401
15401,1,6087
15401,1,6118
15401,1,6250
15401,1,6337
15401,1,7424
15401,1,9257
15401,1,10134
15401,3,14720
15401,3,14315
15401,3,15603
15401,3,15646
15401,3,14721
15401,3,11486
1846,0,15402
2051,0,15402
5000,0,15402
10410,2,15402
15402,1,6001
15402,1,6250
15402,1,6352
15402,1,6413
15402,1,6471
15402,1,6641
15402,1,6736
15402,3,14720
15402,3,15646
15402,3,14721
429,0,15403
2051,0,15403
5000,0,15403
10410,2,15403
15403,1,6001
15403,1,6070
15403,1,6250
15403,1,7999
15403,1,8791
15403,1,9181
15403,3,14720
15403,3,15603
15403,3,15646
3460,0,15405
4502,0,15405
4504,0,15405
5871,0,15405
5872,0,15405
10410,2,15405
15405,1,6016
15405,1,6249
15405,1,6250
15405,1,6308
15405,1,6410
15405,3,14517
15405,3,14559
15405,3,15240
15405,3,15406
15405,3,11640
311,0,15407
2727,0,15407
2728,0,15407
3167,0,15407
4644,0,15407
10410,2,15407
15407,1,6139
15407,1,6261
15407,1,6516
15407,1,6716
15407,1,7735
15407,1,8425
15407,1,10244
15407,3,14419
15407,3,14886
15407,3,14888
15407,3,14950
618,0,15408
4055,0,15408
4708,0,15408
4947,0,15408
5873,0,15408
10410,2,15408
15408,1,6206
15408,1,6250
15408,1,7475
15408,1,8694
15408,1,10245
2859,0,15409
2872,0,15409
10410,2,15409
15409,1,6266
15409,1,6295
15409,1,6531
15409,1,6604
15409,1,6952
15409,1,7241
404,0,15410
405,0,15410
1810,0,15410
3361,0,15410
10410,2,15410
15410,1,5990
15410,1,7357
15410,1,7941
15410,1,8268
15410,1,9167
42,0,15412
2094,0,15412
3273,0,15412
10410,2,15412
15412,1,5936
15412,1,5996
15412,1,6052
15412,1,6078
15412,1,6118
15412,1,6250
15412,1,9585
15412,3,15464
15412,3,14304
15412,3,11855
15412,3,15411
15412,3,14760
15412,3,14324
2031,0,15414
10410,2,15414
15414,1,5992
15414,1,6046
15414,1,7125
15414,1,7223
15414,1,8131
2265,0,15419
2266,0,15419
4130,0,15419
4551,0,15419
5874,0,15419
5875,0,15419
5876,0,15419
5877,0,15419
5878,0,15419
5879,0,15419
10410,2,15419
15419,1,6086
15419,1,6161
15419,1,6655
15419,1,6656
15419,1,8004
15419,1,10247
15419,3,15299
1827,0,15420
2072,0,15420
4274,0,15420
10410,2,15420
15420,1,6283
15420,1,6768
15420,1,8653
15420,1,8983
15420,1,9257
15420,3,13491
2955,0,15421
4184,0,15421
10410,2,15421
15421,1,6307
15421,1,6940
15421,1,7637
15421,1,8252
15421,1,10248
3050,0,15422
3068,0,15422
3080,0,15422
10410,2,15422
15422,1,5992
15422,1,6081
15422,1,6086
15422,1,6092
15422,1,6165
15422,1,6420
15422,1,6728
15422,1,7169
15422,1,7577
15422,1,8585
15422,3,13897
15422,3,15381
15422,3,14597
376,0,15423
1871,0,15423
5243,0,15423
5880,0,15423
10410,2,15423
15423,1,5990
15423,1,6325
15423,1,7209
15423,1,9004
15423,1,10246
15423,3,15629
3094,0,15428
3403,0,15428
10410,2,15428
15428,1,6042
15428,1,6056
15428,1,6139
15428,1,6631
15428,1,7429
15428,1,7430
15428,3,14441
15428,3,13499
15428,3,14480
15428,3,14496
15428,3,13491
15428,3,11301
2074,0,15429
2075,0,15429
3335,0,15429
3853,0,15429
10410,2,15429
15429,1,5949
15429,1,5991
15429,1,6788
15429,1,7374
15429,1,7528
15429,1,10249
15429,3,14634
15429,3,13504
15429,3,11354
4230,0,15430
5881,0,15430
5882,0,15430
10410,2,15430
15430,1,6262
15430,1,6295
15430,1,6471
15430,1,10250
15430,3,13898
3002,0,15432
3163,0,15432
4037,0,15432
4988,0,15432
10410,2,15432
15432,1,5921
15432,1,6302
15432,1,7318
15432,1,7597
15432,1,10090
15432,3,14323
15432,3,14735
15432,3,11282
15432,3,15360
15432,3,15100
15432,3,14592
15432,3,14616
362,0,15433
4325,0,15433
10410,2,15433
15433,1,5949
15433,1,6337
15433,1,6475
15433,1,6539
15433,1,7169
15433,3,14808
15433,3,13526
15433,3,14780
15433,3,13070
15433,3,11281
15433,3,15168
15433,3,15177
15433,3,15170
15433,3,15293
15433,3,11404
15433,3,14541
15433,3,11003
1817,0,15434
2141,0,15434
3342,0,15434
3345,0,15434
3352,0,15434
3396,0,15434
3943,0,15434
4610,0,15434
4995,0,15434
4996,0,15434
5846,0,15434
5883,0,15434
5884,0,15434
5885,0,15434
10410,2,15434
15434,1,6258
15434,1,6717
15434,1,7118
15434,1,8926
15434,1,9035
15434,3,14357
15434,3,15431
15434,3,14987
15434,3,14717
15434,3,14847
1434,0,15435
3653,0,15435
3770,0,15435
10410,2,15435
15435,1,5947
15435,1,6185
15435,1,6249
15435,1,6283
15435,1,6424
15435,1,6623
15435,1,7270
15435,1,7590
15435,1,8613
15435,1,8912
15435,3,14556
15435,3,14840
15435,3,14745
15435,3,11441
15435,3,14347
15435,3,10985
1434,0,15436
3653,0,15436
3770,0,15436
10410,2,15436
15436,1,5947
15436,1,6185
15436,1,6249
15436,1,6283
15436,1,6424
15436,1,8912
15436,3,11401
15436,3,14556
15436,3,14745
15436,3,11464
15436,3,15006
15436,3,11441
15436,3,14347
15436,3,10985
3183,0,15437
3406,0,15437
4936,0,15437
4937,0,15437
4938,0,15437
10410,2,15437
15437,1,5970
15437,1,6249
15437,1,6275
15437,1,6276
15437,1,6336
15437,1,6344
15437,1,6420
15437,1,6986
15437,1,8888
15437,1,9204
15437,3,15110
15437,3,15426
1974,0,15438
5886,0,15438
10410,2,15438
15438,1,6308
15438,1,6322
15438,1,6352
15438,1,6363
15438,1,6671
15438,1,6871
15438,1,9209
15438,3,14556
15438,3,14745
15438,3,14898
15438,3,14347
1888,0,15439
1889,0,15439
4257,0,15439
10410,2,15439
15439,1,6337
15439,1,6689
15439,1,7998
15439,1,8522
1889,0,15440
2312,0,15440
4076,0,15440
5780,0,15440
5781,0,15440
10410,2,15440
15440,1,5974
15440,1,6018
15440,1,6156
15440,1,6161
15440,1,6171
15440,1,6475
15440,1,9226
15440,3,14775
239,0,15441
2072,0,15441
3515,0,15441
3624,0,15441
3778,0,15441
5136,0,15441
10410,2,15441
15441,1,5966
15441,1,6021
15441,1,6052
15441,1,6078
15441,1,6250
15441,1,6276
15441,1,6411
15441,1,6733
15441,1,8288
15441,3,14761
15441,3,14454
15441,3,13627
15441,3,13598
15441,3,11695
15441,3,13504
15441,3,14378
1069,0,15442
3778,0,15442
10410,2,15442
15442,1,6206
15442,1,6371
15442,1,6444
15442,3,14331
15442,3,14595
15442,3,13599
15442,3,15397
15442,3,14409
15442,3,14378
15442,3,14541
15442,3,14562
1069,0,15443
3778,0,15443
4170,0,15443
10410,2,15443
15443,1,6247
15443,1,6687
15443,1,7760
15443,1,8288
15443,1,8542
15443,3,14634
15443,3,14763
15443,3,13627
15443,3,15429
15443,3,13551
15443,3,14378
1069,0,15444
3778,0,15444
4945,0,15444
10410,2,15444
15444,1,6247
15444,1,6926
15444,1,7422
15444,1,7423
15444,3,13585
15444,3,14761
15444,3,14476
15444,3,14786
15444,3,14763
15444,3,15219
15444,3,15397
15444,3,15334
15444,3,11664
15444,3,15468
15444,3,13504
15444,3,14378
15444,3,14760
1817,0,15445
2141,0,15445
2492,0,15445
3352,0,15445
3398,0,15445
10410,2,15445
15445,1,6221
15445,1,6250
15445,1,6377
15445,1,7428
15445,1,7430
15445,3,14480
15445,3,14317
15445,3,15103
15445,3,14537
405,0,15446
3080,0,15446
3081,0,15446
10410,2,15446
15446,1,6185
15446,1,6247
15446,1,6337
15446,1,6623
15446,1,7659
15446,1,10126
15446,3,13833
15446,3,14339
15446,3,14810
15446,3,14958
15446,3,14883
15446,3,13807
15446,3,14351
15446,3,11364
15446,3,14590
15446,3,14845
15446,3,14225
15446,3,11581
405,0,15447
3080,0,15447
3081,0,15447
10410,2,15447
15447,1,6005
15447,1,6185
15447,1,6361
15447,1,6485
15447,1,8937
15447,3,13537
15447,3,15322
15447,3,11364
15447,3,14192
15447,3,14225
15447,3,11422
15447,3,10994
2676,0,15448
3082,0,15448
10410,2,15448
15448,1,5936
15448,1,6206
15448,1,6250
15448,1,7540
15448,1,7599
15448,1,7614
15448,1,9057
15448,3,10966
15448,3,11466
135,0,15450
1501,0,15450
2699,0,15450
2914,0,15450
5328,0,15450
5887,0,15450
10410,2,15450
15450,1,6136
15450,1,6250
15450,1,6593
15450,1,7358
15450,1,7863
15450,1,7911
175,0,15452
405,0,15452
2157,0,15452
3054,0,15452
3239,0,15452
4241,0,15452
10410,2,15452
15452,1,5992
15452,1,6046
15452,1,6098
15452,1,7357
15452,1,8238
15452,1,8648
177,0,15453
1997,0,15453
5788,0,15453
5800,0,15453
10410,2,15453
15453,1,6016
15453,1,6892
15453,1,7641
15453,1,8901
15453,1,10251
15453,3,14460
15453,3,14921
15453,3,15387
15453,3,14321
15453,3,14478
15453,3,11387
15453,3,14492
15453,3,14472
4208,0,15454
4300,0,15454
4345,0,15454
10410,2,15454
15454,1,6702
15454,1,6996
15454,1,7040
15454,1,7980
15454,3,14554
15454,3,11036
15454,3,13593
15454,3,15252
15454,3,14987
15454,3,14708
15454,3,14367
381,0,15456
395,0,15456
10410,2,15456
15456,1,6165
15456,1,6226
15456,1,6487
15456,1,9273
15456,1,10252
2964,0,15457
4136,0,15457
5777,0,15457
10410,2,15457
15457,1,6052
15457,1,6086
15457,1,6322
15457,1,6436
15457,1,6482
15457,1,6541
15457,1,7271
15457,1,7337
15457,1,7424
15457,1,8165
15457,3,14599
15457,3,14682
15457,3,14807
15457,3,15202
15457,3,15119
15457,3,14486
181,0,15461
1887,0,15461
2018,0,15461
2021,0,15461
10410,2,15461
15461,1,6022
15461,1,6249
15461,1,6250
15461,1,6696
15461,1,6878
15461,1,7052
15461,1,8604
15461,1,9283
15461,3,14794
15461,3,14752
15461,3,14519
15461,3,15177
15461,3,11390
15461,3,15100
15461,3,14883
15461,3,14440
15461,3,14409
15461,3,14678
181,0,15462
219,0,15462
238,0,15462
1887,0,15462
1959,0,15462
2021,0,15462
10410,2,15462
15462,1,5936
15462,1,5970
15462,1,6249
15462,1,6309
15462,1,6322
15462,1,6337
15462,1,6371
15462,1,6372
15462,1,7052
15462,3,14742
15462,3,14623
15462,3,15110
15462,3,15295
15462,3,14833
15462,3,14845
15462,3,11397
15462,3,11719
1566,0,15463
2206,0,15463
3800,0,15463
3834,0,15463
10410,2,15463
15463,1,5936
15463,1,5949
15463,1,5992
15463,1,6097
15463,1,6127
15463,1,6130
15463,1,6185
15463,1,6416
15463,1,6848
15463,1,7362
15463,3,14415
15463,3,14355
15463,3,15296
15463,3,14943
15463,3,14495
15463,3,15539
879,0,15466
2968,0,15466
3852,0,15466
10410,2,15466
15466,1,6242
15466,1,6250
15466,1,6283
15466,1,7395
15466,1,7470
15466,1,7518
15466,1,7807
15466,1,9836
15466,3,13491
15466,3,15465
1895,0,15469
1896,0,15469
1977,0,15469
1978,0,15469
5888,0,15469
10410,2,15469
15469,1,6045
15469,1,6603
15469,1,10129
15469,1,10253
1820,0,15470
4200,0,15470
10410,2,15470
15470,1,6001
15470,1,6185
15470,1,6303
15470,1,6309
15470,1,6353
15470,1,8987
15470,3,14523
15470,3,15137
15470,3,15377
27,0,15472
3466,0,15472
4956,0,15472
5564,0,15472
5748,0,15472
5749,0,15472
5750,0,15472
10410,2,15472
15472,1,5970
15472,1,6921
15472,1,7470
15472,1,7641
15472,1,7829
15472,3,14819
3466,0,15473
4956,0,15473
5242,0,15473
5318,0,15473
5564,0,15473
5748,0,15473
5749,0,15473
10410,2,15473
15473,1,6185
15473,1,10254
15473,3,14819
2677,0,15475
3747,0,15475
3824,0,15475
10410,2,15475
15475,1,6205
15475,1,6338
15475,1,6435
15475,1,6662
15475,1,6703
15475,1,7571
15475,3,14427
15475,3,11046
15475,3,15189
15475,3,11652
15475,3,14426
15475,3,14717
1887,0,15476
1888,0,15476
3018,0,15476
5789,0,15476
10410,2,15476
15476,1,6197
15476,1,6309
15476,1,6337
15476,1,6436
15476,1,8542
15476,1,10255
15476,3,14402
15476,3,14763
15476,3,14525
15476,3,12892
15476,3,14404
15476,3,11339
15476,3,15161
15476,3,15334
15476,3,11543
15476,3,14383
2773,0,15477
3843,0,15477
4545,0,15477
4897,0,15477
10410,2,15477
15477,1,5987
15477,1,6178
15477,1,6509
15477,1,7969
15477,1,8451
15477,3,14634
15477,3,14763
15477,3,11721
15477,3,15429
15477,3,11618
195,0,15479
673,0,15479
1504,0,15479
4918,0,15479
10410,2,15479
15479,1,6000
15479,1,6509
15479,1,6512
15479,1,7637
15479,1,8899
15479,1,9847
15479,3,14366
15479,3,14569
15479,3,13070
15479,3,14782
15479,3,14573
15479,3,11477
15479,3,11003
15479,3,14713
15479,3,14847
15479,3,14567
1504,0,15480
2373,0,15480
4879,0,15480
4918,0,15480
10410,2,15480
15480,1,6242
15480,1,6280
15480,1,6575
15480,1,6788
15480,1,8555
15480,3,14569
15480,3,14325
15480,3,11845
15480,3,15418
15480,3,11553
15480,3,13100
169,0,15481
1532,0,15481
1888,0,15481
1889,0,15481
2905,0,15481
10410,2,15481
15481,1,5947
15481,1,5996
15481,1,6242
15481,1,6250
15481,1,6731
15481,1,6732
15481,3,14470
382,0,15485
1984,0,15485
10410,2,15485
15485,1,6086
15485,1,6249
15485,1,6250
15485,1,6490
15485,1,6854
15485,1,8066
15485,1,8545
15485,1,8992
15485,3,14512
15485,3,14347
1142,0,15486
2572,0,15486
2573,0,15486
10410,2,15486
15486,1,6185
15486,1,6242
15486,1,6249
15486,1,6272
15486,1,6337
15486,1,6625
15486,3,13157
15486,3,14452
15486,3,14623
15486,3,11891
15486,3,10850
15486,3,12014
1823,0,15488
1824,0,15488
3135,0,15488
10410,2,15488
15488,1,6138
15488,1,6308
15488,1,6361
15488,1,8991
15488,1,9471
15488,3,14757
3673,0,15489
4139,0,15489
4915,0,15489
5571,0,15489
10410,2,15489
15489,1,6205
15489,1,6295
15489,1,6432
15489,1,6987
15489,1,8309
15489,1,10256
15489,3,14888
15489,3,14950
15489,3,14449
15489,3,14382
15489,3,14630
15489,3,11376
235,0,15490
1887,0,15490
2028,0,15490
3210,0,15490
4168,0,15490
5492,0,15490
5889,0,15490
10410,2,15490
15490,1,6249
15490,1,6295
15490,1,6410
15490,1,6761
15490,1,10257
1496,0,15491
1889,0,15491
2969,0,15491
5890,0,15491
10410,2,15491
15491,1,6249
15491,1,6250
15491,1,9796
15491,1,10258
15491,3,14327
15491,3,14734
235,0,15492
1887,0,15492
2018,0,15492
4147,0,15492
10410,2,15492
15492,1,6242
15492,1,6250
15492,1,6280
15492,1,6281
15492,1,6283
15492,1,6435
15492,1,6775
15492,1,7468
15492,1,7655
15492,1,8474
15492,1,8511
15492,3,15449
1846,0,15493
4235,0,15493
10410,2,15493
15493,1,5936
15493,1,5975
15493,1,6250
15493,1,6272
15493,1,6306
15493,1,6541
15493,1,6645
15493,1,8395
15493,1,10259
2090,0,15494
2093,0,15494
4450,0,15494
10410,2,15494
15494,1,6013
15494,1,6185
15494,1,6303
15494,1,6309
15494,1,6511
15494,1,6607
15494,1,8798
15494,1,9016
15494,3,14549
15494,3,14794
15494,3,15360
15494,3,15252
15494,3,15123
15494,3,14958
15494,3,15170
15494,3,14409
15494,3,14835
2991,0,15495
3060,0,15495
3062,0,15495
3163,0,15495
3172,0,15495
3410,0,15495
5891,0,15495
10410,2,15495
15495,1,5915
15495,1,5984
15495,1,6038
15495,1,6220
15495,1,6295
15495,1,6465
15495,1,7597
15495,3,14837
15495,3,14751
15495,3,14436
15495,3,14372
15495,3,14856
15495,3,14442
15495,3,11685
1501,0,15496
2488,0,15496
3243,0,15496
3457,0,15496
10410,2,15496
15496,1,6090
15496,1,6249
15496,1,6337
15496,1,6350
15496,1,7139
15496,1,8555
15496,1,8761
15496,3,15111
181,0,15498
1959,0,15498
2000,0,15498
2001,0,15498
2018,0,15498
2044,0,15498
10410,2,15498
15498,1,6337
15498,1,6665
15498,1,6689
15498,1,8522
15498,3,14366
15498,3,14731
15498,3,15439
15498,3,11466
15498,3,14881
15498,3,14847
15498,3,13393
15498,3,11564
15498,3,11439
15498,3,15108
121,0,15499
1931,0,15499
2749,0,15499
3945,0,15499
10410,2,15499
15499,1,5936
15499,1,6206
15499,1,6303
15499,1,6352
15499,1,6452
15499,1,6653
15499,1,9163
15499,1,10260
15499,3,14836
15499,3,11592
1820,0,15501
3077,0,15501
10410,2,15501
15501,1,6191
15501,1,6295
15501,1,6354
15501,1,6424
15501,1,6475
15501,1,6547
15501,1,6766
15501,1,7282
15501,1,7748
15501,1,9774
15501,1,10261
15501,3,11453
15501,3,14997
15501,3,15070
15501,3,13521
15501,3,14759
54,0,15503
392,0,15503
1871,0,15503
2011,0,15503
10410,2,15503
15503,1,5936
15503,1,6053
15503,1,6136
15503,1,6310
15503,1,6320
15503,1,7789
15503,1,10262
50,0,15505
2119,0,15505
3391,0,15505
10410,2,15505
15505,1,5936
15505,1,5949
15505,1,5992
15505,1,6016
15505,1,6097
15505,1,6433
15505,1,6626
15505,1,7416
15505,1,7918
15505,1,8715
15505,3,14619
15505,3,14355
15505,3,15252
15505,3,14669
15505,3,14465
15505,3,14823
15505,3,12937
15505,3,14841
15505,3,14495
15505,3,14578
366,0,15506
1956,0,15506
2951,0,15506
3163,0,15506
4570,0,15506
10410,2,15506
15506,1,5921
15506,1,6039
15506,1,6249
15506,1,6322
15506,1,6604
15506,1,10263
15506,3,14519
15506,3,15432
15506,3,15100
15506,3,14883
15506,3,14733
15506,3,11727
15506,3,11719
2336,0,15508
2357,0,15508
2646,0,15508
4670,0,15508
10410,2,15508
15508,1,6078
15508,1,6250
15508,1,6435
15508,1,6783
15508,1,8526
15508,1,8603
15508,1,9754
15508,1,10264
15508,3,14402
15508,3,12959
2603,0,15509
2604,0,15509
3093,0,15509
3292,0,15509
10411,2,15509
15509,1,5992
15509,1,6827
15509,1,7318
15509,1,9223
15509,1,10265
15509,1,10266
15509,1,10267
15509,1,10268
15509,3,15008
15509,3,14912
15509,3,13806
15509,3,15605
2603,0,15510
3828,0,15510
10411,2,15510
15510,1,6028
15510,1,6075
15510,1,6242
15510,1,6250
15510,1,7650
15510,3,13806
15510,3,14424
15510,3,13840
943,0,15511
3437,0,15511
3591,0,15511
10411,2,15511
15511,1,5921
15511,1,6185
15511,1,6247
15511,1,6363
15511,1,6568
15511,1,6623
15511,1,6749
15511,1,6848
15511,3,14095
15511,3,10824
572,0,15512
3239,0,15512
4377,0,15512
4946,0,15512
10411,2,15512
15512,1,5990
15512,1,5992
15512,1,6028
15512,1,6159
15512,1,6258
15512,1,6299
15512,1,6555
15512,1,10269
3239,0,15513
4366,0,15513
4502,0,15513
4503,0,15513
10411,2,15513
15513,1,5936
15513,1,5972
15513,1,6765
15513,1,7933
15513,1,10270
572,0,15514
3400,0,15514
3460,0,15514
3828,0,15514
10411,2,15514
15514,1,6124
15514,1,6235
15514,1,6262
15514,1,7757
15514,1,8229
15514,1,10065
15514,1,10271
15514,3,15516
3239,0,15515
3828,0,15515
4366,0,15515
4503,0,15515
10411,2,15515
15515,1,5970
15515,1,6242
15515,1,6352
15515,1,6397
15515,1,6906
15515,1,9323
15515,1,9510
15515,3,14424
572,0,15516
3239,0,15516
4377,0,15516
5795,0,15516
10411,2,15516
15516,1,5992
15516,1,6214
15516,1,6471
15516,1,6648
15516,1,8433
15516,1,9965
15516,1,10272
15516,3,15512
1175,0,15517
1851,0,15517
10411,2,15517
15517,1,5992
15517,1,6303
15517,1,6515
15517,1,6791
15517,1,8783
15517,3,15552
15517,3,15534
2854,0,15518
3458,0,15518
4504,0,15518
10411,2,15518
15518,1,6247
15518,1,6386
15518,1,7518
15518,1,8912
15518,1,10019
15518,3,14114
15518,3,14212
657,0,15519
3258,0,15519
10411,2,15519
15519,1,5992
15519,1,6235
15519,1,6906
15519,1,7177
15519,1,8271
15519,1,8578
15519,3,14184
15519,3,14183
15519,3,12220
15519,3,13798
739,0,15520
3093,0,15520
3848,0,15520
10411,2,15520
15520,1,5945
15520,1,6247
15520,1,6365
15520,1,6623
334,0,15521
2826,0,15521
4279,0,15521
10411,2,15521
15521,1,6007
15521,1,6008
15521,1,6028
15521,1,6836
15521,1,6911
15521,1,7357
15521,1,8238
15521,1,9475
15521,3,15323
2012,0,15522
2819,0,15522
3017,0,15522
10411,2,15522
15522,1,5943
15522,1,5972
15522,1,6249
15522,1,7474
15522,1,8089
739,0,15523
2153,0,15523
3310,0,15523
3311,0,15523
3312,0,15523
10411,2,15523
15523,1,5937
15523,1,6247
15523,1,7577
15523,1,7821
15523,1,8211
15523,1,10052
15523,3,14083
3100,0,15524
3905,0,15524
3906,0,15524
4215,0,15524
10411,2,15524
15524,1,5922
15524,1,7186
15524,1,7863
15524,1,10273
15524,3,13604
15524,3,13611
638,0,15525
1857,0,15525
2547,0,15525
4225,0,15525
4727,0,15525
5893,0,15525
10411,2,15525
15525,1,6055
15525,1,6297
15525,1,6645
15525,1,7518
15525,1,7814
163,0,15526
1023,0,15526
10411,2,15526
15526,1,5936
15526,1,5947
15526,1,5989
15526,1,5992
15526,1,6026
15526,1,6420
15526,1,8410
15526,3,11240
2490,0,15527
3213,0,15527
4134,0,15527
10411,2,15527
15527,1,6605
15527,1,6741
15527,1,8612
15527,1,9863
15527,3,15574
15527,3,13589
15527,3,15528
2490,0,15528
3213,0,15528
10411,2,15528
15528,1,6420
15528,1,6604
15528,1,7420
15528,1,10274
1594,0,15529
5894,0,15529
10411,2,15529
15529,1,5990
15529,1,6301
15529,1,6612
417,0,15530
1880,0,15530
1987,0,15530
10411,2,15530
15530,1,5970
15530,1,6046
15530,1,6249
15530,1,6265
15530,1,6798
15530,1,6841
15530,1,8791
15530,1,8959
15530,3,11036
15530,3,14983
15530,3,14989
15530,3,14898
15530,3,11486
4072,0,15531
5400,0,15531
5611,0,15531
5895,0,15531
5896,0,15531
5897,0,15531
5898,0,15531
10411,2,15531
15531,1,6043
15531,1,6064
15531,1,6214
15531,1,6300
15531,1,6378
365,0,15532
1880,0,15532
2346,0,15532
2682,0,15532
10411,2,15532
15532,1,5992
15532,1,6028
15532,1,6331
15532,1,6439
15532,1,7789
15532,1,9436
3093,0,15533
3211,0,15533
3279,0,15533
10411,2,15533
15533,1,5992
15533,1,6162
15533,1,6272
15533,1,6337
15533,1,6728
15533,1,7543
15533,1,7673
15533,3,15008
15533,3,15543
15533,3,15612
1023,0,15534
1024,0,15534
1400,0,15534
2262,0,15534
2299,0,15534
4119,0,15534
10411,2,15534
15534,1,5937
15534,1,5938
15534,1,5992
15534,1,6290
15534,1,6416
15534,1,7652
15534,1,8377
75,0,15535
76,0,15535
837,0,15535
2143,0,15535
2779,0,15535
5899,0,15535
10411,2,15535
15535,1,6163
15535,1,6353
15535,1,6432
15535,1,8788
2699,0,15536
2860,0,15536
3537,0,15536
4210,0,15536
4211,0,15536
10411,2,15536
15536,1,6249
15536,1,7450
82,0,15537
1320,0,15537
4249,0,15537
4455,0,15537
10411,2,15537
15537,1,5992
15537,1,6071
15537,1,7398
15537,1,9227
15537,3,14912
15537,3,14424
15537,3,15538
15537,3,15053
15537,3,15054
15537,3,13900
15537,3,15612
15537,3,12301
1320,0,15538
4455,0,15538
5821,0,15538
10411,2,15538
15538,1,6018
15538,1,6282
15538,1,6452
15538,1,6453
15538,1,6728
15538,1,7577
15538,1,8824
15538,3,14424
15538,3,15053
15538,3,14086
15538,3,12301
2639,0,15539
5507,0,15539
10411,2,15539
15539,1,5936
15539,1,5991
15539,1,6086
15539,1,6237
15539,1,6575
15539,1,10275
15539,3,14499
1658,0,15540
2126,0,15540
2206,0,15540
10411,2,15540
15540,1,5992
15540,1,6071
15540,1,6206
15540,1,6716
15540,1,6783
15540,1,7252
15540,1,7807
15540,1,7821
15540,1,7918
15540,1,8612
114,0,15541
1434,0,15541
10411,2,15541
15541,1,6462
15541,1,6857
15541,1,8066
15541,1,8878
15541,1,8912
15541,1,9482
15541,3,13513
15541,3,14452
15541,3,15287
15541,3,14788
15541,3,14347
763,0,15542
2607,0,15542
10411,2,15542
15542,1,5947
15542,1,5970
15542,1,6247
15542,1,6322
15542,1,6351
15542,1,6623
15542,1,6656
15542,1,6801
1942,0,15543
4566,0,15543
10411,2,15543
15543,1,6304
15543,1,8885
15543,3,14456
15543,3,15008
15543,3,15053
4538,0,15544
4566,0,15544
10411,2,15544
15544,1,6093
15544,1,6247
15544,1,6716
15544,1,7604
15544,1,8799
15544,3,15008
797,0,15545
2842,0,15545
2852,0,15545
5900,0,15545
10411,2,15545
15545,1,5947
15545,1,5992
15545,1,6619
15545,1,7204
15545,3,14341
15545,3,15040
15545,3,15578
15545,3,14791
15545,3,14845
3311,0,15546
3312,0,15546
3467,0,15546
3867,0,15546
5485,0,15546
10411,2,15546
15546,1,6163
15546,1,7218
15546,1,7617
15546,1,7821
15546,1,9960
15546,3,15523
15546,3,15560
769,0,15547
807,0,15547
1740,0,15547
10411,2,15547
15547,1,5921
15547,1,6146
15547,1,6282
15547,1,6625
15547,1,6939
15547,1,6972
15547,1,7585
15547,1,7593
15547,3,13831
807,0,15548
1566,0,15548
1758,0,15548
2206,0,15548
10411,2,15548
15548,1,5970
15548,1,6185
15548,1,6407
15548,1,6485
15548,1,7770
15548,3,14267
15548,3,14095
15548,3,14137
429,0,15549
2051,0,15549
4367,0,15549
4368,0,15549
4369,0,15549
10411,2,15549
15549,1,5992
15549,1,6001
15549,1,6206
15549,1,6250
15549,1,7472
15549,1,8395
15549,1,10134
862,0,15550
2204,0,15550
2320,0,15550
10411,2,15550
15550,1,5992
15550,1,6013
15550,1,6247
15550,1,6716
15550,1,7277
15550,1,7729
15550,1,7795
15550,3,13806
15550,3,15053
338,0,15551
980,0,15551
2453,0,15551
3292,0,15551
3468,0,15551
3828,0,15551
4227,0,15551
4377,0,15551
4645,0,15551
4723,0,15551
5825,0,15551
10411,2,15551
15551,1,5947
15551,1,5992
15551,1,6343
15551,1,6550
15551,1,6580
15551,1,9961
15551,1,10276
15551,3,15512
834,0,15552
1193,0,15552
1195,0,15552
1357,0,15552
10411,2,15552
15552,1,5921
15552,1,5947
15552,1,5950
15552,1,5992
15552,1,7139
15552,3,15534
15552,3,14424
15552,3,14495
15552,3,12237
15552,3,15306
15552,3,14826
521,0,15553
835,0,15553
868,0,15553
870,0,15553
871,0,15553
872,0,15553
873,0,15553
874,0,15553
875,0,15553
10411,2,15553
15553,1,5945
15553,1,5992
15553,1,6086
15553,1,6237
15553,1,6354
15553,1,7281
15553,1,10277
15553,3,15551
15553,3,10945
15553,3,10543
876,0,15554
2542,0,15554
2604,0,15554
3146,0,15554
4645,0,15554
4674,0,15554
5401,0,15554
10411,2,15554
15554,1,5992
15554,1,6124
15554,1,9897
15554,3,13806
15554,3,15054
15554,3,13676
15554,3,15563
15554,3,13981
15554,3,14031
15554,3,15612
2867,0,15555
2948,0,15555
3537,0,15555
10411,2,15555
15555,1,6003
15555,1,6055
15555,1,6249
15555,1,6311
15555,3,14465
15555,3,13546
15555,3,15536
3211,0,15556
3279,0,15556
5482,0,15556
5483,0,15556
10411,2,15556
15556,1,5992
15556,1,6089
15556,1,6354
15556,1,6426
15556,1,6475
15556,1,6644
15556,3,15008
15556,3,15612
942,0,15557
943,0,15557
2082,0,15557
3589,0,15557
10411,2,15557
15557,1,6034
15557,1,6185
15557,1,6895
15557,1,7954
15557,1,9926
15557,3,10788
1836,0,15558
2875,0,15558
3359,0,15558
10411,2,15558
15558,1,5972
15558,1,5990
15558,1,5992
15558,1,6045
15558,1,6117
15558,1,6249
15558,1,6412
15558,1,10046
1849,0,15559
3459,0,15559
4038,0,15559
10411,2,15559
15559,1,6010
15559,1,6326
15559,1,7069
15559,1,10278
2826,0,15560
2827,0,15560
3846,0,15560
10411,2,15560
15560,1,5992
15560,1,6046
15560,1,6471
15560,1,7617
15560,1,8105
15560,1,10279
15560,3,14483
15560,3,15381
841,0,15561
918,0,15561
1007,0,15561
10411,2,15561
15561,1,5996
15561,1,6086
15561,1,6723
15561,1,7616
15561,1,7617
15561,1,10280
15561,1,10281
15561,3,13876
15561,3,13831
15561,3,13776
1646,0,15562
2831,0,15562
3738,0,15562
5486,0,15562
5487,0,15562
10411,2,15562
15562,1,6046
15562,1,6165
15562,1,6250
15562,1,6476
15562,1,6589
15562,1,6848
15562,3,14534
15562,3,15646
82,0,15563
943,0,15563
2082,0,15563
3589,0,15563
5190,0,15563
10411,2,15563
15563,1,5970
15563,1,5986
15563,1,5992
15563,1,6071
15563,1,6644
15563,1,6718
15563,3,14424
127,0,15564
3457,0,15564
3591,0,15564
3636,0,15564
10411,2,15564
15564,1,5992
15564,1,6000
15564,1,6250
15564,1,6386
15564,1,6631
15564,1,8884
15564,3,13064
15564,3,12847
15564,3,15084
15564,3,15112
15564,3,15124
15564,3,14579
15564,3,14192
15564,3,14225
974,0,15565
1023,0,15565
1400,0,15565
3016,0,15565
10411,2,15565
15565,1,5941
15565,1,6116
15565,1,6126
15565,1,6617
15565,3,13508
15565,3,14770
1812,0,15566
3182,0,15566
5901,0,15566
5902,0,15566
10411,2,15566
15566,1,5936
15566,1,6237
15566,1,6346
15566,1,6471
15566,1,7588
15566,1,8994
1195,0,15567
3366,0,15567
3367,0,15567
4324,0,15567
10411,2,15567
15567,1,5947
15567,1,5992
15567,1,6028
15567,1,6136
15567,1,6250
15567,1,6653
15567,1,10283
15567,3,14495
15567,3,15552
15567,3,15252
15567,3,15600
15567,3,11621
2475,0,15568
4333,0,15568
4891,0,15568
10411,2,15568
15568,1,5992
15568,1,6676
15568,1,7396
15568,1,7613
15568,1,8434
2031,0,15569
2721,0,15569
4005,0,15569
4217,0,15569
4218,0,15569
4219,0,15569
4622,0,15569
10411,2,15569
15569,1,6249
15569,1,6309
15569,1,6423
15569,1,9164
15569,1,10284
3094,0,15570
5407,0,15570
10411,2,15570
15570,1,5992
15570,1,6247
15570,1,7126
15570,1,7617
15570,3,12953
1523,0,15571
2458,0,15571
2972,0,15571
4759,0,15571
10411,2,15571
15571,1,5992
15571,1,6091
15571,1,6247
15571,1,6351
15571,1,6614
15571,3,14424
1610,0,15572
3303,0,15572
3940,0,15572
5378,0,15572
10411,2,15572
15572,1,6185
15572,1,6247
15572,1,7054
15572,1,7585
15572,3,13776
285,0,15573
1608,0,15573
10411,2,15573
15573,1,5947
15573,1,5992
15573,1,6047
15573,1,6162
15573,1,6471
15573,1,7673
15573,1,10285
15573,1,10286
15573,3,15614
15573,3,15627
1318,0,15574
4063,0,15574
4632,0,15574
4759,0,15574
10411,2,15574
15574,1,5918
15574,1,6605
15574,1,6838
15574,1,9397
15574,1,9608
15574,3,13806
15574,3,15537
15574,3,15570
66,0,15575
70,0,15575
10411,2,15575
15575,1,5992
15575,1,6420
15575,1,6547
15575,1,7158
15575,1,8922
15575,1,10287
802,0,15576
1023,0,15576
10411,2,15576
15576,1,5938
15576,1,5947
15576,1,5992
15576,1,6077
15576,1,10288
802,0,15577
1023,0,15577
10411,2,15577
15577,1,5972
15577,1,6265
15577,1,8156
15577,1,8437
15577,3,15565
797,0,15578
2842,0,15578
2852,0,15578
2885,0,15578
2886,0,15578
10411,2,15578
15578,1,5972
15578,1,6185
15578,1,6520
15578,1,7652
15578,1,10289
15578,3,14605
15578,3,14461
15578,3,14341
15578,3,14460
15578,3,14465
15578,3,14510
15578,3,14628
15578,3,14629
15578,3,15240
15578,3,11620
2163,0,15579
2165,0,15579
3575,0,15579
5903,0,15579
10411,2,15579
15579,1,6906
15579,1,7205
15579,1,8072
1603,0,15580
2131,0,15580
3850,0,15580
10411,2,15580
15580,1,6065
15580,1,6204
15580,1,6263
15580,1,6276
15580,1,6483
15580,1,6484
15580,1,7897
15580,3,13835
15580,3,13898
15580,3,13779
15580,3,14293
15580,3,13806
15580,3,14265
15580,3,15597
3,0,15581
21,0,15581
2688,0,15581
10411,2,15581
15581,1,5936
15581,1,5992
15581,1,6131
15581,1,6346
15581,1,7255
15581,1,8879
15581,3,13806
15581,3,12137
51,0,15582
595,0,15582
1477,0,15582
10411,2,15582
15582,1,5992
15582,1,6001
15582,1,6046
15582,1,6054
15582,1,6086
15582,1,6136
15582,1,6309
15582,1,6471
1603,0,15583
2074,0,15583
2087,0,15583
4749,0,15583
10411,2,15583
15583,1,5992
15583,1,6644
15583,1,6919
15583,1,7527
15583,1,7776
1821,0,15584
2117,0,15584
2681,0,15584
3510,0,15584
4237,0,15584
10411,2,15584
15584,1,5970
15584,1,5992
15584,1,6001
15584,1,6425
15584,1,6470
15584,1,7894
15584,3,14982
15584,3,15008
15584,3,13882
15584,3,14799
15584,3,14845
1603,0,15585
2074,0,15585
2087,0,15585
3862,0,15585
4157,0,15585
4158,0,15585
10411,2,15585
15585,1,5992
15585,1,6013
15585,1,6241
15585,1,6303
15585,1,6310
15585,1,7484
15585,1,8670
15585,1,9385
15585,1,9959
15585,3,15586
15585,3,14673
15585,3,15603
15585,3,15308
15585,3,15549
15585,3,10864
15585,3,14417
1603,0,15586
2074,0,15586
2087,0,15586
4157,0,15586
4158,0,15586
10411,2,15586
15586,1,5992
15586,1,6027
15586,1,6028
15586,1,6206
15586,1,6250
15586,1,7136
15586,1,9002
15586,1,9611
15586,1,9965
15586,3,15549
15586,3,15308
15586,3,15603
15586,3,14673
15586,3,10864
429,0,15587
3029,0,15587
3249,0,15587
10411,2,15587
15587,1,6139
15587,1,6337
15587,1,6604
15587,1,6645
15587,1,7833
15587,1,10290
15587,3,15603
209,0,15588
588,0,15588
5904,0,15588
10411,2,15588
15588,1,5992
15588,1,6779
15588,1,6842
15588,1,7155
15588,1,7586
15588,1,8392
15588,3,13021
15588,3,15515
15588,3,12220
15588,3,12876
15588,3,15560
15588,3,15553
15588,3,13002
15588,3,15639
378,0,15589
408,0,15589
2145,0,15589
4563,0,15589
5905,0,15589
10411,2,15589
15589,1,5945
15589,1,6079
15589,1,6181
15589,1,6193
15589,1,6247
15589,1,6344
15589,1,6606
15589,1,6744
15589,1,10291
15589,3,14155
15589,3,14037
15589,3,13960
15589,3,10844
15589,3,14154
15589,3,14039
209,0,15590
3817,0,15590
5296,0,15590
10411,2,15590
15590,1,5992
15590,1,6300
15590,1,7014
15590,1,8922
15590,3,14483
15590,3,12860
15590,3,13033
15590,3,13005
15590,3,15575
15590,3,15612
9,0,15591
5342,0,15591
5906,0,15591
5907,0,15591
10411,2,15591
15591,1,6084
15591,1,6118
15591,1,6167
15591,1,6509
15591,1,6736
15591,1,7369
15591,1,8471
128,0,15592
1582,0,15592
4495,0,15592
4751,0,15592
10411,2,15592
15592,1,5915
15592,1,7154
15592,1,7589
15592,1,8085
15592,1,8335
15592,1,8660
15592,1,9440
15592,3,14104
228,0,15593
4566,0,15593
5323,0,15593
10411,2,15593
15593,1,5915
15593,1,5992
15593,1,6084
15593,1,6239
15593,1,6247
15593,1,6835
15593,3,14458
15593,3,13998
15593,3,14281
104,0,15594
1402,0,15594
1617,0,15594
2971,0,15594
3016,0,15594
10411,2,15594
15594,1,5950
15594,1,6124
15594,1,6303
15594,1,6508
15594,1,6653
15594,1,7980
3310,0,15595
3311,0,15595
10411,2,15595
15595,1,5992
15595,1,6247
15595,1,7451
15595,1,8007
15595,1,8567
15595,1,10292
15595,3,14620
15595,3,13952
67,0,15596
5908,0,15596
10411,2,15596
15596,1,6432
15596,1,6738
15596,1,6827
15596,1,6884
15596,1,7365
15596,1,7614
15596,1,7644
15596,1,7645
15596,1,9903
1686,0,15597
1731,0,15597
2087,0,15597
2583,0,15597
2584,0,15597
4749,0,15597
10411,2,15597
15597,1,5992
15597,1,6052
15597,1,6300
15597,1,6483
15597,1,7329
15597,1,7361
15597,1,7577
15597,1,9197
156,0,15598
580,0,15598
3306,0,15598
5892,0,15598
10411,2,15598
15598,1,5992
15598,1,6136
15598,1,6341
15598,1,6568
15598,1,7121
15598,1,10136
15598,3,15540
15598,3,15582
15598,3,15546
15598,3,15523
15598,3,15560
868,0,15599
1195,0,15599
1580,0,15599
2713,0,15599
10411,2,15599
15599,1,5947
15599,1,6240
15599,3,13526
15599,3,15552
15599,3,15251
15599,3,14495
434,0,15600
913,0,15600
1400,0,15600
2142,0,15600
2197,0,15600
4575,0,15600
4626,0,15600
4777,0,15600
5592,0,15600
10411,2,15600
15600,1,5936
15600,1,6653
15600,1,7652
15600,1,7933
15600,1,8751
15600,1,10293
15600,3,15192
913,0,15601
2344,0,15601
2511,0,15601
2556,0,15601
2557,0,15601
2558,0,15601
3136,0,15601
10411,2,15601
15601,1,5936
15601,1,6079
15601,1,6091
15601,1,6176
15601,1,6326
15601,1,6352
15601,1,7652
15601,1,7937
15601,3,15600
1566,0,15602
2206,0,15602
3332,0,15602
5909,0,15602
10411,2,15602
15602,1,5977
15602,1,5980
15602,1,5992
15602,1,6012
15602,1,6064
15602,1,6833
15602,1,9294
15602,3,12937
15602,3,13823
15602,3,15544
15602,3,13002
15602,3,15630
15602,3,15645
429,0,15603
2051,0,15603
3029,0,15603
3462,0,15603
4800,0,15603
10411,2,15603
15603,1,6252
15603,1,6306
15603,1,6352
15603,1,6425
15603,1,6471
15603,1,6645
15603,1,7000
15603,1,10294
15603,3,15646
2074,0,15604
2075,0,15604
4565,0,15604
10411,2,15604
15604,1,6075
15604,1,6283
15604,1,6780
15604,1,8411
15604,3,14687
15604,3,12854
15604,3,14311
15604,3,15084
15604,3,15293
15604,3,15103
15604,3,14541
15604,3,14475
15604,3,14537
15604,3,12811
15604,3,10767
15604,3,11452
15604,3,10822
15604,3,11563
1766,0,15605
3328,0,15605
4566,0,15605
10411,2,15605
15605,1,5992
15605,1,6029
15605,1,6247
15605,1,6269
15605,1,6426
15605,1,6623
15605,1,7318
15605,3,15584
15605,3,14456
15605,3,15008
15605,3,14912
2475,0,15606
10411,2,15606
15606,1,5992
15606,1,6474
15606,1,6642
15606,1,7119
15606,1,7195
15606,1,8081
15606,1,8506
15606,3,12099
1124,0,15607
3276,0,15607
3296,0,15607
4700,0,15607
4716,0,15607
4750,0,15607
10411,2,15607
15607,1,6263
15607,1,6652
15607,1,7556
15607,1,10296
2867,0,15608
4221,0,15608
10411,2,15608
15608,1,5990
15608,1,5992
15608,1,8912
15608,3,15558
3123,0,15609
3480,0,15609
3482,0,15609
3560,0,15609
5910,0,15609
5911,0,15609
10411,2,15609
15609,1,5936
15609,1,5992
15609,1,6051
15609,1,6197
15609,1,6247
15609,1,6432
15609,1,6466
15609,1,7222
15609,1,7262
15609,3,15584
15609,3,14159
15609,3,14192
15609,3,13875
2697,0,15610
2738,0,15610
10411,2,15610
15610,1,5947
15610,1,6606
15610,1,8583
15610,1,8785
15610,1,10297
15610,1,10298
15610,1,10299
15610,3,15637
15610,3,15540
15610,3,15551
15610,3,15510
15610,3,15296
15610,3,15539
15610,3,15535
15610,3,15523
15610,3,11596
15610,3,15624
15610,3,15630
15610,3,13148
15610,3,15647
65,0,15611
2649,0,15611
10411,2,15611
15611,1,5992
15611,1,6088
15611,1,6606
15611,1,6644
15611,1,7155
15611,1,8508
15611,1,10300
15611,3,15590
15611,3,11561
15611,3,15110
3211,0,15612
3279,0,15612
10411,2,15612
15612,1,6421
15612,1,6435
15612,1,6644
15612,1,6728
15612,1,8015
15612,1,10301
802,0,15613
2867,0,15613
10411,2,15613
15613,1,5992
15613,1,6249
15613,1,6409
15613,1,7112
15613,1,7652
15613,3,14465
15613,3,14510
15613,3,15252
15613,3,15288
15613,3,11621
3000,0,15614
3123,0,15614
3489,0,15614
3572,0,15614
10411,2,15614
15614,1,5915
15614,1,5970
15614,1,5992
15614,1,6050
15614,1,6237
15614,1,7385
15614,1,7585
15614,1,8810
15614,3,15296
15614,3,15026
15614,3,13002
15614,3,11057
754,0,15615
1278,0,15615
3278,0,15615
3309,0,15615
10411,2,15615
15615,1,5978
15615,1,5992
15615,1,6242
15615,1,6569
15615,1,8110
2883,0,15616
3707,0,15616
5775,0,15616
10411,2,15616
15616,1,6185
15616,1,6249
15616,1,6412
15616,1,6520
15616,1,6759
15616,1,8367
15616,1,10302
15616,3,14957
2548,0,15617
4162,0,15617
4238,0,15617
10411,2,15617
15617,1,5936
15617,1,6087
15617,1,6321
15617,1,6443
15617,1,7005
15617,1,7606
15617,1,10213
15617,3,14898
2198,0,15618
2308,0,15618
2741,0,15618
2977,0,15618
10411,2,15618
15618,1,5921
15618,1,5950
15618,1,5990
15618,1,5992
15618,1,6097
15618,1,6340
15618,1,6938
15618,1,7958
2998,0,15619
3376,0,15619
10411,2,15619
15619,1,6249
15619,1,6322
15619,1,6344
15619,1,8676
15619,1,10303
15619,3,14319
15619,3,14512
15619,3,14516
15619,3,15536
15619,3,14363
961,0,15620
962,0,15620
964,0,15620
2160,0,15620
10411,2,15620
15620,1,5936
15620,1,6087
15620,1,6131
15620,1,6583
15620,1,6627
15620,1,7200
15620,3,13965
15620,3,12828
1483,0,15621
1772,0,15621
2643,0,15621
3142,0,15621
5912,0,15621
10411,2,15621
15621,1,5992
15621,1,6363
15621,1,6485
15621,1,6749
15621,3,10945
15621,3,15511
1654,0,15622
3736,0,15622
3737,0,15622
4455,0,15622
10411,2,15622
15622,1,6363
15622,1,6749
15622,1,7062
15622,1,8872
15622,3,13857
15622,3,14223
15622,3,13896
15622,3,10945
15622,3,12237
15622,3,13855
15622,3,15511
15622,3,15553
532,0,15623
1678,0,15623
2697,0,15623
10411,2,15623
15623,1,6471
15623,1,6564
15623,1,6606
15623,1,6866
15623,1,8377
15623,1,8491
15623,3,15637
15623,3,15551
15623,3,14499
15623,3,10790
15623,3,12065
184,0,15624
244,0,15624
394,0,15624
3738,0,15624
10411,2,15624
15624,1,5915
15624,1,5992
15624,1,6075
15624,1,6188
15624,1,6644
15624,1,7063
15624,1,7651
15624,3,15510
1736,0,15625
1767,0,15625
10411,2,15625
15625,1,5936
15625,1,6124
15625,1,6214
15625,1,6247
15625,1,6353
15625,1,6623
15625,1,7143
15625,1,7433
15625,1,7501
15625,1,8074
15625,3,13896
15625,3,15571
15625,3,15582
2688,0,15626
2755,0,15626
2756,0,15626
10411,2,15626
15626,1,5921
15626,1,6156
15626,1,6303
15626,1,6505
15626,1,6798
1608,0,15627
5913,0,15627
10411,2,15627
15627,1,5929
15627,1,5970
15627,1,5992
15627,1,6887
15627,1,7194
15627,1,7735
15627,1,9655
15627,3,15538
15627,3,12253
15627,3,12301
15627,3,12224
332,0,15628
339,0,15628
340,0,15628
362,0,15628
10411,2,15628
15628,1,5992
15628,1,6028
15628,1,6250
15628,1,6589
15628,1,8181
15628,1,10305
15628,3,15586
15628,3,15562
376,0,15629
1871,0,15629
5243,0,15629
10411,2,15629
15629,1,5992
15629,1,6003
15629,1,6046
15629,1,6136
15629,1,6325
15629,1,6331
15629,1,6884
15629,1,7209
15629,1,9990
15629,1,10246
1565,0,15630
1566,0,15630
2206,0,15630
4162,0,15630
10411,2,15630
15630,1,5921
15630,1,5978
15630,1,5992
15630,1,6534
15630,1,6644
15630,1,8402
15630,3,15637
15630,3,15566
15630,3,15510
15630,3,11873
15630,3,13148
428,0,15631
429,0,15631
10411,2,15631
15631,1,6028
15631,1,6353
15631,1,9434
15631,1,10306
15631,1,10307
15631,1,10308
4315,0,15632
4366,0,15632
10411,2,15632
15632,1,5992
15632,1,6242
15632,1,6516
15632,1,7412
15632,1,7614
15632,1,7770
244,0,15633
1848,0,15633
3209,0,15633
10411,2,15633
15633,1,6136
15633,1,6352
15633,1,6947
15633,1,7562
15633,1,7806
15633,1,8225
15633,1,10309
15633,1,10310
1540,0,15634
1929,0,15634
1930,0,15634
4119,0,15634
10411,2,15634
15634,1,6016
15634,1,6131
15634,1,6303
15634,1,6371
15634,1,6444
15634,1,7652
15634,1,8791
15634,3,15545
15634,3,11639
15634,3,15478
15634,3,14591
15634,3,14777
15634,3,14776
15634,3,15333
1903,0,15635
1904,0,15635
2654,0,15635
10411,2,15635
15635,1,5936
15635,1,5992
15635,1,6084
15635,1,6206
15635,1,6247
15635,1,6368
15635,1,6652
15635,1,7235
15635,1,9211
15635,3,15570
15635,3,13965
15635,3,10966
15635,3,14104
15635,3,12137
263,0,15636
1982,0,15636
2336,0,15636
2582,0,15636
10411,2,15636
15636,1,5977
15636,1,5992
15636,1,6156
15636,1,7886
15636,1,8071
15636,1,9743
1502,0,15637
1566,0,15637
2206,0,15637
2632,0,15637
10411,2,15637
15637,1,5970
15637,1,5992
15637,1,6086
15637,1,6255
15637,1,6432
15637,1,6452
15637,1,6453
15637,1,6484
15637,1,6716
15637,1,8070
15637,3,14499
37,0,15638
352,0,15638
392,0,15638
1859,0,15638
1871,0,15638
10411,2,15638
15638,1,5992
15638,1,6045
15638,1,6046
15638,1,6331
15638,1,6421
15638,3,15323
209,0,15639
1478,0,15639
10411,2,15639
15639,1,5936
15639,1,5967
15639,1,5992
15639,1,6050
15639,1,6237
15639,1,6250
15639,1,6380
15639,3,14499
15639,3,10957
15639,3,15510
15639,3,15296
15639,3,14657
15639,3,15539
15639,3,13002
15639,3,15624
15639,3,15614
15639,3,15630
1146,0,15640
2413,0,15640
10411,2,15640
15640,1,5970
15640,1,5992
15640,1,6000
15640,1,6065
15640,1,6297
15640,1,6525
15640,1,7768
15640,3,13897
15640,3,15552
15640,3,10743
165,0,15641
278,0,15641
322,0,15641
323,0,15641
324,0,15641
10411,2,15641
15641,1,5947
15641,1,6003
15641,1,6124
15641,1,6369
15641,1,7724
15641,3,10969
15641,3,14085
15641,3,14164
2090,0,15642
2093,0,15642
2095,0,15642
3982,0,15642
4982,0,15642
10411,2,15642
15642,1,5915
15642,1,6081
15642,1,6247
15642,1,7604
15642,1,8252
15642,1,8366
15642,3,14499
15642,3,15296
15642,3,14918
15642,3,15539
15642,3,11873
15642,3,13002
2090,0,15643
2093,0,15643
2095,0,15643
5914,0,15643
10411,2,15643
15643,1,6095
15643,1,6312
15643,1,6428
15643,1,6623
15643,1,6645
15643,3,14415
15643,3,11005
15643,3,14268
15643,3,13826
15643,3,15123
15643,3,15122
15643,3,15301
880,0,15644
2665,0,15644
4385,0,15644
10411,2,15644
15644,1,5936
15644,1,6272
15644,1,6283
15644,1,6373
15644,1,6816
15644,1,8877
1534,0,15645
1598,0,15645
1803,0,15645
2206,0,15645
2388,0,15645
2389,0,15645
2390,0,15645
10411,2,15645
15645,1,5980
15645,1,5996
15645,1,6052
15645,1,6067
15645,1,6250
15645,1,6311
15645,1,6420
15645,1,6538
15645,1,7250
15645,1,8548
15645,3,13965
15645,3,13806
15645,3,14266
227,0,15646
1645,0,15646
1646,0,15646
3738,0,15646
10411,2,15646
15646,1,5992
15646,1,6001
15646,1,6027
15646,1,6046
15646,1,6306
15646,1,6331
15646,1,6354
15646,1,6376
15646,1,6475
1146,0,15647
2412,0,15647
10411,2,15647
15647,1,5970
15647,1,5996
15647,1,6163
15647,1,6538
15647,1,7412
15647,1,7735
15647,1,7821
15647,3,15637
15647,3,15540
15647,3,15510
15647,3,13148
112,0,15648
961,0,15648
1098,0,15648
1099,0,15648
10411,2,15648
15648,1,6018
15648,1,6432
15648,1,6483
15648,1,6583
15648,1,7467
15648,1,9937
15648,3,13965
15648,3,10966
15648,3,14162
15648,3,14077
15648,3,12837
15648,3,15620
15648,3,15589
